0 verbose cli /opt/homebrew/Cellar/node/25.9.0_3/bin/node /opt/homebrew/bin/npm
1 info using npm@11.12.1
2 info using node@v25.9.0
3 silly config load:file:/opt/homebrew/lib/node_modules/npm/npmrc
4 silly config load:file:/Users/vanessamelendez/Documents/Codex/2026-08-09/nessie-portfolio/.npmrc
5 silly config load:file:/Users/vanessamelendez/.npmrc
6 silly config load:file:/opt/homebrew/etc/npmrc
7 verbose title npm install
8 verbose argv "install" "--no-audit" "--no-fund"
9 verbose logfile logs-max:10 dir:/Users/vanessamelendez/Documents/Codex/2026-08-09/nessie-portfolio/.npm-cache/_logs/2026-08-09T14_51_11_699Z-
10 verbose logfile /Users/vanessamelendez/Documents/Codex/2026-08-09/nessie-portfolio/.npm-cache/_logs/2026-08-09T14_51_11_699Z-debug-0.log
11 silly logfile done cleaning log files
12 silly packumentCache heap:4496293888 maxSize:1124073472 maxEntrySize:562036736
13 silly idealTree buildDeps
14 silly reify mark retired [
14 silly reify   '/Users/vanessamelendez/Documents/Codex/2026-08-09/nessie-portfolio/node_modules/acorn'
14 silly reify ]
15 silly reify mark retired [
15 silly reify   '/Users/vanessamelendez/Documents/Codex/2026-08-09/nessie-portfolio/node_modules/acorn-loose'
15 silly reify ]
16 silly reify mark retired [
16 silly reify   '/Users/vanessamelendez/Documents/Codex/2026-08-09/nessie-portfolio/node_modules/aria-query'
16 silly reify ]
17 silly reify mark retired [
17 silly reify   '/Users/vanessamelendez/Documents/Codex/2026-08-09/nessie-portfolio/node_modules/array-includes'
17 silly reify ]
18 silly reify mark retired [
18 silly reify   '/Users/vanessamelendez/Documents/Codex/2026-08-09/nessie-portfolio/node_modules/array-buffer-byte-length'
18 silly reify ]
19 silly reify mark retired [
19 silly reify   '/Users/vanessamelendez/Documents/Codex/2026-08-09/nessie-portfolio/node_modules/array.prototype 2.flat'
19 silly reify ]
20 silly reify mark retired [
20 silly reify   '/Users/vanessamelendez/Documents/Codex/2026-08-09/nessie-portfolio/node_modules/array.prototype.findlast'
20 silly reify ]
21 silly reify mark retired [
21 silly reify   '/Users/vanessamelendez/Documents/Codex/2026-08-09/nessie-portfolio/node_modules/array.prototype.flat'
21 silly reify ]
22 silly reify mark retired [
22 silly reify   '/Users/vanessamelendez/Documents/Codex/2026-08-09/nessie-portfolio/node_modules/array.prototype.flatmap'
22 silly reify ]
23 silly reify mark retired [
23 silly reify   '/Users/vanessamelendez/Documents/Codex/2026-08-09/nessie-portfolio/node_modules/array.prototype.tosorted'
23 silly reify ]
24 silly reify mark retired [
24 silly reify   '/Users/vanessamelendez/Documents/Codex/2026-08-09/nessie-portfolio/node_modules/array.prototype 2.flatmap'
24 silly reify ]
25 silly reify mark retired [
25 silly reify   '/Users/vanessamelendez/Documents/Codex/2026-08-09/nessie-portfolio/node_modules/arraybuffer.prototype 2.slice'
25 silly reify ]
26 silly reify mark retired [
26 silly reify   '/Users/vanessamelendez/Documents/Codex/2026-08-09/nessie-portfolio/node_modules/arraybuffer.prototype.slice'
26 silly reify ]
27 silly reify mark retired [
27 silly reify   '/Users/vanessamelendez/Documents/Codex/2026-08-09/nessie-portfolio/node_modules/ast-types-flow'
27 silly reify ]
28 silly reify mark retired [
28 silly reify   '/Users/vanessamelendez/Documents/Codex/2026-08-09/nessie-portfolio/node_modules/async-function'
28 silly reify ]
29 silly reify mark retired [
29 silly reify   '/Users/vanessamelendez/Documents/Codex/2026-08-09/nessie-portfolio/node_modules/available-typed-arrays'
29 silly reify ]
30 silly reify mark retired [
30 silly reify   '/Users/vanessamelendez/Documents/Codex/2026-08-09/nessie-portfolio/node_modules/array.prototype 2.tosorted'
30 silly reify ]
31 silly reify mark retired [
31 silly reify   '/Users/vanessamelendez/Documents/Codex/2026-08-09/nessie-portfolio/node_modules/axe-core'
31 silly reify ]
32 silly reify mark retired [
32 silly reify   '/Users/vanessamelendez/Documents/Codex/2026-08-09/nessie-portfolio/node_modules/axe-core 2'
32 silly reify ]
33 silly reify mark retired [
33 silly reify   '/Users/vanessamelendez/Documents/Codex/2026-08-09/nessie-portfolio/node_modules/axobject-query'
33 silly reify ]
34 silly reify mark retired [
34 silly reify   '/Users/vanessamelendez/Documents/Codex/2026-08-09/nessie-portfolio/node_modules/array-buffer-byte-length 2'
34 silly reify ]
35 silly reify mark retired [
35 silly reify   '/Users/vanessamelendez/Documents/Codex/2026-08-09/nessie-portfolio/node_modules/base64-js'
35 silly reify ]
36 silly reify mark retired [
36 silly reify   '/Users/vanessamelendez/Documents/Codex/2026-08-09/nessie-portfolio/node_modules/ast-types-flow 2'
36 silly reify ]
37 silly reify mark retired [
37 silly reify   '/Users/vanessamelendez/Documents/Codex/2026-08-09/nessie-portfolio/node_modules/baseline-browser-mapping'
37 silly reify ]
38 silly reify mark retired [
38 silly reify   '/Users/vanessamelendez/Documents/Codex/2026-08-09/nessie-portfolio/node_modules/blake3-wasm'
38 silly reify ]
39 silly reify mark retired [
39 silly reify   '/Users/vanessamelendez/Documents/Codex/2026-08-09/nessie-portfolio/node_modules/blake3-wasm 2'
39 silly reify ]
40 silly reify mark retired [
40 silly reify   '/Users/vanessamelendez/Documents/Codex/2026-08-09/nessie-portfolio/node_modules/available-typed-arrays 2'
40 silly reify ]
41 silly reify mark retired [
41 silly reify   '/Users/vanessamelendez/Documents/Codex/2026-08-09/nessie-portfolio/node_modules/browserslist'
41 silly reify ]
42 silly reify mark retired [
42 silly reify   '/Users/vanessamelendez/Documents/Codex/2026-08-09/nessie-portfolio/node_modules/browserslist 2'
42 silly reify ]
43 silly reify mark retired [
43 silly reify   '/Users/vanessamelendez/Documents/Codex/2026-08-09/nessie-portfolio/node_modules/baseline-browser-mapping 2'
43 silly reify ]
44 silly reify mark retired [
44 silly reify   '/Users/vanessamelendez/Documents/Codex/2026-08-09/nessie-portfolio/node_modules/call-bind'
44 silly reify ]
45 silly reify mark retired [
45 silly reify   '/Users/vanessamelendez/Documents/Codex/2026-08-09/nessie-portfolio/node_modules/call-bound'
45 silly reify ]
46 silly reify mark retired [
46 silly reify   '/Users/vanessamelendez/Documents/Codex/2026-08-09/nessie-portfolio/node_modules/call-bound 2'
46 silly reify ]
47 silly reify mark retired [
47 silly reify   '/Users/vanessamelendez/Documents/Codex/2026-08-09/nessie-portfolio/node_modules/caniuse-lite'
47 silly reify ]
48 silly reify mark retired [
48 silly reify   '/Users/vanessamelendez/Documents/Codex/2026-08-09/nessie-portfolio/node_modules/camelize'
48 silly reify ]
49 silly reify mark retired [
49 silly reify   '/Users/vanessamelendez/Documents/Codex/2026-08-09/nessie-portfolio/node_modules/caniuse-lite 2'
49 silly reify ]
50 silly reify mark retired [
50 silly reify   '/Users/vanessamelendez/Documents/Codex/2026-08-09/nessie-portfolio/node_modules/convert-source-map'
50 silly reify ]
51 silly reify mark retired [
51 silly reify   '/Users/vanessamelendez/Documents/Codex/2026-08-09/nessie-portfolio/node_modules/convert-source-map 2'
51 silly reify ]
52 silly reify mark retired [
52 silly reify   '/Users/vanessamelendez/Documents/Codex/2026-08-09/nessie-portfolio/node_modules/cookie 2'
52 silly reify ]
53 silly reify mark retired [
53 silly reify   '/Users/vanessamelendez/Documents/Codex/2026-08-09/nessie-portfolio/node_modules/cookie'
53 silly reify ]
54 silly reify mark retired [
54 silly reify   '/Users/vanessamelendez/Documents/Codex/2026-08-09/nessie-portfolio/node_modules/css-background-parser'
54 silly reify ]
55 silly reify mark retired [
55 silly reify   '/Users/vanessamelendez/Documents/Codex/2026-08-09/nessie-portfolio/node_modules/css-background-parser 2'
55 silly reify ]
56 silly reify mark retired [
56 silly reify   '/Users/vanessamelendez/Documents/Codex/2026-08-09/nessie-portfolio/node_modules/css-box-shadow'
56 silly reify ]
57 silly reify mark retired [
57 silly reify   '/Users/vanessamelendez/Documents/Codex/2026-08-09/nessie-portfolio/node_modules/css-box-shadow 2'
57 silly reify ]
58 silly reify mark retired [
58 silly reify   '/Users/vanessamelendez/Documents/Codex/2026-08-09/nessie-portfolio/node_modules/css-color-keywords 2'
58 silly reify ]
59 silly reify mark retired [
59 silly reify   '/Users/vanessamelendez/Documents/Codex/2026-08-09/nessie-portfolio/node_modules/css-gradient-parser 2'
59 silly reify ]
60 silly reify mark retired [
60 silly reify   '/Users/vanessamelendez/Documents/Codex/2026-08-09/nessie-portfolio/node_modules/css-color-keywords'
60 silly reify ]
61 silly reify mark retired [
61 silly reify   '/Users/vanessamelendez/Documents/Codex/2026-08-09/nessie-portfolio/node_modules/css-gradient-parser'
61 silly reify ]
62 silly reify mark retired [
62 silly reify   '/Users/vanessamelendez/Documents/Codex/2026-08-09/nessie-portfolio/node_modules/css-to-react-native'
62 silly reify ]
63 silly reify mark retired [
63 silly reify   '/Users/vanessamelendez/Documents/Codex/2026-08-09/nessie-portfolio/node_modules/damerau-levenshtein'
63 silly reify ]
64 silly reify mark retired [
64 silly reify   '/Users/vanessamelendez/Documents/Codex/2026-08-09/nessie-portfolio/node_modules/data-view-buffer'
64 silly reify ]
65 silly reify mark retired [
65 silly reify   '/Users/vanessamelendez/Documents/Codex/2026-08-09/nessie-portfolio/node_modules/data-view-buffer 2'
65 silly reify ]
66 silly reify mark retired [
66 silly reify   '/Users/vanessamelendez/Documents/Codex/2026-08-09/nessie-portfolio/node_modules/data-view-byte-length'
66 silly reify ]
67 silly reify mark retired [
67 silly reify   '/Users/vanessamelendez/Documents/Codex/2026-08-09/nessie-portfolio/node_modules/data-view-byte-length 2'
67 silly reify ]
68 silly reify mark retired [
68 silly reify   '/Users/vanessamelendez/Documents/Codex/2026-08-09/nessie-portfolio/node_modules/data-view-byte-offset'
68 silly reify ]
69 silly reify mark retired [
69 silly reify   '/Users/vanessamelendez/Documents/Codex/2026-08-09/nessie-portfolio/node_modules/data-view-byte-offset 2'
69 silly reify ]
70 silly reify mark retired [
70 silly reify   '/Users/vanessamelendez/Documents/Codex/2026-08-09/nessie-portfolio/node_modules/define-data-property'
70 silly reify ]
71 silly reify mark retired [
71 silly reify   '/Users/vanessamelendez/Documents/Codex/2026-08-09/nessie-portfolio/node_modules/define-properties'
71 silly reify ]
72 silly reify mark retired [
72 silly reify   '/Users/vanessamelendez/Documents/Codex/2026-08-09/nessie-portfolio/node_modules/doctrine'
72 silly reify ]
73 silly reify mark retired [
73 silly reify   '/Users/vanessamelendez/Documents/Codex/2026-08-09/nessie-portfolio/node_modules/drizzle-kit 2'
73 silly reify ]
74 silly reify mark retired [
74 silly reify   '/Users/vanessamelendez/Documents/Codex/2026-08-09/nessie-portfolio/node_modules/drizzle-orm'
74 silly reify ]
75 silly reify mark retired [
75 silly reify   '/Users/vanessamelendez/Documents/Codex/2026-08-09/nessie-portfolio/node_modules/electron-to-chromium'
75 silly reify ]
76 silly reify mark retired [
76 silly reify   '/Users/vanessamelendez/Documents/Codex/2026-08-09/nessie-portfolio/node_modules/electron-to-chromium 2'
76 silly reify ]
77 silly reify mark retired [
77 silly reify   '/Users/vanessamelendez/Documents/Codex/2026-08-09/nessie-portfolio/node_modules/drizzle-kit'
77 silly reify ]
78 silly reify mark retired [
78 silly reify   '/Users/vanessamelendez/Documents/Codex/2026-08-09/nessie-portfolio/node_modules/emoji-regex-xs'
78 silly reify ]
79 silly reify mark retired [
79 silly reify   '/Users/vanessamelendez/Documents/Codex/2026-08-09/nessie-portfolio/node_modules/enhanced-resolve'
79 silly reify ]
80 silly reify mark retired [
80 silly reify   '/Users/vanessamelendez/Documents/Codex/2026-08-09/nessie-portfolio/node_modules/enhanced-resolve 2'
80 silly reify ]
81 silly reify mark retired [
81 silly reify   '/Users/vanessamelendez/Documents/Codex/2026-08-09/nessie-portfolio/node_modules/error-stack-parser-es'
81 silly reify ]
82 silly reify mark retired [
82 silly reify   '/Users/vanessamelendez/Documents/Codex/2026-08-09/nessie-portfolio/node_modules/es-abstract'
82 silly reify ]
83 silly reify mark retired [
83 silly reify   '/Users/vanessamelendez/Documents/Codex/2026-08-09/nessie-portfolio/node_modules/drizzle-orm 2'
83 silly reify ]
84 silly reify mark retired [
84 silly reify   '/Users/vanessamelendez/Documents/Codex/2026-08-09/nessie-portfolio/node_modules/es-iterator-helpers'
84 silly reify ]
85 silly reify mark retired [
85 silly reify   '/Users/vanessamelendez/Documents/Codex/2026-08-09/nessie-portfolio/node_modules/es-iterator-helpers 2'
85 silly reify ]
86 silly reify mark retired [
86 silly reify   '/Users/vanessamelendez/Documents/Codex/2026-08-09/nessie-portfolio/node_modules/es-object-atoms'
86 silly reify ]
87 silly reify mark retired [
87 silly reify   '/Users/vanessamelendez/Documents/Codex/2026-08-09/nessie-portfolio/node_modules/es-object-atoms 2'
87 silly reify ]
88 silly reify mark retired [
88 silly reify   '/Users/vanessamelendez/Documents/Codex/2026-08-09/nessie-portfolio/node_modules/es-shim-unscopables'
88 silly reify ]
89 silly reify mark retired [
89 silly reify   '/Users/vanessamelendez/Documents/Codex/2026-08-09/nessie-portfolio/node_modules/es-to-primitive'
89 silly reify ]
90 silly reify mark retired [
90 silly reify   '/Users/vanessamelendez/Documents/Codex/2026-08-09/nessie-portfolio/node_modules/es-to-primitive 2'
90 silly reify ]
91 silly reify mark retired [
91 silly reify   '/Users/vanessamelendez/Documents/Codex/2026-08-09/nessie-portfolio/node_modules/esbuild'
91 silly reify ]
92 silly reify mark retired [
92 silly reify   '/Users/vanessamelendez/Documents/Codex/2026-08-09/nessie-portfolio/node_modules/escape-html 2'
92 silly reify ]
93 silly reify mark retired [
93 silly reify   '/Users/vanessamelendez/Documents/Codex/2026-08-09/nessie-portfolio/node_modules/eslint 2'
93 silly reify ]
94 silly reify mark retired [
94 silly reify   '/Users/vanessamelendez/Documents/Codex/2026-08-09/nessie-portfolio/node_modules/escape-html'
94 silly reify ]
95 silly reify mark retired [
95 silly reify   '/Users/vanessamelendez/Documents/Codex/2026-08-09/nessie-portfolio/node_modules/eslint'
95 silly reify ]
96 silly reify mark retired [
96 silly reify   '/Users/vanessamelendez/Documents/Codex/2026-08-09/nessie-portfolio/node_modules/eslint-plugin-jsx-a11y'
96 silly reify ]
97 silly reify mark retired [
97 silly reify   '/Users/vanessamelendez/Documents/Codex/2026-08-09/nessie-portfolio/node_modules/eslint-plugin-react'
97 silly reify ]
98 silly reify mark retired [
98 silly reify   '/Users/vanessamelendez/Documents/Codex/2026-08-09/nessie-portfolio/node_modules/eslint-plugin-react-hooks'
98 silly reify ]
99 silly reify mark retired [
99 silly reify   '/Users/vanessamelendez/Documents/Codex/2026-08-09/nessie-portfolio/node_modules/eslint-plugin-react-hooks 2'
99 silly reify ]
100 silly reify mark retired [
100 silly reify   '/Users/vanessamelendez/Documents/Codex/2026-08-09/nessie-portfolio/node_modules/estree-walker'
100 silly reify ]
101 silly reify mark retired [
101 silly reify   '/Users/vanessamelendez/Documents/Codex/2026-08-09/nessie-portfolio/node_modules/estree-walker 2'
101 silly reify ]
102 silly reify mark retired [
102 silly reify   '/Users/vanessamelendez/Documents/Codex/2026-08-09/nessie-portfolio/node_modules/fast-glob'
102 silly reify ]
103 silly reify mark retired [
103 silly reify   '/Users/vanessamelendez/Documents/Codex/2026-08-09/nessie-portfolio/node_modules/fast-uri'
103 silly reify ]
104 silly reify mark retired [
104 silly reify   '/Users/vanessamelendez/Documents/Codex/2026-08-09/nessie-portfolio/node_modules/fast-uri 2'
104 silly reify ]
105 silly reify mark retired [
105 silly reify   '/Users/vanessamelendez/Documents/Codex/2026-08-09/nessie-portfolio/node_modules/fflate'
105 silly reify ]
106 silly reify mark retired [
106 silly reify   '/Users/vanessamelendez/Documents/Codex/2026-08-09/nessie-portfolio/node_modules/fflate 2'
106 silly reify ]
107 silly reify mark retired [
107 silly reify   '/Users/vanessamelendez/Documents/Codex/2026-08-09/nessie-portfolio/node_modules/for-each'
107 silly reify ]
108 silly reify mark retired [
108 silly reify   '/Users/vanessamelendez/Documents/Codex/2026-08-09/nessie-portfolio/node_modules/function.prototype 2.name'
108 silly reify ]
109 silly reify mark retired [
109 silly reify   '/Users/vanessamelendez/Documents/Codex/2026-08-09/nessie-portfolio/node_modules/function.prototype.name'
109 silly reify ]
110 silly reify mark retired [
110 silly reify   '/Users/vanessamelendez/Documents/Codex/2026-08-09/nessie-portfolio/node_modules/functions-have-names'
110 silly reify ]
111 silly reify mark retired [
111 silly reify   '/Users/vanessamelendez/Documents/Codex/2026-08-09/nessie-portfolio/node_modules/generator-function'
111 silly reify ]
112 silly reify mark retired [
112 silly reify   '/Users/vanessamelendez/Documents/Codex/2026-08-09/nessie-portfolio/node_modules/functions-have-names 2'
112 silly reify ]
113 silly reify mark retired [
113 silly reify   '/Users/vanessamelendez/Documents/Codex/2026-08-09/nessie-portfolio/node_modules/generator-function 2'
113 silly reify ]
114 silly reify mark retired [
114 silly reify   '/Users/vanessamelendez/Documents/Codex/2026-08-09/nessie-portfolio/node_modules/gensync'
114 silly reify ]
115 silly reify mark retired [
115 silly reify   '/Users/vanessamelendez/Documents/Codex/2026-08-09/nessie-portfolio/node_modules/get-symbol-description'
115 silly reify ]
116 silly reify mark retired [
116 silly reify   '/Users/vanessamelendez/Documents/Codex/2026-08-09/nessie-portfolio/node_modules/get-symbol-description 2'
116 silly reify ]
117 silly reify mark retired [
117 silly reify   '/Users/vanessamelendez/Documents/Codex/2026-08-09/nessie-portfolio/node_modules/get-tsconfig'
117 silly reify ]
118 silly reify mark retired [
118 silly reify   '/Users/vanessamelendez/Documents/Codex/2026-08-09/nessie-portfolio/node_modules/globals'
118 silly reify ]
119 silly reify mark retired [
119 silly reify   '/Users/vanessamelendez/Documents/Codex/2026-08-09/nessie-portfolio/node_modules/globals 2'
119 silly reify ]
120 silly reify mark retired [
120 silly reify   '/Users/vanessamelendez/Documents/Codex/2026-08-09/nessie-portfolio/node_modules/globalthis'
120 silly reify ]
121 silly reify mark retired [
121 silly reify   '/Users/vanessamelendez/Documents/Codex/2026-08-09/nessie-portfolio/node_modules/has-bigints'
121 silly reify ]
122 silly reify mark retired [
122 silly reify   '/Users/vanessamelendez/Documents/Codex/2026-08-09/nessie-portfolio/node_modules/has-bigints 2'
122 silly reify ]
123 silly reify mark retired [
123 silly reify   '/Users/vanessamelendez/Documents/Codex/2026-08-09/nessie-portfolio/node_modules/has-property-descriptors'
123 silly reify ]
124 silly reify mark retired [
124 silly reify   '/Users/vanessamelendez/Documents/Codex/2026-08-09/nessie-portfolio/node_modules/has-property-descriptors 2'
124 silly reify ]
125 silly reify mark retired [
125 silly reify   '/Users/vanessamelendez/Documents/Codex/2026-08-09/nessie-portfolio/node_modules/has-proto'
125 silly reify ]
126 silly reify mark retired [
126 silly reify   '/Users/vanessamelendez/Documents/Codex/2026-08-09/nessie-portfolio/node_modules/hasown'
126 silly reify ]
127 silly reify mark retired [
127 silly reify   '/Users/vanessamelendez/Documents/Codex/2026-08-09/nessie-portfolio/node_modules/hermes-estree 2'
127 silly reify ]
128 silly reify mark retired [
128 silly reify   '/Users/vanessamelendez/Documents/Codex/2026-08-09/nessie-portfolio/node_modules/hermes-parser 2'
128 silly reify ]
129 silly reify mark retired [
129 silly reify   '/Users/vanessamelendez/Documents/Codex/2026-08-09/nessie-portfolio/node_modules/hermes-estree'
129 silly reify ]
130 silly reify mark retired [
130 silly reify   '/Users/vanessamelendez/Documents/Codex/2026-08-09/nessie-portfolio/node_modules/hex-rgb'
130 silly reify ]
131 silly reify mark retired [
131 silly reify   '/Users/vanessamelendez/Documents/Codex/2026-08-09/nessie-portfolio/node_modules/hermes-parser'
131 silly reify ]
132 silly reify mark retired [
132 silly reify   '/Users/vanessamelendez/Documents/Codex/2026-08-09/nessie-portfolio/node_modules/image-size'
132 silly reify ]
133 silly reify mark retired [
133 silly reify   '/Users/vanessamelendez/Documents/Codex/2026-08-09/nessie-portfolio/node_modules/ipaddr 2.js'
133 silly reify ]
134 silly reify mark retired [
134 silly reify   '/Users/vanessamelendez/Documents/Codex/2026-08-09/nessie-portfolio/node_modules/internal-slot 2'
134 silly reify ]
135 silly reify mark retired [
135 silly reify   '/Users/vanessamelendez/Documents/Codex/2026-08-09/nessie-portfolio/node_modules/ipaddr.js'
135 silly reify ]
136 silly reify mark retired [
136 silly reify   '/Users/vanessamelendez/Documents/Codex/2026-08-09/nessie-portfolio/node_modules/is-array-buffer'
136 silly reify ]
137 silly reify mark retired [
137 silly reify   '/Users/vanessamelendez/Documents/Codex/2026-08-09/nessie-portfolio/node_modules/is-bigint'
137 silly reify ]
138 silly reify mark retired [
138 silly reify   '/Users/vanessamelendez/Documents/Codex/2026-08-09/nessie-portfolio/node_modules/is-async-function'
138 silly reify ]
139 silly reify mark retired [
139 silly reify   '/Users/vanessamelendez/Documents/Codex/2026-08-09/nessie-portfolio/node_modules/is-boolean-object'
139 silly reify ]
140 silly reify mark retired [
140 silly reify   '/Users/vanessamelendez/Documents/Codex/2026-08-09/nessie-portfolio/node_modules/is-boolean-object 2'
140 silly reify ]
141 silly reify mark retired [
141 silly reify   '/Users/vanessamelendez/Documents/Codex/2026-08-09/nessie-portfolio/node_modules/is-callable'
141 silly reify ]
142 silly reify mark retired [
142 silly reify   '/Users/vanessamelendez/Documents/Codex/2026-08-09/nessie-portfolio/node_modules/is-core-module'
142 silly reify ]
143 silly reify mark retired [
143 silly reify   '/Users/vanessamelendez/Documents/Codex/2026-08-09/nessie-portfolio/node_modules/is-data-view'
143 silly reify ]
144 silly reify mark retired [
144 silly reify   '/Users/vanessamelendez/Documents/Codex/2026-08-09/nessie-portfolio/node_modules/is-finalizationregistry'
144 silly reify ]
145 silly reify mark retired [
145 silly reify   '/Users/vanessamelendez/Documents/Codex/2026-08-09/nessie-portfolio/node_modules/is-date-object'
145 silly reify ]
146 silly reify mark retired [
146 silly reify   '/Users/vanessamelendez/Documents/Codex/2026-08-09/nessie-portfolio/node_modules/is-generator-function'
146 silly reify ]
147 silly reify mark retired [
147 silly reify   '/Users/vanessamelendez/Documents/Codex/2026-08-09/nessie-portfolio/node_modules/is-finalizationregistry 2'
147 silly reify ]
148 silly reify mark retired [
148 silly reify   '/Users/vanessamelendez/Documents/Codex/2026-08-09/nessie-portfolio/node_modules/is-map 2'
148 silly reify ]
149 silly reify mark retired [
149 silly reify   '/Users/vanessamelendez/Documents/Codex/2026-08-09/nessie-portfolio/node_modules/is-map'
149 silly reify ]
150 silly reify mark retired [
150 silly reify   '/Users/vanessamelendez/Documents/Codex/2026-08-09/nessie-portfolio/node_modules/is-negative-zero'
150 silly reify ]
151 silly reify mark retired [
151 silly reify   '/Users/vanessamelendez/Documents/Codex/2026-08-09/nessie-portfolio/node_modules/internal-slot'
151 silly reify ]
152 silly reify mark retired [
152 silly reify   '/Users/vanessamelendez/Documents/Codex/2026-08-09/nessie-portfolio/node_modules/is-negative-zero 2'
152 silly reify ]
153 silly reify mark retired [
153 silly reify   '/Users/vanessamelendez/Documents/Codex/2026-08-09/nessie-portfolio/node_modules/is-regex'
153 silly reify ]
154 silly reify mark retired [
154 silly reify   '/Users/vanessamelendez/Documents/Codex/2026-08-09/nessie-portfolio/node_modules/is-set'
154 silly reify ]
155 silly reify mark retired [
155 silly reify   '/Users/vanessamelendez/Documents/Codex/2026-08-09/nessie-portfolio/node_modules/is-regex 2'
155 silly reify ]
156 silly reify mark retired [
156 silly reify   '/Users/vanessamelendez/Documents/Codex/2026-08-09/nessie-portfolio/node_modules/is-set 2'
156 silly reify ]
157 silly reify mark retired [
157 silly reify   '/Users/vanessamelendez/Documents/Codex/2026-08-09/nessie-portfolio/node_modules/is-string'
157 silly reify ]
158 silly reify mark retired [
158 silly reify   '/Users/vanessamelendez/Documents/Codex/2026-08-09/nessie-portfolio/node_modules/is-string 2'
158 silly reify ]
159 silly reify mark retired [
159 silly reify   '/Users/vanessamelendez/Documents/Codex/2026-08-09/nessie-portfolio/node_modules/is-number-object'
159 silly reify ]
160 silly reify mark retired [
160 silly reify   '/Users/vanessamelendez/Documents/Codex/2026-08-09/nessie-portfolio/node_modules/is-typed-array 2'
160 silly reify ]
161 silly reify mark retired [
161 silly reify   '/Users/vanessamelendez/Documents/Codex/2026-08-09/nessie-portfolio/node_modules/is-shared-array-buffer'
161 silly reify ]
162 silly reify mark retired [
162 silly reify   '/Users/vanessamelendez/Documents/Codex/2026-08-09/nessie-portfolio/node_modules/is-symbol'
162 silly reify ]
163 silly reify mark retired [
163 silly reify   '/Users/vanessamelendez/Documents/Codex/2026-08-09/nessie-portfolio/node_modules/is-weakmap'
163 silly reify ]
164 silly reify mark retired [
164 silly reify   '/Users/vanessamelendez/Documents/Codex/2026-08-09/nessie-portfolio/node_modules/is-typed-array'
164 silly reify ]
165 silly reify mark retired [
165 silly reify   '/Users/vanessamelendez/Documents/Codex/2026-08-09/nessie-portfolio/node_modules/is-weakref'
165 silly reify ]
166 silly reify mark retired [
166 silly reify   '/Users/vanessamelendez/Documents/Codex/2026-08-09/nessie-portfolio/node_modules/is-weakset 2'
166 silly reify ]
167 silly reify mark retired [
167 silly reify   '/Users/vanessamelendez/Documents/Codex/2026-08-09/nessie-portfolio/node_modules/is-weakref 2'
167 silly reify ]
168 silly reify mark retired [
168 silly reify   '/Users/vanessamelendez/Documents/Codex/2026-08-09/nessie-portfolio/node_modules/is-weakset'
168 silly reify ]
169 silly reify mark retired [
169 silly reify   '/Users/vanessamelendez/Documents/Codex/2026-08-09/nessie-portfolio/node_modules/iterator.prototype'
169 silly reify ]
170 silly reify mark retired [
170 silly reify   '/Users/vanessamelendez/Documents/Codex/2026-08-09/nessie-portfolio/node_modules/isarray'
170 silly reify ]
171 silly reify mark retired [
171 silly reify   '/Users/vanessamelendez/Documents/Codex/2026-08-09/nessie-portfolio/node_modules/jiti'
171 silly reify ]
172 silly reify mark retired [
172 silly reify   '/Users/vanessamelendez/Documents/Codex/2026-08-09/nessie-portfolio/node_modules/jiti 2'
172 silly reify ]
173 silly reify mark retired [
173 silly reify   '/Users/vanessamelendez/Documents/Codex/2026-08-09/nessie-portfolio/node_modules/js-tokens'
173 silly reify ]
174 silly reify mark retired [
174 silly reify   '/Users/vanessamelendez/Documents/Codex/2026-08-09/nessie-portfolio/node_modules/js-yaml'
174 silly reify ]
175 silly reify mark retired [
175 silly reify   '/Users/vanessamelendez/Documents/Codex/2026-08-09/nessie-portfolio/node_modules/jsesc'
175 silly reify ]
176 silly reify mark retired [
176 silly reify   '/Users/vanessamelendez/Documents/Codex/2026-08-09/nessie-portfolio/node_modules/jsesc 2'
176 silly reify ]
177 silly reify mark retired [
177 silly reify   '/Users/vanessamelendez/Documents/Codex/2026-08-09/nessie-portfolio/node_modules/json5'
177 silly reify ]
178 silly reify mark retired [
178 silly reify   '/Users/vanessamelendez/Documents/Codex/2026-08-09/nessie-portfolio/node_modules/jsx-ast-utils'
178 silly reify ]
179 silly reify mark retired [
179 silly reify   '/Users/vanessamelendez/Documents/Codex/2026-08-09/nessie-portfolio/node_modules/jsx-ast-utils 2'
179 silly reify ]
180 silly reify mark retired [
180 silly reify   '/Users/vanessamelendez/Documents/Codex/2026-08-09/nessie-portfolio/node_modules/kleur'
180 silly reify ]
181 silly reify mark retired [
181 silly reify   '/Users/vanessamelendez/Documents/Codex/2026-08-09/nessie-portfolio/node_modules/kleur 2'
181 silly reify ]
182 silly reify mark retired [
182 silly reify   '/Users/vanessamelendez/Documents/Codex/2026-08-09/nessie-portfolio/node_modules/language-subtag-registry'
182 silly reify ]
183 silly reify mark retired [
183 silly reify   '/Users/vanessamelendez/Documents/Codex/2026-08-09/nessie-portfolio/node_modules/language-subtag-registry 2'
183 silly reify ]
184 silly reify mark retired [
184 silly reify   '/Users/vanessamelendez/Documents/Codex/2026-08-09/nessie-portfolio/node_modules/language-tags'
184 silly reify ]
185 silly reify mark retired [
185 silly reify   '/Users/vanessamelendez/Documents/Codex/2026-08-09/nessie-portfolio/node_modules/lightningcss'
185 silly reify ]
186 silly reify mark retired [
186 silly reify   '/Users/vanessamelendez/Documents/Codex/2026-08-09/nessie-portfolio/node_modules/lightningcss-darwin-arm64'
186 silly reify ]
187 silly reify mark retired [
187 silly reify   '/Users/vanessamelendez/Documents/Codex/2026-08-09/nessie-portfolio/node_modules/lightningcss-darwin-arm64 2'
187 silly reify ]
188 silly reify mark retired [
188 silly reify   '/Users/vanessamelendez/Documents/Codex/2026-08-09/nessie-portfolio/node_modules/linebreak'
188 silly reify ]
189 silly reify mark retired [
189 silly reify   '/Users/vanessamelendez/Documents/Codex/2026-08-09/nessie-portfolio/node_modules/linebreak 2'
189 silly reify ]
190 silly reify mark retired [
190 silly reify   '/Users/vanessamelendez/Documents/Codex/2026-08-09/nessie-portfolio/node_modules/loose-envify'
190 silly reify ]
191 silly reify mark retired [
191 silly reify   '/Users/vanessamelendez/Documents/Codex/2026-08-09/nessie-portfolio/node_modules/loose-envify 2'
191 silly reify ]
192 silly reify mark retired [
192 silly reify   '/Users/vanessamelendez/Documents/Codex/2026-08-09/nessie-portfolio/node_modules/lru-cache'
192 silly reify ]
193 silly reify mark retired [
193 silly reify   '/Users/vanessamelendez/Documents/Codex/2026-08-09/nessie-portfolio/node_modules/lru-cache 2'
193 silly reify ]
194 silly reify mark retired [
194 silly reify   '/Users/vanessamelendez/Documents/Codex/2026-08-09/nessie-portfolio/node_modules/magic-string 2'
194 silly reify ]
195 silly reify mark retired [
195 silly reify   '/Users/vanessamelendez/Documents/Codex/2026-08-09/nessie-portfolio/node_modules/magic-string'
195 silly reify ]
196 silly reify mark retired [
196 silly reify   '/Users/vanessamelendez/Documents/Codex/2026-08-09/nessie-portfolio/node_modules/miniflare'
196 silly reify ]
197 silly reify mark retired [
197 silly reify   '/Users/vanessamelendez/Documents/Codex/2026-08-09/nessie-portfolio/node_modules/nanoid'
197 silly reify ]
198 silly reify mark retired [
198 silly reify   '/Users/vanessamelendez/Documents/Codex/2026-08-09/nessie-portfolio/node_modules/node-exports-info'
198 silly reify ]
199 silly reify mark retired [
199 silly reify   '/Users/vanessamelendez/Documents/Codex/2026-08-09/nessie-portfolio/node_modules/node-releases'
199 silly reify ]
200 silly reify mark retired [
200 silly reify   '/Users/vanessamelendez/Documents/Codex/2026-08-09/nessie-portfolio/node_modules/node-releases 2'
200 silly reify ]
201 silly reify mark retired [
201 silly reify   '/Users/vanessamelendez/Documents/Codex/2026-08-09/nessie-portfolio/node_modules/object 2.assign'
201 silly reify ]
202 silly reify mark retired [
202 silly reify   '/Users/vanessamelendez/Documents/Codex/2026-08-09/nessie-portfolio/node_modules/object 2.entries'
202 silly reify ]
203 silly reify mark retired [
203 silly reify   '/Users/vanessamelendez/Documents/Codex/2026-08-09/nessie-portfolio/node_modules/object 2.fromentries'
203 silly reify ]
204 silly reify mark retired [
204 silly reify   '/Users/vanessamelendez/Documents/Codex/2026-08-09/nessie-portfolio/node_modules/object 2.values'
204 silly reify ]
205 silly reify mark retired [
205 silly reify   '/Users/vanessamelendez/Documents/Codex/2026-08-09/nessie-portfolio/node_modules/object-inspect'
205 silly reify ]
206 silly reify mark retired [
206 silly reify   '/Users/vanessamelendez/Documents/Codex/2026-08-09/nessie-portfolio/node_modules/object-keys'
206 silly reify ]
207 silly reify mark retired [
207 silly reify   '/Users/vanessamelendez/Documents/Codex/2026-08-09/nessie-portfolio/node_modules/object-keys 2'
207 silly reify ]
208 silly reify mark retired [
208 silly reify   '/Users/vanessamelendez/Documents/Codex/2026-08-09/nessie-portfolio/node_modules/object.assign'
208 silly reify ]
209 silly reify mark retired [
209 silly reify   '/Users/vanessamelendez/Documents/Codex/2026-08-09/nessie-portfolio/node_modules/object.entries'
209 silly reify ]
210 silly reify mark retired [
210 silly reify   '/Users/vanessamelendez/Documents/Codex/2026-08-09/nessie-portfolio/node_modules/object.fromentries'
210 silly reify ]
211 silly reify mark retired [
211 silly reify   '/Users/vanessamelendez/Documents/Codex/2026-08-09/nessie-portfolio/node_modules/object.values'
211 silly reify ]
212 silly reify mark retired [
212 silly reify   '/Users/vanessamelendez/Documents/Codex/2026-08-09/nessie-portfolio/node_modules/own-keys'
212 silly reify ]
213 silly reify mark retired [
213 silly reify   '/Users/vanessamelendez/Documents/Codex/2026-08-09/nessie-portfolio/node_modules/pako'
213 silly reify ]
214 silly reify mark retired [
214 silly reify   '/Users/vanessamelendez/Documents/Codex/2026-08-09/nessie-portfolio/node_modules/pako 2'
214 silly reify ]
215 silly reify mark retired [
215 silly reify   '/Users/vanessamelendez/Documents/Codex/2026-08-09/nessie-portfolio/node_modules/parse-css-color'
215 silly reify ]
216 silly reify mark retired [
216 silly reify   '/Users/vanessamelendez/Documents/Codex/2026-08-09/nessie-portfolio/node_modules/parse-css-color 2'
216 silly reify ]
217 silly reify mark retired [
217 silly reify   '/Users/vanessamelendez/Documents/Codex/2026-08-09/nessie-portfolio/node_modules/path-parse'
217 silly reify ]
218 silly reify mark retired [
218 silly reify   '/Users/vanessamelendez/Documents/Codex/2026-08-09/nessie-portfolio/node_modules/path-to-regexp'
218 silly reify ]
219 silly reify mark retired [
219 silly reify   '/Users/vanessamelendez/Documents/Codex/2026-08-09/nessie-portfolio/node_modules/path-to-regexp 2'
219 silly reify ]
220 silly reify mark retired [
220 silly reify   '/Users/vanessamelendez/Documents/Codex/2026-08-09/nessie-portfolio/node_modules/pathe'
220 silly reify ]
221 silly reify mark retired [
221 silly reify   '/Users/vanessamelendez/Documents/Codex/2026-08-09/nessie-portfolio/node_modules/pathe 2'
221 silly reify ]
222 silly reify mark retired [
222 silly reify   '/Users/vanessamelendez/Documents/Codex/2026-08-09/nessie-portfolio/node_modules/possible-typed-array-names'
222 silly reify ]
223 silly reify mark retired [
223 silly reify   '/Users/vanessamelendez/Documents/Codex/2026-08-09/nessie-portfolio/node_modules/possible-typed-array-names 2'
223 silly reify ]
224 silly reify mark retired [
224 silly reify   '/Users/vanessamelendez/Documents/Codex/2026-08-09/nessie-portfolio/node_modules/postcss'
224 silly reify ]
225 silly reify mark retired [
225 silly reify   '/Users/vanessamelendez/Documents/Codex/2026-08-09/nessie-portfolio/node_modules/postcss 2'
225 silly reify ]
226 silly reify mark retired [
226 silly reify   '/Users/vanessamelendez/Documents/Codex/2026-08-09/nessie-portfolio/node_modules/prop-types'
226 silly reify ]
227 silly reify mark retired [
227 silly reify   '/Users/vanessamelendez/Documents/Codex/2026-08-09/nessie-portfolio/node_modules/react'
227 silly reify ]
228 silly reify mark retired [
228 silly reify   '/Users/vanessamelendez/Documents/Codex/2026-08-09/nessie-portfolio/node_modules/react 2'
228 silly reify ]
229 silly reify mark retired [
229 silly reify   '/Users/vanessamelendez/Documents/Codex/2026-08-09/nessie-portfolio/node_modules/react-dom 2'
229 silly reify ]
230 silly reify mark retired [
230 silly reify   '/Users/vanessamelendez/Documents/Codex/2026-08-09/nessie-portfolio/node_modules/react-server-dom-webpack'
230 silly reify ]
231 silly reify mark retired [
231 silly reify   '/Users/vanessamelendez/Documents/Codex/2026-08-09/nessie-portfolio/node_modules/regexp.prototype 2.flags'
231 silly reify ]
232 silly reify mark retired [
232 silly reify   '/Users/vanessamelendez/Documents/Codex/2026-08-09/nessie-portfolio/node_modules/react-dom'
232 silly reify ]
233 silly reify mark retired [
233 silly reify   '/Users/vanessamelendez/Documents/Codex/2026-08-09/nessie-portfolio/node_modules/react-is'
233 silly reify ]
234 silly reify mark retired [
234 silly reify   '/Users/vanessamelendez/Documents/Codex/2026-08-09/nessie-portfolio/node_modules/regexp.prototype.flags'
234 silly reify ]
235 silly reify mark retired [
235 silly reify   '/Users/vanessamelendez/Documents/Codex/2026-08-09/nessie-portfolio/node_modules/reflect.getprototypeof'
235 silly reify ]
236 silly reify mark retired [
236 silly reify   '/Users/vanessamelendez/Documents/Codex/2026-08-09/nessie-portfolio/node_modules/resolve'
236 silly reify ]
237 silly reify mark retired [
237 silly reify   '/Users/vanessamelendez/Documents/Codex/2026-08-09/nessie-portfolio/node_modules/resolve 2'
237 silly reify ]
238 silly reify mark retired [
238 silly reify   '/Users/vanessamelendez/Documents/Codex/2026-08-09/nessie-portfolio/node_modules/resolve-pkg-maps'
238 silly reify ]
239 silly reify mark retired [
239 silly reify   '/Users/vanessamelendez/Documents/Codex/2026-08-09/nessie-portfolio/node_modules/resolve-pkg-maps 2'
239 silly reify ]
240 silly reify mark retired [
240 silly reify   '/Users/vanessamelendez/Documents/Codex/2026-08-09/nessie-portfolio/node_modules/rolldown'
240 silly reify ]
241 silly reify mark retired [
241 silly reify   '/Users/vanessamelendez/Documents/Codex/2026-08-09/nessie-portfolio/node_modules/safe-array-concat'
241 silly reify ]
242 silly reify mark retired [
242 silly reify   '/Users/vanessamelendez/Documents/Codex/2026-08-09/nessie-portfolio/node_modules/safe-push-apply'
242 silly reify ]
243 silly reify mark retired [
243 silly reify   '/Users/vanessamelendez/Documents/Codex/2026-08-09/nessie-portfolio/node_modules/safe-array-concat 2'
243 silly reify ]
244 silly reify mark retired [
244 silly reify   '/Users/vanessamelendez/Documents/Codex/2026-08-09/nessie-portfolio/node_modules/safe-regex-test'
244 silly reify ]
245 silly reify mark retired [
245 silly reify   '/Users/vanessamelendez/Documents/Codex/2026-08-09/nessie-portfolio/node_modules/safe-regex-test 2'
245 silly reify ]
246 silly reify mark retired [
246 silly reify   '/Users/vanessamelendez/Documents/Codex/2026-08-09/nessie-portfolio/node_modules/satori'
246 silly reify ]
247 silly reify mark retired [
247 silly reify   '/Users/vanessamelendez/Documents/Codex/2026-08-09/nessie-portfolio/node_modules/semver'
247 silly reify ]
248 silly reify mark retired [
248 silly reify   '/Users/vanessamelendez/Documents/Codex/2026-08-09/nessie-portfolio/node_modules/set-function-length'
248 silly reify ]
249 silly reify mark retired [
249 silly reify   '/Users/vanessamelendez/Documents/Codex/2026-08-09/nessie-portfolio/node_modules/set-function-name'
249 silly reify ]
250 silly reify mark retired [
250 silly reify   '/Users/vanessamelendez/Documents/Codex/2026-08-09/nessie-portfolio/node_modules/set-proto'
250 silly reify ]
251 silly reify mark retired [
251 silly reify   '/Users/vanessamelendez/Documents/Codex/2026-08-09/nessie-portfolio/node_modules/sharp 2'
251 silly reify ]
252 silly reify mark retired [
252 silly reify   '/Users/vanessamelendez/Documents/Codex/2026-08-09/nessie-portfolio/node_modules/side-channel'
252 silly reify ]
253 silly reify mark retired [
253 silly reify   '/Users/vanessamelendez/Documents/Codex/2026-08-09/nessie-portfolio/node_modules/side-channel 2'
253 silly reify ]
254 silly reify mark retired [
254 silly reify   '/Users/vanessamelendez/Documents/Codex/2026-08-09/nessie-portfolio/node_modules/side-channel-list'
254 silly reify ]
255 silly reify mark retired [
255 silly reify   '/Users/vanessamelendez/Documents/Codex/2026-08-09/nessie-portfolio/node_modules/side-channel-map'
255 silly reify ]
256 silly reify mark retired [
256 silly reify   '/Users/vanessamelendez/Documents/Codex/2026-08-09/nessie-portfolio/node_modules/side-channel-weakmap'
256 silly reify ]
257 silly reify mark retired [
257 silly reify   '/Users/vanessamelendez/Documents/Codex/2026-08-09/nessie-portfolio/node_modules/sharp'
257 silly reify ]
258 silly reify mark retired [
258 silly reify   '/Users/vanessamelendez/Documents/Codex/2026-08-09/nessie-portfolio/node_modules/srvx'
258 silly reify ]
259 silly reify mark retired [
259 silly reify   '/Users/vanessamelendez/Documents/Codex/2026-08-09/nessie-portfolio/node_modules/stop-iteration-iterator'
259 silly reify ]
260 silly reify mark retired [
260 silly reify   '/Users/vanessamelendez/Documents/Codex/2026-08-09/nessie-portfolio/node_modules/stop-iteration-iterator 2'
260 silly reify ]
261 silly reify mark retired [
261 silly reify   '/Users/vanessamelendez/Documents/Codex/2026-08-09/nessie-portfolio/node_modules/string.prototype 2.codepointat'
261 silly reify ]
262 silly reify mark retired [
262 silly reify   '/Users/vanessamelendez/Documents/Codex/2026-08-09/nessie-portfolio/node_modules/string.prototype 2.matchall'
262 silly reify ]
263 silly reify mark retired [
263 silly reify   '/Users/vanessamelendez/Documents/Codex/2026-08-09/nessie-portfolio/node_modules/string.prototype 2.repeat'
263 silly reify ]
264 silly reify mark retired [
264 silly reify   '/Users/vanessamelendez/Documents/Codex/2026-08-09/nessie-portfolio/node_modules/string.prototype.matchall'
264 silly reify ]
265 silly reify mark retired [
265 silly reify   '/Users/vanessamelendez/Documents/Codex/2026-08-09/nessie-portfolio/node_modules/string.prototype.codepointat'
265 silly reify ]
266 silly reify mark retired [
266 silly reify   '/Users/vanessamelendez/Documents/Codex/2026-08-09/nessie-portfolio/node_modules/string.prototype.includes'
266 silly reify ]
267 silly reify mark retired [
267 silly reify   '/Users/vanessamelendez/Documents/Codex/2026-08-09/nessie-portfolio/node_modules/string.prototype.trim'
267 silly reify ]
268 silly reify mark retired [
268 silly reify   '/Users/vanessamelendez/Documents/Codex/2026-08-09/nessie-portfolio/node_modules/string.prototype.trimstart'
268 silly reify ]
269 silly reify mark retired [
269 silly reify   '/Users/vanessamelendez/Documents/Codex/2026-08-09/nessie-portfolio/node_modules/strip-literal'
269 silly reify ]
270 silly reify mark retired [
270 silly reify   '/Users/vanessamelendez/Documents/Codex/2026-08-09/nessie-portfolio/node_modules/strip-literal 2'
270 silly reify ]
271 silly reify mark retired [
271 silly reify   '/Users/vanessamelendez/Documents/Codex/2026-08-09/nessie-portfolio/node_modules/string.prototype.repeat'
271 silly reify ]
272 silly reify mark retired [
272 silly reify   '/Users/vanessamelendez/Documents/Codex/2026-08-09/nessie-portfolio/node_modules/supports-preserve-symlinks-flag'
272 silly reify ]
273 silly reify mark retired [
273 silly reify   '/Users/vanessamelendez/Documents/Codex/2026-08-09/nessie-portfolio/node_modules/supports-preserve-symlinks-flag 2'
273 silly reify ]
274 silly reify mark retired [
274 silly reify   '/Users/vanessamelendez/Documents/Codex/2026-08-09/nessie-portfolio/node_modules/tailwindcss'
274 silly reify ]
275 silly reify mark retired [
275 silly reify   '/Users/vanessamelendez/Documents/Codex/2026-08-09/nessie-portfolio/node_modules/tailwindcss 2'
275 silly reify ]
276 silly reify mark retired [
276 silly reify   '/Users/vanessamelendez/Documents/Codex/2026-08-09/nessie-portfolio/node_modules/string.prototype.trimend'
276 silly reify ]
277 silly reify mark retired [
277 silly reify   '/Users/vanessamelendez/Documents/Codex/2026-08-09/nessie-portfolio/node_modules/terser'
277 silly reify ]
278 silly reify mark retired [
278 silly reify   '/Users/vanessamelendez/Documents/Codex/2026-08-09/nessie-portfolio/node_modules/terser-webpack-plugin'
278 silly reify ]
279 silly reify mark retired [
279 silly reify   '/Users/vanessamelendez/Documents/Codex/2026-08-09/nessie-portfolio/node_modules/tiny-inflate'
279 silly reify ]
280 silly reify mark retired [
280 silly reify   '/Users/vanessamelendez/Documents/Codex/2026-08-09/nessie-portfolio/node_modules/terser-webpack-plugin 2'
280 silly reify ]
281 silly reify mark retired [
281 silly reify   '/Users/vanessamelendez/Documents/Codex/2026-08-09/nessie-portfolio/node_modules/tinyglobby'
281 silly reify ]
282 silly reify mark retired [
282 silly reify   '/Users/vanessamelendez/Documents/Codex/2026-08-09/nessie-portfolio/node_modules/tinyglobby 2'
282 silly reify ]
283 silly reify mark retired [
283 silly reify   '/Users/vanessamelendez/Documents/Codex/2026-08-09/nessie-portfolio/node_modules/tsx'
283 silly reify ]
284 silly reify mark retired [
284 silly reify   '/Users/vanessamelendez/Documents/Codex/2026-08-09/nessie-portfolio/node_modules/tsx 2'
284 silly reify ]
285 silly reify mark retired [
285 silly reify   '/Users/vanessamelendez/Documents/Codex/2026-08-09/nessie-portfolio/node_modules/turbo-stream'
285 silly reify ]
286 silly reify mark retired [
286 silly reify   '/Users/vanessamelendez/Documents/Codex/2026-08-09/nessie-portfolio/node_modules/turbo-stream 2'
286 silly reify ]
287 silly reify mark retired [
287 silly reify   '/Users/vanessamelendez/Documents/Codex/2026-08-09/nessie-portfolio/node_modules/typed-array-buffer'
287 silly reify ]
288 silly reify mark retired [
288 silly reify   '/Users/vanessamelendez/Documents/Codex/2026-08-09/nessie-portfolio/node_modules/typed-array-buffer 2'
288 silly reify ]
289 silly reify mark retired [
289 silly reify   '/Users/vanessamelendez/Documents/Codex/2026-08-09/nessie-portfolio/node_modules/typed-array-byte-length'
289 silly reify ]
290 silly reify mark retired [
290 silly reify   '/Users/vanessamelendez/Documents/Codex/2026-08-09/nessie-portfolio/node_modules/typed-array-byte-offset'
290 silly reify ]
291 silly reify mark retired [
291 silly reify   '/Users/vanessamelendez/Documents/Codex/2026-08-09/nessie-portfolio/node_modules/typed-array-byte-offset 2'
291 silly reify ]
292 silly reify mark retired [
292 silly reify   '/Users/vanessamelendez/Documents/Codex/2026-08-09/nessie-portfolio/node_modules/typed-array-length'
292 silly reify ]
293 silly reify mark retired [
293 silly reify   '/Users/vanessamelendez/Documents/Codex/2026-08-09/nessie-portfolio/node_modules/typescript'
293 silly reify ]
294 silly reify mark retired [
294 silly reify   '/Users/vanessamelendez/Documents/Codex/2026-08-09/nessie-portfolio/node_modules/unbox-primitive'
294 silly reify ]
295 silly reify mark retired [
295 silly reify   '/Users/vanessamelendez/Documents/Codex/2026-08-09/nessie-portfolio/node_modules/unbox-primitive 2'
295 silly reify ]
296 silly reify mark retired [
296 silly reify   '/Users/vanessamelendez/Documents/Codex/2026-08-09/nessie-portfolio/node_modules/undici 2'
296 silly reify ]
297 silly reify mark retired [
297 silly reify   '/Users/vanessamelendez/Documents/Codex/2026-08-09/nessie-portfolio/node_modules/undici-types'
297 silly reify ]
298 silly reify mark retired [
298 silly reify   '/Users/vanessamelendez/Documents/Codex/2026-08-09/nessie-portfolio/node_modules/undici-types 2'
298 silly reify ]
299 silly reify mark retired [
299 silly reify   '/Users/vanessamelendez/Documents/Codex/2026-08-09/nessie-portfolio/node_modules/unenv'
299 silly reify ]
300 silly reify mark retired [
300 silly reify   '/Users/vanessamelendez/Documents/Codex/2026-08-09/nessie-portfolio/node_modules/unicode-trie 2'
300 silly reify ]
301 silly reify mark retired [
301 silly reify   '/Users/vanessamelendez/Documents/Codex/2026-08-09/nessie-portfolio/node_modules/typescript-eslint'
301 silly reify ]
302 silly reify mark retired [
302 silly reify   '/Users/vanessamelendez/Documents/Codex/2026-08-09/nessie-portfolio/node_modules/update-browserslist-db'
302 silly reify ]
303 silly reify mark retired [
303 silly reify   '/Users/vanessamelendez/Documents/Codex/2026-08-09/nessie-portfolio/node_modules/update-browserslist-db 2'
303 silly reify ]
304 silly reify mark retired [
304 silly reify   '/Users/vanessamelendez/Documents/Codex/2026-08-09/nessie-portfolio/node_modules/undici'
304 silly reify ]
305 silly reify mark retired [
305 silly reify   '/Users/vanessamelendez/Documents/Codex/2026-08-09/nessie-portfolio/node_modules/unicode-trie'
305 silly reify ]
306 silly reify mark retired [
306 silly reify   '/Users/vanessamelendez/Documents/Codex/2026-08-09/nessie-portfolio/node_modules/unpic'
306 silly reify ]
307 silly reify mark retired [
307 silly reify   '/Users/vanessamelendez/Documents/Codex/2026-08-09/nessie-portfolio/node_modules/vinext'
307 silly reify ]
308 silly reify mark retired [
308 silly reify   '/Users/vanessamelendez/Documents/Codex/2026-08-09/nessie-portfolio/node_modules/vite'
308 silly reify ]
309 silly reify mark retired [
309 silly reify   '/Users/vanessamelendez/Documents/Codex/2026-08-09/nessie-portfolio/node_modules/vinext 2'
309 silly reify ]
310 silly reify mark retired [
310 silly reify   '/Users/vanessamelendez/Documents/Codex/2026-08-09/nessie-portfolio/node_modules/vite-plugin-commonjs'
310 silly reify ]
311 silly reify mark retired [
311 silly reify   '/Users/vanessamelendez/Documents/Codex/2026-08-09/nessie-portfolio/node_modules/vite-plugin-dynamic-import'
311 silly reify ]
312 silly reify mark retired [
312 silly reify   '/Users/vanessamelendez/Documents/Codex/2026-08-09/nessie-portfolio/node_modules/vitefu'
312 silly reify ]
313 silly reify mark retired [
313 silly reify   '/Users/vanessamelendez/Documents/Codex/2026-08-09/nessie-portfolio/node_modules/vitefu 2'
313 silly reify ]
314 silly reify mark retired [
314 silly reify   '/Users/vanessamelendez/Documents/Codex/2026-08-09/nessie-portfolio/node_modules/web-vitals'
314 silly reify ]
315 silly reify mark retired [
315 silly reify   '/Users/vanessamelendez/Documents/Codex/2026-08-09/nessie-portfolio/node_modules/webpack'
315 silly reify ]
316 silly reify mark retired [
316 silly reify   '/Users/vanessamelendez/Documents/Codex/2026-08-09/nessie-portfolio/node_modules/which-boxed-primitive'
316 silly reify ]
317 silly reify mark retired [
317 silly reify   '/Users/vanessamelendez/Documents/Codex/2026-08-09/nessie-portfolio/node_modules/which-boxed-primitive 2'
317 silly reify ]
318 silly reify mark retired [
318 silly reify   '/Users/vanessamelendez/Documents/Codex/2026-08-09/nessie-portfolio/node_modules/which-builtin-type'
318 silly reify ]
319 silly reify mark retired [
319 silly reify   '/Users/vanessamelendez/Documents/Codex/2026-08-09/nessie-portfolio/node_modules/which-builtin-type 2'
319 silly reify ]
320 silly reify mark retired [
320 silly reify   '/Users/vanessamelendez/Documents/Codex/2026-08-09/nessie-portfolio/node_modules/which-collection'
320 silly reify ]
321 silly reify mark retired [
321 silly reify   '/Users/vanessamelendez/Documents/Codex/2026-08-09/nessie-portfolio/node_modules/which-collection 2'
321 silly reify ]
322 silly reify mark retired [
322 silly reify   '/Users/vanessamelendez/Documents/Codex/2026-08-09/nessie-portfolio/node_modules/which-typed-array'
322 silly reify ]
323 silly reify mark retired [
323 silly reify   '/Users/vanessamelendez/Documents/Codex/2026-08-09/nessie-portfolio/node_modules/workerd'
323 silly reify ]
324 silly reify mark retired [
324 silly reify   '/Users/vanessamelendez/Documents/Codex/2026-08-09/nessie-portfolio/node_modules/workerd 2'
324 silly reify ]
325 silly reify mark retired [
325 silly reify   '/Users/vanessamelendez/Documents/Codex/2026-08-09/nessie-portfolio/node_modules/which'
325 silly reify ]
326 silly reify mark retired [
326 silly reify   '/Users/vanessamelendez/Documents/Codex/2026-08-09/nessie-portfolio/node_modules/wrangler 2'
326 silly reify ]
327 silly reify mark retired [
327 silly reify   '/Users/vanessamelendez/Documents/Codex/2026-08-09/nessie-portfolio/node_modules/ws'
327 silly reify ]
328 silly reify mark retired [
328 silly reify   '/Users/vanessamelendez/Documents/Codex/2026-08-09/nessie-portfolio/node_modules/yallist'
328 silly reify ]
329 silly reify mark retired [
329 silly reify   '/Users/vanessamelendez/Documents/Codex/2026-08-09/nessie-portfolio/node_modules/yallist 2'
329 silly reify ]
330 silly reify mark retired [
330 silly reify   '/Users/vanessamelendez/Documents/Codex/2026-08-09/nessie-portfolio/node_modules/yoga-layout'
330 silly reify ]
331 silly reify mark retired [
331 silly reify   '/Users/vanessamelendez/Documents/Codex/2026-08-09/nessie-portfolio/node_modules/youch'
331 silly reify ]
332 silly reify mark retired [
332 silly reify   '/Users/vanessamelendez/Documents/Codex/2026-08-09/nessie-portfolio/node_modules/youch 2'
332 silly reify ]
333 silly reify mark retired [
333 silly reify   '/Users/vanessamelendez/Documents/Codex/2026-08-09/nessie-portfolio/node_modules/zod'
333 silly reify ]
334 silly reify mark retired [
334 silly reify   '/Users/vanessamelendez/Documents/Codex/2026-08-09/nessie-portfolio/node_modules/youch-core'
334 silly reify ]
335 silly reify mark retired [
335 silly reify   '/Users/vanessamelendez/Documents/Codex/2026-08-09/nessie-portfolio/node_modules/zod-validation-error'
335 silly reify ]
336 silly reify mark retired [
336 silly reify   '/Users/vanessamelendez/Documents/Codex/2026-08-09/nessie-portfolio/node_modules/zod-validation-error 2'
336 silly reify ]
337 silly reify mark retired [
337 silly reify   '/Users/vanessamelendez/Documents/Codex/2026-08-09/nessie-portfolio/node_modules/@alloc/quick-lru'
337 silly reify ]
338 silly reify mark retired [
338 silly reify   '/Users/vanessamelendez/Documents/Codex/2026-08-09/nessie-portfolio/node_modules/@babel/code-frame'
338 silly reify ]
339 silly reify mark retired [
339 silly reify   '/Users/vanessamelendez/Documents/Codex/2026-08-09/nessie-portfolio/node_modules/wrangler'
339 silly reify ]
340 silly reify mark retired [
340 silly reify   '/Users/vanessamelendez/Documents/Codex/2026-08-09/nessie-portfolio/node_modules/@babel/generator'
340 silly reify ]
341 silly reify mark retired [
341 silly reify   '/Users/vanessamelendez/Documents/Codex/2026-08-09/nessie-portfolio/node_modules/@babel/compat-data'
341 silly reify ]
342 silly reify mark retired [
342 silly reify   '/Users/vanessamelendez/Documents/Codex/2026-08-09/nessie-portfolio/node_modules/@babel/core'
342 silly reify ]
343 silly reify mark retired [
343 silly reify   '/Users/vanessamelendez/Documents/Codex/2026-08-09/nessie-portfolio/node_modules/@babel/helper-module-imports'
343 silly reify ]
344 silly reify mark retired [
344 silly reify   '/Users/vanessamelendez/Documents/Codex/2026-08-09/nessie-portfolio/node_modules/@babel/helper-module-transforms'
344 silly reify ]
345 silly reify mark retired [
345 silly reify   '/Users/vanessamelendez/Documents/Codex/2026-08-09/nessie-portfolio/node_modules/@babel/helper-globals'
345 silly reify ]
346 silly reify mark retired [
346 silly reify   '/Users/vanessamelendez/Documents/Codex/2026-08-09/nessie-portfolio/node_modules/@babel/helpers'
346 silly reify ]
347 silly reify mark retired [
347 silly reify   '/Users/vanessamelendez/Documents/Codex/2026-08-09/nessie-portfolio/node_modules/@babel/helper-validator-option'
347 silly reify ]
348 silly reify mark retired [
348 silly reify   '/Users/vanessamelendez/Documents/Codex/2026-08-09/nessie-portfolio/node_modules/@babel/parser'
348 silly reify ]
349 silly reify mark retired [
349 silly reify   '/Users/vanessamelendez/Documents/Codex/2026-08-09/nessie-portfolio/node_modules/@babel/template'
349 silly reify ]
350 silly reify mark retired [
350 silly reify   '/Users/vanessamelendez/Documents/Codex/2026-08-09/nessie-portfolio/node_modules/@babel/traverse'
350 silly reify ]
351 silly reify mark retired [
351 silly reify   '/Users/vanessamelendez/Documents/Codex/2026-08-09/nessie-portfolio/node_modules/@babel/helper-compilation-targets'
351 silly reify ]
352 silly reify mark retired [
352 silly reify   '/Users/vanessamelendez/Documents/Codex/2026-08-09/nessie-portfolio/node_modules/@babel/types'
352 silly reify ]
353 silly reify mark retired [
353 silly reify   '/Users/vanessamelendez/Documents/Codex/2026-08-09/nessie-portfolio/node_modules/@cloudflare/kv-asset-handler'
353 silly reify ]
354 silly reify mark retired [
354 silly reify   '/Users/vanessamelendez/Documents/Codex/2026-08-09/nessie-portfolio/node_modules/@cloudflare/unenv-preset'
354 silly reify ]
355 silly reify mark retired [
355 silly reify   '/Users/vanessamelendez/Documents/Codex/2026-08-09/nessie-portfolio/node_modules/@cloudflare/vite-plugin'
355 silly reify ]
356 silly reify mark retired [
356 silly reify   '/Users/vanessamelendez/Documents/Codex/2026-08-09/nessie-portfolio/node_modules/@cloudflare/workerd-darwin-arm64'
356 silly reify ]
357 silly reify mark retired [
357 silly reify   '/Users/vanessamelendez/Documents/Codex/2026-08-09/nessie-portfolio/node_modules/@drizzle-team/brocli'
357 silly reify ]
358 silly reify mark retired [
358 silly reify   '/Users/vanessamelendez/Documents/Codex/2026-08-09/nessie-portfolio/node_modules/@emnapi/runtime'
358 silly reify ]
359 silly reify mark retired [
359 silly reify   '/Users/vanessamelendez/Documents/Codex/2026-08-09/nessie-portfolio/node_modules/@esbuild/darwin-arm64'
359 silly reify ]
360 silly reify mark retired [
360 silly reify   '/Users/vanessamelendez/Documents/Codex/2026-08-09/nessie-portfolio/node_modules/@esbuild-kit/core-utils'
360 silly reify ]
361 silly reify mark retired [
361 silly reify   '/Users/vanessamelendez/Documents/Codex/2026-08-09/nessie-portfolio/node_modules/@esbuild-kit/esm-loader'
361 silly reify ]
362 silly reify mark retired [
362 silly reify   '/Users/vanessamelendez/Documents/Codex/2026-08-09/nessie-portfolio/node_modules/@eslint/config-array'
362 silly reify ]
363 silly reify mark retired [
363 silly reify   '/Users/vanessamelendez/Documents/Codex/2026-08-09/nessie-portfolio/node_modules/@eslint/config-helpers'
363 silly reify ]
364 silly reify mark retired [
364 silly reify   '/Users/vanessamelendez/Documents/Codex/2026-08-09/nessie-portfolio/node_modules/@eslint/core'
364 silly reify ]
365 silly reify mark retired [
365 silly reify   '/Users/vanessamelendez/Documents/Codex/2026-08-09/nessie-portfolio/node_modules/@eslint/js'
365 silly reify ]
366 silly reify mark retired [
366 silly reify   '/Users/vanessamelendez/Documents/Codex/2026-08-09/nessie-portfolio/node_modules/@cspotcode/source-map-support'
366 silly reify ]
367 silly reify mark retired [
367 silly reify   '/Users/vanessamelendez/Documents/Codex/2026-08-09/nessie-portfolio/node_modules/@eslint/plugin-kit'
367 silly reify ]
368 silly reify mark retired [
368 silly reify   '/Users/vanessamelendez/Documents/Codex/2026-08-09/nessie-portfolio/node_modules/@img/colour'
368 silly reify ]
369 silly reify mark retired [
369 silly reify   '/Users/vanessamelendez/Documents/Codex/2026-08-09/nessie-portfolio/node_modules/@img/sharp-darwin-arm64'
369 silly reify ]
370 silly reify mark retired [
370 silly reify   '/Users/vanessamelendez/Documents/Codex/2026-08-09/nessie-portfolio/node_modules/@img/sharp-libvips-darwin-arm64'
370 silly reify ]
371 silly reify mark retired [
371 silly reify   '/Users/vanessamelendez/Documents/Codex/2026-08-09/nessie-portfolio/node_modules/@jridgewell/remapping'
371 silly reify ]
372 silly reify mark retired [
372 silly reify   '/Users/vanessamelendez/Documents/Codex/2026-08-09/nessie-portfolio/node_modules/@next/eslint-plugin-next'
372 silly reify ]
373 silly reify mark retired [
373 silly reify   '/Users/vanessamelendez/Documents/Codex/2026-08-09/nessie-portfolio/node_modules/@oxc-project/types'
373 silly reify ]
374 silly reify mark retired [
374 silly reify   '/Users/vanessamelendez/Documents/Codex/2026-08-09/nessie-portfolio/node_modules/@resvg/resvg-wasm'
374 silly reify ]
375 silly reify mark retired [
375 silly reify   '/Users/vanessamelendez/Documents/Codex/2026-08-09/nessie-portfolio/node_modules/@rolldown/binding-darwin-arm64'
375 silly reify ]
376 silly reify mark retired [
376 silly reify   '/Users/vanessamelendez/Documents/Codex/2026-08-09/nessie-portfolio/node_modules/@rolldown/pluginutils'
376 silly reify ]
377 silly reify mark retired [
377 silly reify   '/Users/vanessamelendez/Documents/Codex/2026-08-09/nessie-portfolio/node_modules/@sindresorhus/is'
377 silly reify ]
378 silly reify mark retired [
378 silly reify   '/Users/vanessamelendez/Documents/Codex/2026-08-09/nessie-portfolio/node_modules/@shuding/opentype.js'
378 silly reify ]
379 silly reify mark retired [
379 silly reify   '/Users/vanessamelendez/Documents/Codex/2026-08-09/nessie-portfolio/node_modules/@poppinss/colors'
379 silly reify ]
380 silly reify mark retired [
380 silly reify   '/Users/vanessamelendez/Documents/Codex/2026-08-09/nessie-portfolio/node_modules/@poppinss/dumper'
380 silly reify ]
381 silly reify mark retired [
381 silly reify   '/Users/vanessamelendez/Documents/Codex/2026-08-09/nessie-portfolio/node_modules/@speed-highlight/core'
381 silly reify ]
382 silly reify mark retired [
382 silly reify   '/Users/vanessamelendez/Documents/Codex/2026-08-09/nessie-portfolio/node_modules/@poppinss/exception'
382 silly reify ]
383 silly reify mark retired [
383 silly reify   '/Users/vanessamelendez/Documents/Codex/2026-08-09/nessie-portfolio/node_modules/@tailwindcss/node'
383 silly reify ]
384 silly reify mark retired [
384 silly reify   '/Users/vanessamelendez/Documents/Codex/2026-08-09/nessie-portfolio/node_modules/@tailwindcss/oxide'
384 silly reify ]
385 silly reify mark retired [
385 silly reify   '/Users/vanessamelendez/Documents/Codex/2026-08-09/nessie-portfolio/node_modules/@tailwindcss/oxide-darwin-arm64'
385 silly reify ]
386 silly reify mark retired [
386 silly reify   '/Users/vanessamelendez/Documents/Codex/2026-08-09/nessie-portfolio/node_modules/@tailwindcss/postcss'
386 silly reify ]
387 silly reify mark retired [
387 silly reify   '/Users/vanessamelendez/Documents/Codex/2026-08-09/nessie-portfolio/node_modules/@types/node'
387 silly reify ]
388 silly reify mark retired [
388 silly reify   '/Users/vanessamelendez/Documents/Codex/2026-08-09/nessie-portfolio/node_modules/@types/react'
388 silly reify ]
389 silly reify mark retired [
389 silly reify   '/Users/vanessamelendez/Documents/Codex/2026-08-09/nessie-portfolio/node_modules/@types/react-dom'
389 silly reify ]
390 silly reify mark retired [
390 silly reify   '/Users/vanessamelendez/Documents/Codex/2026-08-09/nessie-portfolio/node_modules/@typescript-eslint/eslint-plugin'
390 silly reify ]
391 silly reify mark retired [
391 silly reify   '/Users/vanessamelendez/Documents/Codex/2026-08-09/nessie-portfolio/node_modules/@typescript-eslint/parser'
391 silly reify ]
392 silly reify mark retired [
392 silly reify   '/Users/vanessamelendez/Documents/Codex/2026-08-09/nessie-portfolio/node_modules/@typescript-eslint/project-service'
392 silly reify ]
393 silly reify mark retired [
393 silly reify   '/Users/vanessamelendez/Documents/Codex/2026-08-09/nessie-portfolio/node_modules/@typescript-eslint/tsconfig-utils'
393 silly reify ]
394 silly reify mark retired [
394 silly reify   '/Users/vanessamelendez/Documents/Codex/2026-08-09/nessie-portfolio/node_modules/@typescript-eslint/type-utils'
394 silly reify ]
395 silly reify mark retired [
395 silly reify   '/Users/vanessamelendez/Documents/Codex/2026-08-09/nessie-portfolio/node_modules/@typescript-eslint/types'
395 silly reify ]
396 silly reify mark retired [
396 silly reify   '/Users/vanessamelendez/Documents/Codex/2026-08-09/nessie-portfolio/node_modules/@typescript-eslint/typescript-estree'
396 silly reify ]
397 silly reify mark retired [
397 silly reify   '/Users/vanessamelendez/Documents/Codex/2026-08-09/nessie-portfolio/node_modules/@typescript-eslint/utils'
397 silly reify ]
398 silly reify mark retired [
398 silly reify   '/Users/vanessamelendez/Documents/Codex/2026-08-09/nessie-portfolio/node_modules/@typescript-eslint/visitor-keys'
398 silly reify ]
399 silly reify mark retired [
399 silly reify   '/Users/vanessamelendez/Documents/Codex/2026-08-09/nessie-portfolio/node_modules/@unpic/core'
399 silly reify ]
400 silly reify mark retired [
400 silly reify   '/Users/vanessamelendez/Documents/Codex/2026-08-09/nessie-portfolio/node_modules/@unpic/react'
400 silly reify ]
401 silly reify mark retired [
401 silly reify   '/Users/vanessamelendez/Documents/Codex/2026-08-09/nessie-portfolio/node_modules/@vercel/og'
401 silly reify ]
402 silly reify mark retired [
402 silly reify   '/Users/vanessamelendez/Documents/Codex/2026-08-09/nessie-portfolio/node_modules/@vinext/types'
402 silly reify ]
403 silly reify mark retired [
403 silly reify   '/Users/vanessamelendez/Documents/Codex/2026-08-09/nessie-portfolio/node_modules/@vitejs/plugin-react'
403 silly reify ]
404 silly reify mark retired [
404 silly reify   '/Users/vanessamelendez/Documents/Codex/2026-08-09/nessie-portfolio/node_modules/@typescript-eslint/scope-manager'
404 silly reify ]
405 silly reify mark retired [
405 silly reify   '/Users/vanessamelendez/Documents/Codex/2026-08-09/nessie-portfolio/node_modules/@vitejs/plugin-rsc'
405 silly reify ]
406 silly reify moves {
406 silly reify   '/Users/vanessamelendez/Documents/Codex/2026-08-09/nessie-portfolio/node_modules/acorn': '/Users/vanessamelendez/Documents/Codex/2026-08-09/nessie-portfolio/node_modules/.acorn-6Lqu4W91',
406 silly reify   '/Users/vanessamelendez/Documents/Codex/2026-08-09/nessie-portfolio/node_modules/acorn-loose': '/Users/vanessamelendez/Documents/Codex/2026-08-09/nessie-portfolio/node_modules/.acorn-loose-TCaRaOz0',
406 silly reify   '/Users/vanessamelendez/Documents/Codex/2026-08-09/nessie-portfolio/node_modules/aria-query': '/Users/vanessamelendez/Documents/Codex/2026-08-09/nessie-portfolio/node_modules/.aria-query-ypeqeE6h',
406 silly reify   '/Users/vanessamelendez/Documents/Codex/2026-08-09/nessie-portfolio/node_modules/array-includes': '/Users/vanessamelendez/Documents/Codex/2026-08-09/nessie-portfolio/node_modules/.array-includes-ayGvESp3',
406 silly reify   '/Users/vanessamelendez/Documents/Codex/2026-08-09/nessie-portfolio/node_modules/array-buffer-byte-length': '/Users/vanessamelendez/Documents/Codex/2026-08-09/nessie-portfolio/node_modules/.array-buffer-byte-length-qD6fUnLp',
406 silly reify   '/Users/vanessamelendez/Documents/Codex/2026-08-09/nessie-portfolio/node_modules/array.prototype 2.flat': '/Users/vanessamelendez/Documents/Codex/2026-08-09/nessie-portfolio/node_modules/.array.prototype 2.flat-fNxE14l2',
406 silly reify   '/Users/vanessamelendez/Documents/Codex/2026-08-09/nessie-portfolio/node_modules/array.prototype.findlast': '/Users/vanessamelendez/Documents/Codex/2026-08-09/nessie-portfolio/node_modules/.array.prototype.findlast-pAsygkpr',
406 silly reify   '/Users/vanessamelendez/Documents/Codex/2026-08-09/nessie-portfolio/node_modules/array.prototype.flat': '/Users/vanessamelendez/Documents/Codex/2026-08-09/nessie-portfolio/node_modules/.array.prototype.flat-ALzUSXCM',
406 silly reify   '/Users/vanessamelendez/Documents/Codex/2026-08-09/nessie-portfolio/node_modules/array.prototype.flatmap': '/Users/vanessamelendez/Documents/Codex/2026-08-09/nessie-portfolio/node_modules/.array.prototype.flatmap-E7APcEBb',
406 silly reify   '/Users/vanessamelendez/Documents/Codex/2026-08-09/nessie-portfolio/node_modules/array.prototype.tosorted': '/Users/vanessamelendez/Documents/Codex/2026-08-09/nessie-portfolio/node_modules/.array.prototype.tosorted-0Oeh0YJB',
406 silly reify   '/Users/vanessamelendez/Documents/Codex/2026-08-09/nessie-portfolio/node_modules/array.prototype 2.flatmap': '/Users/vanessamelendez/Documents/Codex/2026-08-09/nessie-portfolio/node_modules/.array.prototype 2.flatmap-l4XlhuZH',
406 silly reify   '/Users/vanessamelendez/Documents/Codex/2026-08-09/nessie-portfolio/node_modules/arraybuffer.prototype 2.slice': '/Users/vanessamelendez/Documents/Codex/2026-08-09/nessie-portfolio/node_modules/.arraybuffer.prototype 2.slice-TE9H6PsW',
406 silly reify   '/Users/vanessamelendez/Documents/Codex/2026-08-09/nessie-portfolio/node_modules/arraybuffer.prototype.slice': '/Users/vanessamelendez/Documents/Codex/2026-08-09/nessie-portfolio/node_modules/.arraybuffer.prototype.slice-pu9uy1Rn',
406 silly reify   '/Users/vanessamelendez/Documents/Codex/2026-08-09/nessie-portfolio/node_modules/ast-types-flow': '/Users/vanessamelendez/Documents/Codex/2026-08-09/nessie-portfolio/node_modules/.ast-types-flow-iiyPOW0q',
406 silly reify   '/Users/vanessamelendez/Documents/Codex/2026-08-09/nessie-portfolio/node_modules/async-function': '/Users/vanessamelendez/Documents/Codex/2026-08-09/nessie-portfolio/node_modules/.async-function-ck5WdUxf',
406 silly reify   '/Users/vanessamelendez/Documents/Codex/2026-08-09/nessie-portfolio/node_modules/available-typed-arrays': '/Users/vanessamelendez/Documents/Codex/2026-08-09/nessie-portfolio/node_modules/.available-typed-arrays-XoLnpVok',
406 silly reify   '/Users/vanessamelendez/Documents/Codex/2026-08-09/nessie-portfolio/node_modules/array.prototype 2.tosorted': '/Users/vanessamelendez/Documents/Codex/2026-08-09/nessie-portfolio/node_modules/.array.prototype 2.tosorted-ChCMbBgy',
406 silly reify   '/Users/vanessamelendez/Documents/Codex/2026-08-09/nessie-portfolio/node_modules/axe-core': '/Users/vanessamelendez/Documents/Codex/2026-08-09/nessie-portfolio/node_modules/.axe-core-KIIGPCQy',
406 silly reify   '/Users/vanessamelendez/Documents/Codex/2026-08-09/nessie-portfolio/node_modules/axe-core 2': '/Users/vanessamelendez/Documents/Codex/2026-08-09/nessie-portfolio/node_modules/.axe-core 2-SthkP5H5',
406 silly reify   '/Users/vanessamelendez/Documents/Codex/2026-08-09/nessie-portfolio/node_modules/axobject-query': '/Users/vanessamelendez/Documents/Codex/2026-08-09/nessie-portfolio/node_modules/.axobject-query-d5uictB9',
406 silly reify   '/Users/vanessamelendez/Documents/Codex/2026-08-09/nessie-portfolio/node_modules/array-buffer-byte-length 2': '/Users/vanessamelendez/Documents/Codex/2026-08-09/nessie-portfolio/node_modules/.array-buffer-byte-length 2-uAZ6aEq9',
406 silly reify   '/Users/vanessamelendez/Documents/Codex/2026-08-09/nessie-portfolio/node_modules/base64-js': '/Users/vanessamelendez/Documents/Codex/2026-08-09/nessie-portfolio/node_modules/.base64-js-d52j3x1q',
406 silly reify   '/Users/vanessamelendez/Documents/Codex/2026-08-09/nessie-portfolio/node_modules/ast-types-flow 2': '/Users/vanessamelendez/Documents/Codex/2026-08-09/nessie-portfolio/node_modules/.ast-types-flow 2-4nMoLhRD',
406 silly reify   '/Users/vanessamelendez/Documents/Codex/2026-08-09/nessie-portfolio/node_modules/baseline-browser-mapping': '/Users/vanessamelendez/Documents/Codex/2026-08-09/nessie-portfolio/node_modules/.baseline-browser-mapping-eynAVOh4',
406 silly reify   '/Users/vanessamelendez/Documents/Codex/2026-08-09/nessie-portfolio/node_modules/blake3-wasm': '/Users/vanessamelendez/Documents/Codex/2026-08-09/nessie-portfolio/node_modules/.blake3-wasm-BfPwCXWr',
406 silly reify   '/Users/vanessamelendez/Documents/Codex/2026-08-09/nessie-portfolio/node_modules/blake3-wasm 2': '/Users/vanessamelendez/Documents/Codex/2026-08-09/nessie-portfolio/node_modules/.blake3-wasm 2-MH3S2y1b',
406 silly reify   '/Users/vanessamelendez/Documents/Codex/2026-08-09/nessie-portfolio/node_modules/available-typed-arrays 2': '/Users/vanessamelendez/Documents/Codex/2026-08-09/nessie-portfolio/node_modules/.available-typed-arrays 2-0B2PNjG4',
406 silly reify   '/Users/vanessamelendez/Documents/Codex/2026-08-09/nessie-portfolio/node_modules/browserslist': '/Users/vanessamelendez/Documents/Codex/2026-08-09/nessie-portfolio/node_modules/.browserslist-fP4LDP56',
406 silly reify   '/Users/vanessamelendez/Documents/Codex/2026-08-09/nessie-portfolio/node_modules/browserslist 2': '/Users/vanessamelendez/Documents/Codex/2026-08-09/nessie-portfolio/node_modules/.browserslist 2-zXByqzxD',
406 silly reify   '/Users/vanessamelendez/Documents/Codex/2026-08-09/nessie-portfolio/node_modules/baseline-browser-mapping 2': '/Users/vanessamelendez/Documents/Codex/2026-08-09/nessie-portfolio/node_modules/.baseline-browser-mapping 2-adMK8N1C',
406 silly reify   '/Users/vanessamelendez/Documents/Codex/2026-08-09/nessie-portfolio/node_modules/call-bind': '/Users/vanessamelendez/Documents/Codex/2026-08-09/nessie-portfolio/node_modules/.call-bind-UUEyPgpu',
406 silly reify   '/Users/vanessamelendez/Documents/Codex/2026-08-09/nessie-portfolio/node_modules/call-bound': '/Users/vanessamelendez/Documents/Codex/2026-08-09/nessie-portfolio/node_modules/.call-bound-64hRfmmf',
406 silly reify   '/Users/vanessamelendez/Documents/Codex/2026-08-09/nessie-portfolio/node_modules/call-bound 2': '/Users/vanessamelendez/Documents/Codex/2026-08-09/nessie-portfolio/node_modules/.call-bound 2-Nl5MKCLn',
406 silly reify   '/Users/vanessamelendez/Documents/Codex/2026-08-09/nessie-portfolio/node_modules/caniuse-lite': '/Users/vanessamelendez/Documents/Codex/2026-08-09/nessie-portfolio/node_modules/.caniuse-lite-gRegbLBP',
406 silly reify   '/Users/vanessamelendez/Documents/Codex/2026-08-09/nessie-portfolio/node_modules/camelize': '/Users/vanessamelendez/Documents/Codex/2026-08-09/nessie-portfolio/node_modules/.camelize-SdS6UgNf',
406 silly reify   '/Users/vanessamelendez/Documents/Codex/2026-08-09/nessie-portfolio/node_modules/caniuse-lite 2': '/Users/vanessamelendez/Documents/Codex/2026-08-09/nessie-portfolio/node_modules/.caniuse-lite 2-d8RMpiJx',
406 silly reify   '/Users/vanessamelendez/Documents/Codex/2026-08-09/nessie-portfolio/node_modules/convert-source-map': '/Users/vanessamelendez/Documents/Codex/2026-08-09/nessie-portfolio/node_modules/.convert-source-map-5NqHtl17',
406 silly reify   '/Users/vanessamelendez/Documents/Codex/2026-08-09/nessie-portfolio/node_modules/convert-source-map 2': '/Users/vanessamelendez/Documents/Codex/2026-08-09/nessie-portfolio/node_modules/.convert-source-map 2-FpDiV4zI',
406 silly reify   '/Users/vanessamelendez/Documents/Codex/2026-08-09/nessie-portfolio/node_modules/cookie 2': '/Users/vanessamelendez/Documents/Codex/2026-08-09/nessie-portfolio/node_modules/.cookie 2-fGBfXNom',
406 silly reify   '/Users/vanessamelendez/Documents/Codex/2026-08-09/nessie-portfolio/node_modules/cookie': '/Users/vanessamelendez/Documents/Codex/2026-08-09/nessie-portfolio/node_modules/.cookie-dMXMlqKa',
406 silly reify   '/Users/vanessamelendez/Documents/Codex/2026-08-09/nessie-portfolio/node_modules/css-background-parser': '/Users/vanessamelendez/Documents/Codex/2026-08-09/nessie-portfolio/node_modules/.css-background-parser-GcTN2u10',
406 silly reify   '/Users/vanessamelendez/Documents/Codex/2026-08-09/nessie-portfolio/node_modules/css-background-parser 2': '/Users/vanessamelendez/Documents/Codex/2026-08-09/nessie-portfolio/node_modules/.css-background-parser 2-dtimVUXg',
406 silly reify   '/Users/vanessamelendez/Documents/Codex/2026-08-09/nessie-portfolio/node_modules/css-box-shadow': '/Users/vanessamelendez/Documents/Codex/2026-08-09/nessie-portfolio/node_modules/.css-box-shadow-xv6ZW5YT',
406 silly reify   '/Users/vanessamelendez/Documents/Codex/2026-08-09/nessie-portfolio/node_modules/css-box-shadow 2': '/Users/vanessamelendez/Documents/Codex/2026-08-09/nessie-portfolio/node_modules/.css-box-shadow 2-fThoAAjt',
406 silly reify   '/Users/vanessamelendez/Documents/Codex/2026-08-09/nessie-portfolio/node_modules/css-color-keywords 2': '/Users/vanessamelendez/Documents/Codex/2026-08-09/nessie-portfolio/node_modules/.css-color-keywords 2-ZulISwPO',
406 silly reify   '/Users/vanessamelendez/Documents/Codex/2026-08-09/nessie-portfolio/node_modules/css-gradient-parser 2': '/Users/vanessamelendez/Documents/Codex/2026-08-09/nessie-portfolio/node_modules/.css-gradient-parser 2-j1GJjLzZ',
406 silly reify   '/Users/vanessamelendez/Documents/Codex/2026-08-09/nessie-portfolio/node_modules/css-color-keywords': '/Users/vanessamelendez/Documents/Codex/2026-08-09/nessie-portfolio/node_modules/.css-color-keywords-0ba8RMcR',
406 silly reify   '/Users/vanessamelendez/Documents/Codex/2026-08-09/nessie-portfolio/node_modules/css-gradient-parser': '/Users/vanessamelendez/Documents/Codex/2026-08-09/nessie-portfolio/node_modules/.css-gradient-parser-lLcOMJeK',
406 silly reify   '/Users/vanessamelendez/Documents/Codex/2026-08-09/nessie-portfolio/node_modules/css-to-react-native': '/Users/vanessamelendez/Documents/Codex/2026-08-09/nessie-portfolio/node_modules/.css-to-react-native-UzPmeiiW',
406 silly reify   '/Users/vanessamelendez/Documents/Codex/2026-08-09/nessie-portfolio/node_modules/damerau-levenshtein': '/Users/vanessamelendez/Documents/Codex/2026-08-09/nessie-portfolio/node_modules/.damerau-levenshtein-iMQtMiA0',
406 silly reify   '/Users/vanessamelendez/Documents/Codex/2026-08-09/nessie-portfolio/node_modules/data-view-buffer': '/Users/vanessamelendez/Documents/Codex/2026-08-09/nessie-portfolio/node_modules/.data-view-buffer-zsY6HEF4',
406 silly reify   '/Users/vanessamelendez/Documents/Codex/2026-08-09/nessie-portfolio/node_modules/data-view-buffer 2': '/Users/vanessamelendez/Documents/Codex/2026-08-09/nessie-portfolio/node_modules/.data-view-buffer 2-7lnvc1ss',
406 silly reify   '/Users/vanessamelendez/Documents/Codex/2026-08-09/nessie-portfolio/node_modules/data-view-byte-length': '/Users/vanessamelendez/Documents/Codex/2026-08-09/nessie-portfolio/node_modules/.data-view-byte-length-3V4CjLVj',
406 silly reify   '/Users/vanessamelendez/Documents/Codex/2026-08-09/nessie-portfolio/node_modules/data-view-byte-length 2': '/Users/vanessamelendez/Documents/Codex/2026-08-09/nessie-portfolio/node_modules/.data-view-byte-length 2-58ppB8w0',
406 silly reify   '/Users/vanessamelendez/Documents/Codex/2026-08-09/nessie-portfolio/node_modules/data-view-byte-offset': '/Users/vanessamelendez/Documents/Codex/2026-08-09/nessie-portfolio/node_modules/.data-view-byte-offset-TLCBdRE8',
406 silly reify   '/Users/vanessamelendez/Documents/Codex/2026-08-09/nessie-portfolio/node_modules/data-view-byte-offset 2': '/Users/vanessamelendez/Documents/Codex/2026-08-09/nessie-portfolio/node_modules/.data-view-byte-offset 2-5xHGJwim',
406 silly reify   '/Users/vanessamelendez/Documents/Codex/2026-08-09/nessie-portfolio/node_modules/define-data-property': '/Users/vanessamelendez/Documents/Codex/2026-08-09/nessie-portfolio/node_modules/.define-data-property-3wJVxoNo',
406 silly reify   '/Users/vanessamelendez/Documents/Codex/2026-08-09/nessie-portfolio/node_modules/define-properties': '/Users/vanessamelendez/Documents/Codex/2026-08-09/nessie-portfolio/node_modules/.define-properties-BWAoyYHe',
406 silly reify   '/Users/vanessamelendez/Documents/Codex/2026-08-09/nessie-portfolio/node_modules/doctrine': '/Users/vanessamelendez/Documents/Codex/2026-08-09/nessie-portfolio/node_modules/.doctrine-g6yKFcsE',
406 silly reify   '/Users/vanessamelendez/Documents/Codex/2026-08-09/nessie-portfolio/node_modules/drizzle-kit 2': '/Users/vanessamelendez/Documents/Codex/2026-08-09/nessie-portfolio/node_modules/.drizzle-kit 2-yMCoxxxg',
406 silly reify   '/Users/vanessamelendez/Documents/Codex/2026-08-09/nessie-portfolio/node_modules/drizzle-orm': '/Users/vanessamelendez/Documents/Codex/2026-08-09/nessie-portfolio/node_modules/.drizzle-orm-rikypQq8',
406 silly reify   '/Users/vanessamelendez/Documents/Codex/2026-08-09/nessie-portfolio/node_modules/electron-to-chromium': '/Users/vanessamelendez/Documents/Codex/2026-08-09/nessie-portfolio/node_modules/.electron-to-chromium-5EgnRpbR',
406 silly reify   '/Users/vanessamelendez/Documents/Codex/2026-08-09/nessie-portfolio/node_modules/electron-to-chromium 2': '/Users/vanessamelendez/Documents/Codex/2026-08-09/nessie-portfolio/node_modules/.electron-to-chromium 2-vmPpw039',
406 silly reify   '/Users/vanessamelendez/Documents/Codex/2026-08-09/nessie-portfolio/node_modules/drizzle-kit': '/Users/vanessamelendez/Documents/Codex/2026-08-09/nessie-portfolio/node_modules/.drizzle-kit-uZT2Oi0C',
406 silly reify   '/Users/vanessamelendez/Documents/Codex/2026-08-09/nessie-portfolio/node_modules/emoji-regex-xs': '/Users/vanessamelendez/Documents/Codex/2026-08-09/nessie-portfolio/node_modules/.emoji-regex-xs-6Al8O9xA',
406 silly reify   '/Users/vanessamelendez/Documents/Codex/2026-08-09/nessie-portfolio/node_modules/enhanced-resolve': '/Users/vanessamelendez/Documents/Codex/2026-08-09/nessie-portfolio/node_modules/.enhanced-resolve-HGXxibLe',
406 silly reify   '/Users/vanessamelendez/Documents/Codex/2026-08-09/nessie-portfolio/node_modules/enhanced-resolve 2': '/Users/vanessamelendez/Documents/Codex/2026-08-09/nessie-portfolio/node_modules/.enhanced-resolve 2-hxMYxzf0',
406 silly reify   '/Users/vanessamelendez/Documents/Codex/2026-08-09/nessie-portfolio/node_modules/error-stack-parser-es': '/Users/vanessamelendez/Documents/Codex/2026-08-09/nessie-portfolio/node_modules/.error-stack-parser-es-DDNzdSeq',
406 silly reify   '/Users/vanessamelendez/Documents/Codex/2026-08-09/nessie-portfolio/node_modules/es-abstract': '/Users/vanessamelendez/Documents/Codex/2026-08-09/nessie-portfolio/node_modules/.es-abstract-N5ygx4h0',
406 silly reify   '/Users/vanessamelendez/Documents/Codex/2026-08-09/nessie-portfolio/node_modules/drizzle-orm 2': '/Users/vanessamelendez/Documents/Codex/2026-08-09/nessie-portfolio/node_modules/.drizzle-orm 2-w5SL7QEy',
406 silly reify   '/Users/vanessamelendez/Documents/Codex/2026-08-09/nessie-portfolio/node_modules/es-iterator-helpers': '/Users/vanessamelendez/Documents/Codex/2026-08-09/nessie-portfolio/node_modules/.es-iterator-helpers-Rk1Q87jt',
406 silly reify   '/Users/vanessamelendez/Documents/Codex/2026-08-09/nessie-portfolio/node_modules/es-iterator-helpers 2': '/Users/vanessamelendez/Documents/Codex/2026-08-09/nessie-portfolio/node_modules/.es-iterator-helpers 2-uGtnIsLi',
406 silly reify   '/Users/vanessamelendez/Documents/Codex/2026-08-09/nessie-portfolio/node_modules/es-object-atoms': '/Users/vanessamelendez/Documents/Codex/2026-08-09/nessie-portfolio/node_modules/.es-object-atoms-mKdMni8U',
406 silly reify   '/Users/vanessamelendez/Documents/Codex/2026-08-09/nessie-portfolio/node_modules/es-object-atoms 2': '/Users/vanessamelendez/Documents/Codex/2026-08-09/nessie-portfolio/node_modules/.es-object-atoms 2-3tlSrpNR',
406 silly reify   '/Users/vanessamelendez/Documents/Codex/2026-08-09/nessie-portfolio/node_modules/es-shim-unscopables': '/Users/vanessamelendez/Documents/Codex/2026-08-09/nessie-portfolio/node_modules/.es-shim-unscopables-5SuZnXHv',
406 silly reify   '/Users/vanessamelendez/Documents/Codex/2026-08-09/nessie-portfolio/node_modules/es-to-primitive': '/Users/vanessamelendez/Documents/Codex/2026-08-09/nessie-portfolio/node_modules/.es-to-primitive-S5AVqKKW',
406 silly reify   '/Users/vanessamelendez/Documents/Codex/2026-08-09/nessie-portfolio/node_modules/es-to-primitive 2': '/Users/vanessamelendez/Documents/Codex/2026-08-09/nessie-portfolio/node_modules/.es-to-primitive 2-Lx7cfa7E',
406 silly reify   '/Users/vanessamelendez/Documents/Codex/2026-08-09/nessie-portfolio/node_modules/esbuild': '/Users/vanessamelendez/Documents/Codex/2026-08-09/nessie-portfolio/node_modules/.esbuild-23kA2a4M',
406 silly reify   '/Users/vanessamelendez/Documents/Codex/2026-08-09/nessie-portfolio/node_modules/escape-html 2': '/Users/vanessamelendez/Documents/Codex/2026-08-09/nessie-portfolio/node_modules/.escape-html 2-eXFbXujc',
406 silly reify   '/Users/vanessamelendez/Documents/Codex/2026-08-09/nessie-portfolio/node_modules/eslint 2': '/Users/vanessamelendez/Documents/Codex/2026-08-09/nessie-portfolio/node_modules/.eslint 2-XAEHFE55',
406 silly reify   '/Users/vanessamelendez/Documents/Codex/2026-08-09/nessie-portfolio/node_modules/escape-html': '/Users/vanessamelendez/Documents/Codex/2026-08-09/nessie-portfolio/node_modules/.escape-html-AscAIAyg',
406 silly reify   '/Users/vanessamelendez/Documents/Codex/2026-08-09/nessie-portfolio/node_modules/eslint': '/Users/vanessamelendez/Documents/Codex/2026-08-09/nessie-portfolio/node_modules/.eslint-d90TikcK',
406 silly reify   '/Users/vanessamelendez/Documents/Codex/2026-08-09/nessie-portfolio/node_modules/eslint-plugin-jsx-a11y': '/Users/vanessamelendez/Documents/Codex/2026-08-09/nessie-portfolio/node_modules/.eslint-plugin-jsx-a11y-7H3CLLLM',
406 silly reify   '/Users/vanessamelendez/Documents/Codex/2026-08-09/nessie-portfolio/node_modules/eslint-plugin-react': '/Users/vanessamelendez/Documents/Codex/2026-08-09/nessie-portfolio/node_modules/.eslint-plugin-react-g90oZtS0',
406 silly reify   '/Users/vanessamelendez/Documents/Codex/2026-08-09/nessie-portfolio/node_modules/eslint-plugin-react-hooks': '/Users/vanessamelendez/Documents/Codex/2026-08-09/nessie-portfolio/node_modules/.eslint-plugin-react-hooks-6SflUclh',
406 silly reify   '/Users/vanessamelendez/Documents/Codex/2026-08-09/nessie-portfolio/node_modules/eslint-plugin-react-hooks 2': '/Users/vanessamelendez/Documents/Codex/2026-08-09/nessie-portfolio/node_modules/.eslint-plugin-react-hooks 2-dmphFs3R',
406 silly reify   '/Users/vanessamelendez/Documents/Codex/2026-08-09/nessie-portfolio/node_modules/estree-walker': '/Users/vanessamelendez/Documents/Codex/2026-08-09/nessie-portfolio/node_modules/.estree-walker-bnGET1LR',
406 silly reify   '/Users/vanessamelendez/Documents/Codex/2026-08-09/nessie-portfolio/node_modules/estree-walker 2': '/Users/vanessamelendez/Documents/Codex/2026-08-09/nessie-portfolio/node_modules/.estree-walker 2-uEjUlBZc',
406 silly reify   '/Users/vanessamelendez/Documents/Codex/2026-08-09/nessie-portfolio/node_modules/fast-glob': '/Users/vanessamelendez/Documents/Codex/2026-08-09/nessie-portfolio/node_modules/.fast-glob-8E2EKW5C',
406 silly reify   '/Users/vanessamelendez/Documents/Codex/2026-08-09/nessie-portfolio/node_modules/fast-uri': '/Users/vanessamelendez/Documents/Codex/2026-08-09/nessie-portfolio/node_modules/.fast-uri-uYFXjgFD',
406 silly reify   '/Users/vanessamelendez/Documents/Codex/2026-08-09/nessie-portfolio/node_modules/fast-uri 2': '/Users/vanessamelendez/Documents/Codex/2026-08-09/nessie-portfolio/node_modules/.fast-uri 2-tXh3V7EP',
406 silly reify   '/Users/vanessamelendez/Documents/Codex/2026-08-09/nessie-portfolio/node_modules/fflate': '/Users/vanessamelendez/Documents/Codex/2026-08-09/nessie-portfolio/node_modules/.fflate-YXpEikGQ',
406 silly reify   '/Users/vanessamelendez/Documents/Codex/2026-08-09/nessie-portfolio/node_modules/fflate 2': '/Users/vanessamelendez/Documents/Codex/2026-08-09/nessie-portfolio/node_modules/.fflate 2-wNvP1iSj',
406 silly reify   '/Users/vanessamelendez/Documents/Codex/2026-08-09/nessie-portfolio/node_modules/for-each': '/Users/vanessamelendez/Documents/Codex/2026-08-09/nessie-portfolio/node_modules/.for-each-8WKvv33y',
406 silly reify   '/Users/vanessamelendez/Documents/Codex/2026-08-09/nessie-portfolio/node_modules/function.prototype 2.name': '/Users/vanessamelendez/Documents/Codex/2026-08-09/nessie-portfolio/node_modules/.function.prototype 2.name-5hZKKvBS',
406 silly reify   '/Users/vanessamelendez/Documents/Codex/2026-08-09/nessie-portfolio/node_modules/function.prototype.name': '/Users/vanessamelendez/Documents/Codex/2026-08-09/nessie-portfolio/node_modules/.function.prototype.name-D1dmhvER',
406 silly reify   '/Users/vanessamelendez/Documents/Codex/2026-08-09/nessie-portfolio/node_modules/functions-have-names': '/Users/vanessamelendez/Documents/Codex/2026-08-09/nessie-portfolio/node_modules/.functions-have-names-LC9u0ENa',
406 silly reify   '/Users/vanessamelendez/Documents/Codex/2026-08-09/nessie-portfolio/node_modules/generator-function': '/Users/vanessamelendez/Documents/Codex/2026-08-09/nessie-portfolio/node_modules/.generator-function-sAzomVUQ',
406 silly reify   '/Users/vanessamelendez/Documents/Codex/2026-08-09/nessie-portfolio/node_modules/functions-have-names 2': '/Users/vanessamelendez/Documents/Codex/2026-08-09/nessie-portfolio/node_modules/.functions-have-names 2-qiC2mxho',
406 silly reify   '/Users/vanessamelendez/Documents/Codex/2026-08-09/nessie-portfolio/node_modules/generator-function 2': '/Users/vanessamelendez/Documents/Codex/2026-08-09/nessie-portfolio/node_modules/.generator-function 2-VmuPNOmw',
406 silly reify   '/Users/vanessamelendez/Documents/Codex/2026-08-09/nessie-portfolio/node_modules/gensync': '/Users/vanessamelendez/Documents/Codex/2026-08-09/nessie-portfolio/node_modules/.gensync-2h4iqvnB',
406 silly reify   '/Users/vanessamelendez/Documents/Codex/2026-08-09/nessie-portfolio/node_modules/get-symbol-description': '/Users/vanessamelendez/Documents/Codex/2026-08-09/nessie-portfolio/node_modules/.get-symbol-description-P8w1iHuW',
406 silly reify   '/Users/vanessamelendez/Documents/Codex/2026-08-09/nessie-portfolio/node_modules/get-symbol-description 2': '/Users/vanessamelendez/Documents/Codex/2026-08-09/nessie-portfolio/node_modules/.get-symbol-description 2-nHl4Lre6',
406 silly reify   '/Users/vanessamelendez/Documents/Codex/2026-08-09/nessie-portfolio/node_modules/get-tsconfig': '/Users/vanessamelendez/Documents/Codex/2026-08-09/nessie-portfolio/node_modules/.get-tsconfig-WMxz0Df6',
406 silly reify   '/Users/vanessamelendez/Documents/Codex/2026-08-09/nessie-portfolio/node_modules/globals': '/Users/vanessamelendez/Documents/Codex/2026-08-09/nessie-portfolio/node_modules/.globals-8LJZPIJL',
406 silly reify   '/Users/vanessamelendez/Documents/Codex/2026-08-09/nessie-portfolio/node_modules/globals 2': '/Users/vanessamelendez/Documents/Codex/2026-08-09/nessie-portfolio/node_modules/.globals 2-VaQe4Qxi',
406 silly reify   '/Users/vanessamelendez/Documents/Codex/2026-08-09/nessie-portfolio/node_modules/globalthis': '/Users/vanessamelendez/Documents/Codex/2026-08-09/nessie-portfolio/node_modules/.globalthis-zNljBudO',
406 silly reify   '/Users/vanessamelendez/Documents/Codex/2026-08-09/nessie-portfolio/node_modules/has-bigints': '/Users/vanessamelendez/Documents/Codex/2026-08-09/nessie-portfolio/node_modules/.has-bigints-QALIMZ6J',
406 silly reify   '/Users/vanessamelendez/Documents/Codex/2026-08-09/nessie-portfolio/node_modules/has-bigints 2': '/Users/vanessamelendez/Documents/Codex/2026-08-09/nessie-portfolio/node_modules/.has-bigints 2-Zm9IPN96',
406 silly reify   '/Users/vanessamelendez/Documents/Codex/2026-08-09/nessie-portfolio/node_modules/has-property-descriptors': '/Users/vanessamelendez/Documents/Codex/2026-08-09/nessie-portfolio/node_modules/.has-property-descriptors-Q0LDXoY4',
406 silly reify   '/Users/vanessamelendez/Documents/Codex/2026-08-09/nessie-portfolio/node_modules/has-property-descriptors 2': '/Users/vanessamelendez/Documents/Codex/2026-08-09/nessie-portfolio/node_modules/.has-property-descriptors 2-D7FIBtgu',
406 silly reify   '/Users/vanessamelendez/Documents/Codex/2026-08-09/nessie-portfolio/node_modules/has-proto': '/Users/vanessamelendez/Documents/Codex/2026-08-09/nessie-portfolio/node_modules/.has-proto-LgXHRQFU',
406 silly reify   '/Users/vanessamelendez/Documents/Codex/2026-08-09/nessie-portfolio/node_modules/hasown': '/Users/vanessamelendez/Documents/Codex/2026-08-09/nessie-portfolio/node_modules/.hasown-nL9kkeDA',
406 silly reify   '/Users/vanessamelendez/Documents/Codex/2026-08-09/nessie-portfolio/node_modules/hermes-estree 2': '/Users/vanessamelendez/Documents/Codex/2026-08-09/nessie-portfolio/node_modules/.hermes-estree 2-gYUwWLKm',
406 silly reify   '/Users/vanessamelendez/Documents/Codex/2026-08-09/nessie-portfolio/node_modules/hermes-parser 2': '/Users/vanessamelendez/Documents/Codex/2026-08-09/nessie-portfolio/node_modules/.hermes-parser 2-O1p81y1t',
406 silly reify   '/Users/vanessamelendez/Documents/Codex/2026-08-09/nessie-portfolio/node_modules/hermes-estree': '/Users/vanessamelendez/Documents/Codex/2026-08-09/nessie-portfolio/node_modules/.hermes-estree-zzMxFgTP',
406 silly reify   '/Users/vanessamelendez/Documents/Codex/2026-08-09/nessie-portfolio/node_modules/hex-rgb': '/Users/vanessamelendez/Documents/Codex/2026-08-09/nessie-portfolio/node_modules/.hex-rgb-7VsOZXVj',
406 silly reify   '/Users/vanessamelendez/Documents/Codex/2026-08-09/nessie-portfolio/node_modules/hermes-parser': '/Users/vanessamelendez/Documents/Codex/2026-08-09/nessie-portfolio/node_modules/.hermes-parser-BBs5scHE',
406 silly reify   '/Users/vanessamelendez/Documents/Codex/2026-08-09/nessie-portfolio/node_modules/image-size': '/Users/vanessamelendez/Documents/Codex/2026-08-09/nessie-portfolio/node_modules/.image-size-hTt4AH1p',
406 silly reify   '/Users/vanessamelendez/Documents/Codex/2026-08-09/nessie-portfolio/node_modules/ipaddr 2.js': '/Users/vanessamelendez/Documents/Codex/2026-08-09/nessie-portfolio/node_modules/.ipaddr 2.js-sFmU3kn4',
406 silly reify   '/Users/vanessamelendez/Documents/Codex/2026-08-09/nessie-portfolio/node_modules/internal-slot 2': '/Users/vanessamelendez/Documents/Codex/2026-08-09/nessie-portfolio/node_modules/.internal-slot 2-peH0aHf4',
406 silly reify   '/Users/vanessamelendez/Documents/Codex/2026-08-09/nessie-portfolio/node_modules/ipaddr.js': '/Users/vanessamelendez/Documents/Codex/2026-08-09/nessie-portfolio/node_modules/.ipaddr.js-8ZEPjjbP',
406 silly reify   '/Users/vanessamelendez/Documents/Codex/2026-08-09/nessie-portfolio/node_modules/is-array-buffer': '/Users/vanessamelendez/Documents/Codex/2026-08-09/nessie-portfolio/node_modules/.is-array-buffer-gBXnlkfE',
406 silly reify   '/Users/vanessamelendez/Documents/Codex/2026-08-09/nessie-portfolio/node_modules/is-bigint': '/Users/vanessamelendez/Documents/Codex/2026-08-09/nessie-portfolio/node_modules/.is-bigint-ays88kPw',
406 silly reify   '/Users/vanessamelendez/Documents/Codex/2026-08-09/nessie-portfolio/node_modules/is-async-function': '/Users/vanessamelendez/Documents/Codex/2026-08-09/nessie-portfolio/node_modules/.is-async-function-23GjAQAS',
406 silly reify   '/Users/vanessamelendez/Documents/Codex/2026-08-09/nessie-portfolio/node_modules/is-boolean-object': '/Users/vanessamelendez/Documents/Codex/2026-08-09/nessie-portfolio/node_modules/.is-boolean-object-m0iuXjVK',
406 silly reify   '/Users/vanessamelendez/Documents/Codex/2026-08-09/nessie-portfolio/node_modules/is-boolean-object 2': '/Users/vanessamelendez/Documents/Codex/2026-08-09/nessie-portfolio/node_modules/.is-boolean-object 2-kqpFRKhH',
406 silly reify   '/Users/vanessamelendez/Documents/Codex/2026-08-09/nessie-portfolio/node_modules/is-callable': '/Users/vanessamelendez/Documents/Codex/2026-08-09/nessie-portfolio/node_modules/.is-callable-5tq9Ckg2',
406 silly reify   '/Users/vanessamelendez/Documents/Codex/2026-08-09/nessie-portfolio/node_modules/is-core-module': '/Users/vanessamelendez/Documents/Codex/2026-08-09/nessie-portfolio/node_modules/.is-core-module-QumeQk0P',
406 silly reify   '/Users/vanessamelendez/Documents/Codex/2026-08-09/nessie-portfolio/node_modules/is-data-view': '/Users/vanessamelendez/Documents/Codex/2026-08-09/nessie-portfolio/node_modules/.is-data-view-ZF89lkBI',
406 silly reify   '/Users/vanessamelendez/Documents/Codex/2026-08-09/nessie-portfolio/node_modules/is-finalizationregistry': '/Users/vanessamelendez/Documents/Codex/2026-08-09/nessie-portfolio/node_modules/.is-finalizationregistry-BaU3BoIJ',
406 silly reify   '/Users/vanessamelendez/Documents/Codex/2026-08-09/nessie-portfolio/node_modules/is-date-object': '/Users/vanessamelendez/Documents/Codex/2026-08-09/nessie-portfolio/node_modules/.is-date-object-eJZ3vPer',
406 silly reify   '/Users/vanessamelendez/Documents/Codex/2026-08-09/nessie-portfolio/node_modules/is-generator-function': '/Users/vanessamelendez/Documents/Codex/2026-08-09/nessie-portfolio/node_modules/.is-generator-function-5PGi1rY4',
406 silly reify   '/Users/vanessamelendez/Documents/Codex/2026-08-09/nessie-portfolio/node_modules/is-finalizationregistry 2': '/Users/vanessamelendez/Documents/Codex/2026-08-09/nessie-portfolio/node_modules/.is-finalizationregistry 2-K3c4XnOa',
406 silly reify   '/Users/vanessamelendez/Documents/Codex/2026-08-09/nessie-portfolio/node_modules/is-map 2': '/Users/vanessamelendez/Documents/Codex/2026-08-09/nessie-portfolio/node_modules/.is-map 2-lOe6Thw1',
406 silly reify   '/Users/vanessamelendez/Documents/Codex/2026-08-09/nessie-portfolio/node_modules/is-map': '/Users/vanessamelendez/Documents/Codex/2026-08-09/nessie-portfolio/node_modules/.is-map-tDibgNGM',
406 silly reify   '/Users/vanessamelendez/Documents/Codex/2026-08-09/nessie-portfolio/node_modules/is-negative-zero': '/Users/vanessamelendez/Documents/Codex/2026-08-09/nessie-portfolio/node_modules/.is-negative-zero-sqvdcypn',
406 silly reify   '/Users/vanessamelendez/Documents/Codex/2026-08-09/nessie-portfolio/node_modules/internal-slot': '/Users/vanessamelendez/Documents/Codex/2026-08-09/nessie-portfolio/node_modules/.internal-slot-I0cTottB',
406 silly reify   '/Users/vanessamelendez/Documents/Codex/2026-08-09/nessie-portfolio/node_modules/is-negative-zero 2': '/Users/vanessamelendez/Documents/Codex/2026-08-09/nessie-portfolio/node_modules/.is-negative-zero 2-n3ir8XhD',
406 silly reify   '/Users/vanessamelendez/Documents/Codex/2026-08-09/nessie-portfolio/node_modules/is-regex': '/Users/vanessamelendez/Documents/Codex/2026-08-09/nessie-portfolio/node_modules/.is-regex-4O28m8S4',
406 silly reify   '/Users/vanessamelendez/Documents/Codex/2026-08-09/nessie-portfolio/node_modules/is-set': '/Users/vanessamelendez/Documents/Codex/2026-08-09/nessie-portfolio/node_modules/.is-set-ZiLrEp5U',
406 silly reify   '/Users/vanessamelendez/Documents/Codex/2026-08-09/nessie-portfolio/node_modules/is-regex 2': '/Users/vanessamelendez/Documents/Codex/2026-08-09/nessie-portfolio/node_modules/.is-regex 2-JSlOxFXW',
406 silly reify   '/Users/vanessamelendez/Documents/Codex/2026-08-09/nessie-portfolio/node_modules/is-set 2': '/Users/vanessamelendez/Documents/Codex/2026-08-09/nessie-portfolio/node_modules/.is-set 2-fdSfGj2r',
406 silly reify   '/Users/vanessamelendez/Documents/Codex/2026-08-09/nessie-portfolio/node_modules/is-string': '/Users/vanessamelendez/Documents/Codex/2026-08-09/nessie-portfolio/node_modules/.is-string-kxB3DTzJ',
406 silly reify   '/Users/vanessamelendez/Documents/Codex/2026-08-09/nessie-portfolio/node_modules/is-string 2': '/Users/vanessamelendez/Documents/Codex/2026-08-09/nessie-portfolio/node_modules/.is-string 2-ZlIYkgE5',
406 silly reify   '/Users/vanessamelendez/Documents/Codex/2026-08-09/nessie-portfolio/node_modules/is-number-object': '/Users/vanessamelendez/Documents/Codex/2026-08-09/nessie-portfolio/node_modules/.is-number-object-7QDchbQv',
406 silly reify   '/Users/vanessamelendez/Documents/Codex/2026-08-09/nessie-portfolio/node_modules/is-typed-array 2': '/Users/vanessamelendez/Documents/Codex/2026-08-09/nessie-portfolio/node_modules/.is-typed-array 2-l9gHsSpM',
406 silly reify   '/Users/vanessamelendez/Documents/Codex/2026-08-09/nessie-portfolio/node_modules/is-shared-array-buffer': '/Users/vanessamelendez/Documents/Codex/2026-08-09/nessie-portfolio/node_modules/.is-shared-array-buffer-mLhxpaEn',
406 silly reify   '/Users/vanessamelendez/Documents/Codex/2026-08-09/nessie-portfolio/node_modules/is-symbol': '/Users/vanessamelendez/Documents/Codex/2026-08-09/nessie-portfolio/node_modules/.is-symbol-XbcouwRq',
406 silly reify   '/Users/vanessamelendez/Documents/Codex/2026-08-09/nessie-portfolio/node_modules/is-weakmap': '/Users/vanessamelendez/Documents/Codex/2026-08-09/nessie-portfolio/node_modules/.is-weakmap-KgcgVRlt',
406 silly reify   '/Users/vanessamelendez/Documents/Codex/2026-08-09/nessie-portfolio/node_modules/is-typed-array': '/Users/vanessamelendez/Documents/Codex/2026-08-09/nessie-portfolio/node_modules/.is-typed-array-RNQWHUiU',
406 silly reify   '/Users/vanessamelendez/Documents/Codex/2026-08-09/nessie-portfolio/node_modules/is-weakref': '/Users/vanessamelendez/Documents/Codex/2026-08-09/nessie-portfolio/node_modules/.is-weakref-RsqqYcu1',
406 silly reify   '/Users/vanessamelendez/Documents/Codex/2026-08-09/nessie-portfolio/node_modules/is-weakset 2': '/Users/vanessamelendez/Documents/Codex/2026-08-09/nessie-portfolio/node_modules/.is-weakset 2-0r9DrKR0',
406 silly reify   '/Users/vanessamelendez/Documents/Codex/2026-08-09/nessie-portfolio/node_modules/is-weakref 2': '/Users/vanessamelendez/Documents/Codex/2026-08-09/nessie-portfolio/node_modules/.is-weakref 2-pQaLXCRG',
406 silly reify   '/Users/vanessamelendez/Documents/Codex/2026-08-09/nessie-portfolio/node_modules/is-weakset': '/Users/vanessamelendez/Documents/Codex/2026-08-09/nessie-portfolio/node_modules/.is-weakset-ROx9pLWN',
406 silly reify   '/Users/vanessamelendez/Documents/Codex/2026-08-09/nessie-portfolio/node_modules/iterator.prototype': '/Users/vanessamelendez/Documents/Codex/2026-08-09/nessie-portfolio/node_modules/.iterator.prototype-3KxSyIsJ',
406 silly reify   '/Users/vanessamelendez/Documents/Codex/2026-08-09/nessie-portfolio/node_modules/isarray': '/Users/vanessamelendez/Documents/Codex/2026-08-09/nessie-portfolio/node_modules/.isarray-FAJl7ga3',
406 silly reify   '/Users/vanessamelendez/Documents/Codex/2026-08-09/nessie-portfolio/node_modules/jiti': '/Users/vanessamelendez/Documents/Codex/2026-08-09/nessie-portfolio/node_modules/.jiti-H9QtNgXz',
406 silly reify   '/Users/vanessamelendez/Documents/Codex/2026-08-09/nessie-portfolio/node_modules/jiti 2': '/Users/vanessamelendez/Documents/Codex/2026-08-09/nessie-portfolio/node_modules/.jiti 2-Ctj1yJVF',
406 silly reify   '/Users/vanessamelendez/Documents/Codex/2026-08-09/nessie-portfolio/node_modules/js-tokens': '/Users/vanessamelendez/Documents/Codex/2026-08-09/nessie-portfolio/node_modules/.js-tokens-WY0lquEK',
406 silly reify   '/Users/vanessamelendez/Documents/Codex/2026-08-09/nessie-portfolio/node_modules/js-yaml': '/Users/vanessamelendez/Documents/Codex/2026-08-09/nessie-portfolio/node_modules/.js-yaml-R706oRER',
406 silly reify   '/Users/vanessamelendez/Documents/Codex/2026-08-09/nessie-portfolio/node_modules/jsesc': '/Users/vanessamelendez/Documents/Codex/2026-08-09/nessie-portfolio/node_modules/.jsesc-RpDNaH1a',
406 silly reify   '/Users/vanessamelendez/Documents/Codex/2026-08-09/nessie-portfolio/node_modules/jsesc 2': '/Users/vanessamelendez/Documents/Codex/2026-08-09/nessie-portfolio/node_modules/.jsesc 2-GLfTREWe',
406 silly reify   '/Users/vanessamelendez/Documents/Codex/2026-08-09/nessie-portfolio/node_modules/json5': '/Users/vanessamelendez/Documents/Codex/2026-08-09/nessie-portfolio/node_modules/.json5-yGEmMXZE',
406 silly reify   '/Users/vanessamelendez/Documents/Codex/2026-08-09/nessie-portfolio/node_modules/jsx-ast-utils': '/Users/vanessamelendez/Documents/Codex/2026-08-09/nessie-portfolio/node_modules/.jsx-ast-utils-tW5rnbRs',
406 silly reify   '/Users/vanessamelendez/Documents/Codex/2026-08-09/nessie-portfolio/node_modules/jsx-ast-utils 2': '/Users/vanessamelendez/Documents/Codex/2026-08-09/nessie-portfolio/node_modules/.jsx-ast-utils 2-LNJA2HI2',
406 silly reify   '/Users/vanessamelendez/Documents/Codex/2026-08-09/nessie-portfolio/node_modules/kleur': '/Users/vanessamelendez/Documents/Codex/2026-08-09/nessie-portfolio/node_modules/.kleur-5vOxOypN',
406 silly reify   '/Users/vanessamelendez/Documents/Codex/2026-08-09/nessie-portfolio/node_modules/kleur 2': '/Users/vanessamelendez/Documents/Codex/2026-08-09/nessie-portfolio/node_modules/.kleur 2-OId9ICeq',
406 silly reify   '/Users/vanessamelendez/Documents/Codex/2026-08-09/nessie-portfolio/node_modules/language-subtag-registry': '/Users/vanessamelendez/Documents/Codex/2026-08-09/nessie-portfolio/node_modules/.language-subtag-registry-mVNu4TyQ',
406 silly reify   '/Users/vanessamelendez/Documents/Codex/2026-08-09/nessie-portfolio/node_modules/language-subtag-registry 2': '/Users/vanessamelendez/Documents/Codex/2026-08-09/nessie-portfolio/node_modules/.language-subtag-registry 2-18t18CL7',
406 silly reify   '/Users/vanessamelendez/Documents/Codex/2026-08-09/nessie-portfolio/node_modules/language-tags': '/Users/vanessamelendez/Documents/Codex/2026-08-09/nessie-portfolio/node_modules/.language-tags-WKZOEvMB',
406 silly reify   '/Users/vanessamelendez/Documents/Codex/2026-08-09/nessie-portfolio/node_modules/lightningcss': '/Users/vanessamelendez/Documents/Codex/2026-08-09/nessie-portfolio/node_modules/.lightningcss-sFXeM3lp',
406 silly reify   '/Users/vanessamelendez/Documents/Codex/2026-08-09/nessie-portfolio/node_modules/lightningcss-darwin-arm64': '/Users/vanessamelendez/Documents/Codex/2026-08-09/nessie-portfolio/node_modules/.lightningcss-darwin-arm64-UgQflBMF',
406 silly reify   '/Users/vanessamelendez/Documents/Codex/2026-08-09/nessie-portfolio/node_modules/lightningcss-darwin-arm64 2': '/Users/vanessamelendez/Documents/Codex/2026-08-09/nessie-portfolio/node_modules/.lightningcss-darwin-arm64 2-rrPgySzT',
406 silly reify   '/Users/vanessamelendez/Documents/Codex/2026-08-09/nessie-portfolio/node_modules/linebreak': '/Users/vanessamelendez/Documents/Codex/2026-08-09/nessie-portfolio/node_modules/.linebreak-8dD2gqPx',
406 silly reify   '/Users/vanessamelendez/Documents/Codex/2026-08-09/nessie-portfolio/node_modules/linebreak 2': '/Users/vanessamelendez/Documents/Codex/2026-08-09/nessie-portfolio/node_modules/.linebreak 2-pEVdWbpe',
406 silly reify   '/Users/vanessamelendez/Documents/Codex/2026-08-09/nessie-portfolio/node_modules/loose-envify': '/Users/vanessamelendez/Documents/Codex/2026-08-09/nessie-portfolio/node_modules/.loose-envify-pijdl170',
406 silly reify   '/Users/vanessamelendez/Documents/Codex/2026-08-09/nessie-portfolio/node_modules/loose-envify 2': '/Users/vanessamelendez/Documents/Codex/2026-08-09/nessie-portfolio/node_modules/.loose-envify 2-XQM30ntL',
406 silly reify   '/Users/vanessamelendez/Documents/Codex/2026-08-09/nessie-portfolio/node_modules/lru-cache': '/Users/vanessamelendez/Documents/Codex/2026-08-09/nessie-portfolio/node_modules/.lru-cache-InbdnthO',
406 silly reify   '/Users/vanessamelendez/Documents/Codex/2026-08-09/nessie-portfolio/node_modules/lru-cache 2': '/Users/vanessamelendez/Documents/Codex/2026-08-09/nessie-portfolio/node_modules/.lru-cache 2-PRzVLwBS',
406 silly reify   '/Users/vanessamelendez/Documents/Codex/2026-08-09/nessie-portfolio/node_modules/magic-string 2': '/Users/vanessamelendez/Documents/Codex/2026-08-09/nessie-portfolio/node_modules/.magic-string 2-O0owET6j',
406 silly reify   '/Users/vanessamelendez/Documents/Codex/2026-08-09/nessie-portfolio/node_modules/magic-string': '/Users/vanessamelendez/Documents/Codex/2026-08-09/nessie-portfolio/node_modules/.magic-string-vBu95R2A',
406 silly reify   '/Users/vanessamelendez/Documents/Codex/2026-08-09/nessie-portfolio/node_modules/miniflare': '/Users/vanessamelendez/Documents/Codex/2026-08-09/nessie-portfolio/node_modules/.miniflare-BQjKorIS',
406 silly reify   '/Users/vanessamelendez/Documents/Codex/2026-08-09/nessie-portfolio/node_modules/nanoid': '/Users/vanessamelendez/Documents/Codex/2026-08-09/nessie-portfolio/node_modules/.nanoid-EIkMsgZf',
406 silly reify   '/Users/vanessamelendez/Documents/Codex/2026-08-09/nessie-portfolio/node_modules/node-exports-info': '/Users/vanessamelendez/Documents/Codex/2026-08-09/nessie-portfolio/node_modules/.node-exports-info-kjAfxRs9',
406 silly reify   '/Users/vanessamelendez/Documents/Codex/2026-08-09/nessie-portfolio/node_modules/node-releases': '/Users/vanessamelendez/Documents/Codex/2026-08-09/nessie-portfolio/node_modules/.node-releases-VJf7MKTI',
406 silly reify   '/Users/vanessamelendez/Documents/Codex/2026-08-09/nessie-portfolio/node_modules/node-releases 2': '/Users/vanessamelendez/Documents/Codex/2026-08-09/nessie-portfolio/node_modules/.node-releases 2-lQz77y34',
406 silly reify   '/Users/vanessamelendez/Documents/Codex/2026-08-09/nessie-portfolio/node_modules/object 2.assign': '/Users/vanessamelendez/Documents/Codex/2026-08-09/nessie-portfolio/node_modules/.object 2.assign-hbIf1IsF',
406 silly reify   '/Users/vanessamelendez/Documents/Codex/2026-08-09/nessie-portfolio/node_modules/object 2.entries': '/Users/vanessamelendez/Documents/Codex/2026-08-09/nessie-portfolio/node_modules/.object 2.entries-iLlamEXG',
406 silly reify   '/Users/vanessamelendez/Documents/Codex/2026-08-09/nessie-portfolio/node_modules/object 2.fromentries': '/Users/vanessamelendez/Documents/Codex/2026-08-09/nessie-portfolio/node_modules/.object 2.fromentries-kR73pat1',
406 silly reify   '/Users/vanessamelendez/Documents/Codex/2026-08-09/nessie-portfolio/node_modules/object 2.values': '/Users/vanessamelendez/Documents/Codex/2026-08-09/nessie-portfolio/node_modules/.object 2.values-cYcgUtQk',
406 silly reify   '/Users/vanessamelendez/Documents/Codex/2026-08-09/nessie-portfolio/node_modules/object-inspect': '/Users/vanessamelendez/Documents/Codex/2026-08-09/nessie-portfolio/node_modules/.object-inspect-0y6UsGVj',
406 silly reify   '/Users/vanessamelendez/Documents/Codex/2026-08-09/nessie-portfolio/node_modules/object-keys': '/Users/vanessamelendez/Documents/Codex/2026-08-09/nessie-portfolio/node_modules/.object-keys-AVJiqExB',
406 silly reify   '/Users/vanessamelendez/Documents/Codex/2026-08-09/nessie-portfolio/node_modules/object-keys 2': '/Users/vanessamelendez/Documents/Codex/2026-08-09/nessie-portfolio/node_modules/.object-keys 2-IWDX7UdR',
406 silly reify   '/Users/vanessamelendez/Documents/Codex/2026-08-09/nessie-portfolio/node_modules/object.assign': '/Users/vanessamelendez/Documents/Codex/2026-08-09/nessie-portfolio/node_modules/.object.assign-swgGz39F',
406 silly reify   '/Users/vanessamelendez/Documents/Codex/2026-08-09/nessie-portfolio/node_modules/object.entries': '/Users/vanessamelendez/Documents/Codex/2026-08-09/nessie-portfolio/node_modules/.object.entries-TaBnb4QD',
406 silly reify   '/Users/vanessamelendez/Documents/Codex/2026-08-09/nessie-portfolio/node_modules/object.fromentries': '/Users/vanessamelendez/Documents/Codex/2026-08-09/nessie-portfolio/node_modules/.object.fromentries-stbjojRZ',
406 silly reify   '/Users/vanessamelendez/Documents/Codex/2026-08-09/nessie-portfolio/node_modules/object.values': '/Users/vanessamelendez/Documents/Codex/2026-08-09/nessie-portfolio/node_modules/.object.values-eTGEflOA',
406 silly reify   '/Users/vanessamelendez/Documents/Codex/2026-08-09/nessie-portfolio/node_modules/own-keys': '/Users/vanessamelendez/Documents/Codex/2026-08-09/nessie-portfolio/node_modules/.own-keys-IiDpnqZr',
406 silly reify   '/Users/vanessamelendez/Documents/Codex/2026-08-09/nessie-portfolio/node_modules/pako': '/Users/vanessamelendez/Documents/Codex/2026-08-09/nessie-portfolio/node_modules/.pako-d8i3tFmK',
406 silly reify   '/Users/vanessamelendez/Documents/Codex/2026-08-09/nessie-portfolio/node_modules/pako 2': '/Users/vanessamelendez/Documents/Codex/2026-08-09/nessie-portfolio/node_modules/.pako 2-DTDRkuiq',
406 silly reify   '/Users/vanessamelendez/Documents/Codex/2026-08-09/nessie-portfolio/node_modules/parse-css-color': '/Users/vanessamelendez/Documents/Codex/2026-08-09/nessie-portfolio/node_modules/.parse-css-color-KnySXxLu',
406 silly reify   '/Users/vanessamelendez/Documents/Codex/2026-08-09/nessie-portfolio/node_modules/parse-css-color 2': '/Users/vanessamelendez/Documents/Codex/2026-08-09/nessie-portfolio/node_modules/.parse-css-color 2-FWbN6tKH',
406 silly reify   '/Users/vanessamelendez/Documents/Codex/2026-08-09/nessie-portfolio/node_modules/path-parse': '/Users/vanessamelendez/Documents/Codex/2026-08-09/nessie-portfolio/node_modules/.path-parse-TziKZoUr',
406 silly reify   '/Users/vanessamelendez/Documents/Codex/2026-08-09/nessie-portfolio/node_modules/path-to-regexp': '/Users/vanessamelendez/Documents/Codex/2026-08-09/nessie-portfolio/node_modules/.path-to-regexp-Ltz5r7oM',
406 silly reify   '/Users/vanessamelendez/Documents/Codex/2026-08-09/nessie-portfolio/node_modules/path-to-regexp 2': '/Users/vanessamelendez/Documents/Codex/2026-08-09/nessie-portfolio/node_modules/.path-to-regexp 2-JL0yokFI',
406 silly reify   '/Users/vanessamelendez/Documents/Codex/2026-08-09/nessie-portfolio/node_modules/pathe': '/Users/vanessamelendez/Documents/Codex/2026-08-09/nessie-portfolio/node_modules/.pathe-2SZ4vKHC',
406 silly reify   '/Users/vanessamelendez/Documents/Codex/2026-08-09/nessie-portfolio/node_modules/pathe 2': '/Users/vanessamelendez/Documents/Codex/2026-08-09/nessie-portfolio/node_modules/.pathe 2-wFLdV4OY',
406 silly reify   '/Users/vanessamelendez/Documents/Codex/2026-08-09/nessie-portfolio/node_modules/possible-typed-array-names': '/Users/vanessamelendez/Documents/Codex/2026-08-09/nessie-portfolio/node_modules/.possible-typed-array-names-T7clf1Nx',
406 silly reify   '/Users/vanessamelendez/Documents/Codex/2026-08-09/nessie-portfolio/node_modules/possible-typed-array-names 2': '/Users/vanessamelendez/Documents/Codex/2026-08-09/nessie-portfolio/node_modules/.possible-typed-array-names 2-Ixyq6OPn',
406 silly reify   '/Users/vanessamelendez/Documents/Codex/2026-08-09/nessie-portfolio/node_modules/postcss': '/Users/vanessamelendez/Documents/Codex/2026-08-09/nessie-portfolio/node_modules/.postcss-TojWqxrr',
406 silly reify   '/Users/vanessamelendez/Documents/Codex/2026-08-09/nessie-portfolio/node_modules/postcss 2': '/Users/vanessamelendez/Documents/Codex/2026-08-09/nessie-portfolio/node_modules/.postcss 2-PyHxiDy6',
406 silly reify   '/Users/vanessamelendez/Documents/Codex/2026-08-09/nessie-portfolio/node_modules/prop-types': '/Users/vanessamelendez/Documents/Codex/2026-08-09/nessie-portfolio/node_modules/.prop-types-0nHW7ws0',
406 silly reify   '/Users/vanessamelendez/Documents/Codex/2026-08-09/nessie-portfolio/node_modules/react': '/Users/vanessamelendez/Documents/Codex/2026-08-09/nessie-portfolio/node_modules/.react-yy8RsTE1',
406 silly reify   '/Users/vanessamelendez/Documents/Codex/2026-08-09/nessie-portfolio/node_modules/react 2': '/Users/vanessamelendez/Documents/Codex/2026-08-09/nessie-portfolio/node_modules/.react 2-iTp9nNW4',
406 silly reify   '/Users/vanessamelendez/Documents/Codex/2026-08-09/nessie-portfolio/node_modules/react-dom 2': '/Users/vanessamelendez/Documents/Codex/2026-08-09/nessie-portfolio/node_modules/.react-dom 2-YANquBxW',
406 silly reify   '/Users/vanessamelendez/Documents/Codex/2026-08-09/nessie-portfolio/node_modules/react-server-dom-webpack': '/Users/vanessamelendez/Documents/Codex/2026-08-09/nessie-portfolio/node_modules/.react-server-dom-webpack-7LrRI3aJ',
406 silly reify   '/Users/vanessamelendez/Documents/Codex/2026-08-09/nessie-portfolio/node_modules/regexp.prototype 2.flags': '/Users/vanessamelendez/Documents/Codex/2026-08-09/nessie-portfolio/node_modules/.regexp.prototype 2.flags-aojLJIfF',
406 silly reify   '/Users/vanessamelendez/Documents/Codex/2026-08-09/nessie-portfolio/node_modules/react-dom': '/Users/vanessamelendez/Documents/Codex/2026-08-09/nessie-portfolio/node_modules/.react-dom-n9xjVT42',
406 silly reify   '/Users/vanessamelendez/Documents/Codex/2026-08-09/nessie-portfolio/node_modules/react-is': '/Users/vanessamelendez/Documents/Codex/2026-08-09/nessie-portfolio/node_modules/.react-is-7ZtIKT1I',
406 silly reify   '/Users/vanessamelendez/Documents/Codex/2026-08-09/nessie-portfolio/node_modules/regexp.prototype.flags': '/Users/vanessamelendez/Documents/Codex/2026-08-09/nessie-portfolio/node_modules/.regexp.prototype.flags-0ftnC02f',
406 silly reify   '/Users/vanessamelendez/Documents/Codex/2026-08-09/nessie-portfolio/node_modules/reflect.getprototypeof': '/Users/vanessamelendez/Documents/Codex/2026-08-09/nessie-portfolio/node_modules/.reflect.getprototypeof-qiqh3Tih',
406 silly reify   '/Users/vanessamelendez/Documents/Codex/2026-08-09/nessie-portfolio/node_modules/resolve': '/Users/vanessamelendez/Documents/Codex/2026-08-09/nessie-portfolio/node_modules/.resolve-GMdC3XzR',
406 silly reify   '/Users/vanessamelendez/Documents/Codex/2026-08-09/nessie-portfolio/node_modules/resolve 2': '/Users/vanessamelendez/Documents/Codex/2026-08-09/nessie-portfolio/node_modules/.resolve 2-vqYSt5Kf',
406 silly reify   '/Users/vanessamelendez/Documents/Codex/2026-08-09/nessie-portfolio/node_modules/resolve-pkg-maps': '/Users/vanessamelendez/Documents/Codex/2026-08-09/nessie-portfolio/node_modules/.resolve-pkg-maps-6ZGBHKwz',
406 silly reify   '/Users/vanessamelendez/Documents/Codex/2026-08-09/nessie-portfolio/node_modules/resolve-pkg-maps 2': '/Users/vanessamelendez/Documents/Codex/2026-08-09/nessie-portfolio/node_modules/.resolve-pkg-maps 2-hMFdZ0mI',
406 silly reify   '/Users/vanessamelendez/Documents/Codex/2026-08-09/nessie-portfolio/node_modules/rolldown': '/Users/vanessamelendez/Documents/Codex/2026-08-09/nessie-portfolio/node_modules/.rolldown-FPCv2jRW',
406 silly reify   '/Users/vanessamelendez/Documents/Codex/2026-08-09/nessie-portfolio/node_modules/safe-array-concat': '/Users/vanessamelendez/Documents/Codex/2026-08-09/nessie-portfolio/node_modules/.safe-array-concat-10udqwEo',
406 silly reify   '/Users/vanessamelendez/Documents/Codex/2026-08-09/nessie-portfolio/node_modules/safe-push-apply': '/Users/vanessamelendez/Documents/Codex/2026-08-09/nessie-portfolio/node_modules/.safe-push-apply-MCY9APjF',
406 silly reify   '/Users/vanessamelendez/Documents/Codex/2026-08-09/nessie-portfolio/node_modules/safe-array-concat 2': '/Users/vanessamelendez/Documents/Codex/2026-08-09/nessie-portfolio/node_modules/.safe-array-concat 2-BKc8USJm',
406 silly reify   '/Users/vanessamelendez/Documents/Codex/2026-08-09/nessie-portfolio/node_modules/safe-regex-test': '/Users/vanessamelendez/Documents/Codex/2026-08-09/nessie-portfolio/node_modules/.safe-regex-test-No4YX19k',
406 silly reify   '/Users/vanessamelendez/Documents/Codex/2026-08-09/nessie-portfolio/node_modules/safe-regex-test 2': '/Users/vanessamelendez/Documents/Codex/2026-08-09/nessie-portfolio/node_modules/.safe-regex-test 2-8Ca1eXxi',
406 silly reify   '/Users/vanessamelendez/Documents/Codex/2026-08-09/nessie-portfolio/node_modules/satori': '/Users/vanessamelendez/Documents/Codex/2026-08-09/nessie-portfolio/node_modules/.satori-jdyNBVbD',
406 silly reify   '/Users/vanessamelendez/Documents/Codex/2026-08-09/nessie-portfolio/node_modules/semver': '/Users/vanessamelendez/Documents/Codex/2026-08-09/nessie-portfolio/node_modules/.semver-50ft9ARX',
406 silly reify   '/Users/vanessamelendez/Documents/Codex/2026-08-09/nessie-portfolio/node_modules/set-function-length': '/Users/vanessamelendez/Documents/Codex/2026-08-09/nessie-portfolio/node_modules/.set-function-length-eICS3qDA',
406 silly reify   '/Users/vanessamelendez/Documents/Codex/2026-08-09/nessie-portfolio/node_modules/set-function-name': '/Users/vanessamelendez/Documents/Codex/2026-08-09/nessie-portfolio/node_modules/.set-function-name-OnjBcrtN',
406 silly reify   '/Users/vanessamelendez/Documents/Codex/2026-08-09/nessie-portfolio/node_modules/set-proto': '/Users/vanessamelendez/Documents/Codex/2026-08-09/nessie-portfolio/node_modules/.set-proto-faTQNcZS',
406 silly reify   '/Users/vanessamelendez/Documents/Codex/2026-08-09/nessie-portfolio/node_modules/sharp 2': '/Users/vanessamelendez/Documents/Codex/2026-08-09/nessie-portfolio/node_modules/.sharp 2-mclA6oVt',
406 silly reify   '/Users/vanessamelendez/Documents/Codex/2026-08-09/nessie-portfolio/node_modules/side-channel': '/Users/vanessamelendez/Documents/Codex/2026-08-09/nessie-portfolio/node_modules/.side-channel-WyWvZELX',
406 silly reify   '/Users/vanessamelendez/Documents/Codex/2026-08-09/nessie-portfolio/node_modules/side-channel 2': '/Users/vanessamelendez/Documents/Codex/2026-08-09/nessie-portfolio/node_modules/.side-channel 2-GnwOt4Ra',
406 silly reify   '/Users/vanessamelendez/Documents/Codex/2026-08-09/nessie-portfolio/node_modules/side-channel-list': '/Users/vanessamelendez/Documents/Codex/2026-08-09/nessie-portfolio/node_modules/.side-channel-list-sP7FrmTn',
406 silly reify   '/Users/vanessamelendez/Documents/Codex/2026-08-09/nessie-portfolio/node_modules/side-channel-map': '/Users/vanessamelendez/Documents/Codex/2026-08-09/nessie-portfolio/node_modules/.side-channel-map-GgWgjkEy',
406 silly reify   '/Users/vanessamelendez/Documents/Codex/2026-08-09/nessie-portfolio/node_modules/side-channel-weakmap': '/Users/vanessamelendez/Documents/Codex/2026-08-09/nessie-portfolio/node_modules/.side-channel-weakmap-UDktKcqO',
406 silly reify   '/Users/vanessamelendez/Documents/Codex/2026-08-09/nessie-portfolio/node_modules/sharp': '/Users/vanessamelendez/Documents/Codex/2026-08-09/nessie-portfolio/node_modules/.sharp-JxkXh1rz',
406 silly reify   '/Users/vanessamelendez/Documents/Codex/2026-08-09/nessie-portfolio/node_modules/srvx': '/Users/vanessamelendez/Documents/Codex/2026-08-09/nessie-portfolio/node_modules/.srvx-lYRYNQo7',
406 silly reify   '/Users/vanessamelendez/Documents/Codex/2026-08-09/nessie-portfolio/node_modules/stop-iteration-iterator': '/Users/vanessamelendez/Documents/Codex/2026-08-09/nessie-portfolio/node_modules/.stop-iteration-iterator-t1g84zxz',
406 silly reify   '/Users/vanessamelendez/Documents/Codex/2026-08-09/nessie-portfolio/node_modules/stop-iteration-iterator 2': '/Users/vanessamelendez/Documents/Codex/2026-08-09/nessie-portfolio/node_modules/.stop-iteration-iterator 2-Fr3oPiIS',
406 silly reify   '/Users/vanessamelendez/Documents/Codex/2026-08-09/nessie-portfolio/node_modules/string.prototype 2.codepointat': '/Users/vanessamelendez/Documents/Codex/2026-08-09/nessie-portfolio/node_modules/.string.prototype 2.codepointat-Cwkniqzo',
406 silly reify   '/Users/vanessamelendez/Documents/Codex/2026-08-09/nessie-portfolio/node_modules/string.prototype 2.matchall': '/Users/vanessamelendez/Documents/Codex/2026-08-09/nessie-portfolio/node_modules/.string.prototype 2.matchall-UHQjUAOO',
406 silly reify   '/Users/vanessamelendez/Documents/Codex/2026-08-09/nessie-portfolio/node_modules/string.prototype 2.repeat': '/Users/vanessamelendez/Documents/Codex/2026-08-09/nessie-portfolio/node_modules/.string.prototype 2.repeat-Y3dKKYPW',
406 silly reify   '/Users/vanessamelendez/Documents/Codex/2026-08-09/nessie-portfolio/node_modules/string.prototype.matchall': '/Users/vanessamelendez/Documents/Codex/2026-08-09/nessie-portfolio/node_modules/.string.prototype.matchall-VlVYL8Dq',
406 silly reify   '/Users/vanessamelendez/Documents/Codex/2026-08-09/nessie-portfolio/node_modules/string.prototype.codepointat': '/Users/vanessamelendez/Documents/Codex/2026-08-09/nessie-portfolio/node_modules/.string.prototype.codepointat-OGaRWtIm',
406 silly reify   '/Users/vanessamelendez/Documents/Codex/2026-08-09/nessie-portfolio/node_modules/string.prototype.includes': '/Users/vanessamelendez/Documents/Codex/2026-08-09/nessie-portfolio/node_modules/.string.prototype.includes-aFzIqQNC',
406 silly reify   '/Users/vanessamelendez/Documents/Codex/2026-08-09/nessie-portfolio/node_modules/string.prototype.trim': '/Users/vanessamelendez/Documents/Codex/2026-08-09/nessie-portfolio/node_modules/.string.prototype.trim-D2CdaspV',
406 silly reify   '/Users/vanessamelendez/Documents/Codex/2026-08-09/nessie-portfolio/node_modules/string.prototype.trimstart': '/Users/vanessamelendez/Documents/Codex/2026-08-09/nessie-portfolio/node_modules/.string.prototype.trimstart-QLVwD24H',
406 silly reify   '/Users/vanessamelendez/Documents/Codex/2026-08-09/nessie-portfolio/node_modules/strip-literal': '/Users/vanessamelendez/Documents/Codex/2026-08-09/nessie-portfolio/node_modules/.strip-literal-QGc2ctrK',
406 silly reify   '/Users/vanessamelendez/Documents/Codex/2026-08-09/nessie-portfolio/node_modules/strip-literal 2': '/Users/vanessamelendez/Documents/Codex/2026-08-09/nessie-portfolio/node_modules/.strip-literal 2-JncrhE6j',
406 silly reify   '/Users/vanessamelendez/Documents/Codex/2026-08-09/nessie-portfolio/node_modules/string.prototype.repeat': '/Users/vanessamelendez/Documents/Codex/2026-08-09/nessie-portfolio/node_modules/.string.prototype.repeat-bZ3beJVj',
406 silly reify   '/Users/vanessamelendez/Documents/Codex/2026-08-09/nessie-portfolio/node_modules/supports-preserve-symlinks-flag': '/Users/vanessamelendez/Documents/Codex/2026-08-09/nessie-portfolio/node_modules/.supports-preserve-symlinks-flag-ytkXA8mO',
406 silly reify   '/Users/vanessamelendez/Documents/Codex/2026-08-09/nessie-portfolio/node_modules/supports-preserve-symlinks-flag 2': '/Users/vanessamelendez/Documents/Codex/2026-08-09/nessie-portfolio/node_modules/.supports-preserve-symlinks-flag 2-ku48PzBc',
406 silly reify   '/Users/vanessamelendez/Documents/Codex/2026-08-09/nessie-portfolio/node_modules/tailwindcss': '/Users/vanessamelendez/Documents/Codex/2026-08-09/nessie-portfolio/node_modules/.tailwindcss-3nbaqsx7',
406 silly reify   '/Users/vanessamelendez/Documents/Codex/2026-08-09/nessie-portfolio/node_modules/tailwindcss 2': '/Users/vanessamelendez/Documents/Codex/2026-08-09/nessie-portfolio/node_modules/.tailwindcss 2-lWULynKX',
406 silly reify   '/Users/vanessamelendez/Documents/Codex/2026-08-09/nessie-portfolio/node_modules/string.prototype.trimend': '/Users/vanessamelendez/Documents/Codex/2026-08-09/nessie-portfolio/node_modules/.string.prototype.trimend-yrFsKYna',
406 silly reify   '/Users/vanessamelendez/Documents/Codex/2026-08-09/nessie-portfolio/node_modules/terser': '/Users/vanessamelendez/Documents/Codex/2026-08-09/nessie-portfolio/node_modules/.terser-p6RLfK04',
406 silly reify   '/Users/vanessamelendez/Documents/Codex/2026-08-09/nessie-portfolio/node_modules/terser-webpack-plugin': '/Users/vanessamelendez/Documents/Codex/2026-08-09/nessie-portfolio/node_modules/.terser-webpack-plugin-6DZOFRxY',
406 silly reify   '/Users/vanessamelendez/Documents/Codex/2026-08-09/nessie-portfolio/node_modules/tiny-inflate': '/Users/vanessamelendez/Documents/Codex/2026-08-09/nessie-portfolio/node_modules/.tiny-inflate-7Bq7Mgh1',
406 silly reify   '/Users/vanessamelendez/Documents/Codex/2026-08-09/nessie-portfolio/node_modules/terser-webpack-plugin 2': '/Users/vanessamelendez/Documents/Codex/2026-08-09/nessie-portfolio/node_modules/.terser-webpack-plugin 2-FLx0jCY0',
406 silly reify   '/Users/vanessamelendez/Documents/Codex/2026-08-09/nessie-portfolio/node_modules/tinyglobby': '/Users/vanessamelendez/Documents/Codex/2026-08-09/nessie-portfolio/node_modules/.tinyglobby-3JvqY0zo',
406 silly reify   '/Users/vanessamelendez/Documents/Codex/2026-08-09/nessie-portfolio/node_modules/tinyglobby 2': '/Users/vanessamelendez/Documents/Codex/2026-08-09/nessie-portfolio/node_modules/.tinyglobby 2-zY38sdXV',
406 silly reify   '/Users/vanessamelendez/Documents/Codex/2026-08-09/nessie-portfolio/node_modules/tsx': '/Users/vanessamelendez/Documents/Codex/2026-08-09/nessie-portfolio/node_modules/.tsx-IZQNgOwk',
406 silly reify   '/Users/vanessamelendez/Documents/Codex/2026-08-09/nessie-portfolio/node_modules/tsx 2': '/Users/vanessamelendez/Documents/Codex/2026-08-09/nessie-portfolio/node_modules/.tsx 2-H34lsucU',
406 silly reify   '/Users/vanessamelendez/Documents/Codex/2026-08-09/nessie-portfolio/node_modules/turbo-stream': '/Users/vanessamelendez/Documents/Codex/2026-08-09/nessie-portfolio/node_modules/.turbo-stream-mpHUAwJ1',
406 silly reify   '/Users/vanessamelendez/Documents/Codex/2026-08-09/nessie-portfolio/node_modules/turbo-stream 2': '/Users/vanessamelendez/Documents/Codex/2026-08-09/nessie-portfolio/node_modules/.turbo-stream 2-scJlMrJf',
406 silly reify   '/Users/vanessamelendez/Documents/Codex/2026-08-09/nessie-portfolio/node_modules/typed-array-buffer': '/Users/vanessamelendez/Documents/Codex/2026-08-09/nessie-portfolio/node_modules/.typed-array-buffer-gtd71quK',
406 silly reify   '/Users/vanessamelendez/Documents/Codex/2026-08-09/nessie-portfolio/node_modules/typed-array-buffer 2': '/Users/vanessamelendez/Documents/Codex/2026-08-09/nessie-portfolio/node_modules/.typed-array-buffer 2-WNw6aeSt',
406 silly reify   '/Users/vanessamelendez/Documents/Codex/2026-08-09/nessie-portfolio/node_modules/typed-array-byte-length': '/Users/vanessamelendez/Documents/Codex/2026-08-09/nessie-portfolio/node_modules/.typed-array-byte-length-tamWfOo7',
406 silly reify   '/Users/vanessamelendez/Documents/Codex/2026-08-09/nessie-portfolio/node_modules/typed-array-byte-offset': '/Users/vanessamelendez/Documents/Codex/2026-08-09/nessie-portfolio/node_modules/.typed-array-byte-offset-J7WDRvZw',
406 silly reify   '/Users/vanessamelendez/Documents/Codex/2026-08-09/nessie-portfolio/node_modules/typed-array-byte-offset 2': '/Users/vanessamelendez/Documents/Codex/2026-08-09/nessie-portfolio/node_modules/.typed-array-byte-offset 2-yAQxbSSw',
406 silly reify   '/Users/vanessamelendez/Documents/Codex/2026-08-09/nessie-portfolio/node_modules/typed-array-length': '/Users/vanessamelendez/Documents/Codex/2026-08-09/nessie-portfolio/node_modules/.typed-array-length-DEe0ICAH',
406 silly reify   '/Users/vanessamelendez/Documents/Codex/2026-08-09/nessie-portfolio/node_modules/typescript': '/Users/vanessamelendez/Documents/Codex/2026-08-09/nessie-portfolio/node_modules/.typescript-q3Z1BRJx',
406 silly reify   '/Users/vanessamelendez/Documents/Codex/2026-08-09/nessie-portfolio/node_modules/unbox-primitive': '/Users/vanessamelendez/Documents/Codex/2026-08-09/nessie-portfolio/node_modules/.unbox-primitive-ybprC0qi',
406 silly reify   '/Users/vanessamelendez/Documents/Codex/2026-08-09/nessie-portfolio/node_modules/unbox-primitive 2': '/Users/vanessamelendez/Documents/Codex/2026-08-09/nessie-portfolio/node_modules/.unbox-primitive 2-aXVIlmcT',
406 silly reify   '/Users/vanessamelendez/Documents/Codex/2026-08-09/nessie-portfolio/node_modules/undici 2': '/Users/vanessamelendez/Documents/Codex/2026-08-09/nessie-portfolio/node_modules/.undici 2-LnLHSDJl',
406 silly reify   '/Users/vanessamelendez/Documents/Codex/2026-08-09/nessie-portfolio/node_modules/undici-types': '/Users/vanessamelendez/Documents/Codex/2026-08-09/nessie-portfolio/node_modules/.undici-types-zESR7Idq',
406 silly reify   '/Users/vanessamelendez/Documents/Codex/2026-08-09/nessie-portfolio/node_modules/undici-types 2': '/Users/vanessamelendez/Documents/Codex/2026-08-09/nessie-portfolio/node_modules/.undici-types 2-06g0sMUL',
406 silly reify   '/Users/vanessamelendez/Documents/Codex/2026-08-09/nessie-portfolio/node_modules/unenv': '/Users/vanessamelendez/Documents/Codex/2026-08-09/nessie-portfolio/node_modules/.unenv-9NtKHrQR',
406 silly reify   '/Users/vanessamelendez/Documents/Codex/2026-08-09/nessie-portfolio/node_modules/unicode-trie 2': '/Users/vanessamelendez/Documents/Codex/2026-08-09/nessie-portfolio/node_modules/.unicode-trie 2-74r1cUSz',
406 silly reify   '/Users/vanessamelendez/Documents/Codex/2026-08-09/nessie-portfolio/node_modules/typescript-eslint': '/Users/vanessamelendez/Documents/Codex/2026-08-09/nessie-portfolio/node_modules/.typescript-eslint-SYAU5m20',
406 silly reify   '/Users/vanessamelendez/Documents/Codex/2026-08-09/nessie-portfolio/node_modules/update-browserslist-db': '/Users/vanessamelendez/Documents/Codex/2026-08-09/nessie-portfolio/node_modules/.update-browserslist-db-3us4HwQG',
406 silly reify   '/Users/vanessamelendez/Documents/Codex/2026-08-09/nessie-portfolio/node_modules/update-browserslist-db 2': '/Users/vanessamelendez/Documents/Codex/2026-08-09/nessie-portfolio/node_modules/.update-browserslist-db 2-lz9h4fDL',
406 silly reify   '/Users/vanessamelendez/Documents/Codex/2026-08-09/nessie-portfolio/node_modules/undici': '/Users/vanessamelendez/Documents/Codex/2026-08-09/nessie-portfolio/node_modules/.undici-2eb4uCfF',
406 silly reify   '/Users/vanessamelendez/Documents/Codex/2026-08-09/nessie-portfolio/node_modules/unicode-trie': '/Users/vanessamelendez/Documents/Codex/2026-08-09/nessie-portfolio/node_modules/.unicode-trie-7Wn8xHMY',
406 silly reify   '/Users/vanessamelendez/Documents/Codex/2026-08-09/nessie-portfolio/node_modules/unpic': '/Users/vanessamelendez/Documents/Codex/2026-08-09/nessie-portfolio/node_modules/.unpic-Q6ew1QKV',
406 silly reify   '/Users/vanessamelendez/Documents/Codex/2026-08-09/nessie-portfolio/node_modules/vinext': '/Users/vanessamelendez/Documents/Codex/2026-08-09/nessie-portfolio/node_modules/.vinext-xeZ1USF5',
406 silly reify   '/Users/vanessamelendez/Documents/Codex/2026-08-09/nessie-portfolio/node_modules/vite': '/Users/vanessamelendez/Documents/Codex/2026-08-09/nessie-portfolio/node_modules/.vite-QI40XkFe',
406 silly reify   '/Users/vanessamelendez/Documents/Codex/2026-08-09/nessie-portfolio/node_modules/vinext 2': '/Users/vanessamelendez/Documents/Codex/2026-08-09/nessie-portfolio/node_modules/.vinext 2-vu6Zy9OF',
406 silly reify   '/Users/vanessamelendez/Documents/Codex/2026-08-09/nessie-portfolio/node_modules/vite-plugin-commonjs': '/Users/vanessamelendez/Documents/Codex/2026-08-09/nessie-portfolio/node_modules/.vite-plugin-commonjs-Qqa1k6p7',
406 silly reify   '/Users/vanessamelendez/Documents/Codex/2026-08-09/nessie-portfolio/node_modules/vite-plugin-dynamic-import': '/Users/vanessamelendez/Documents/Codex/2026-08-09/nessie-portfolio/node_modules/.vite-plugin-dynamic-import-WeBB18Il',
406 silly reify   '/Users/vanessamelendez/Documents/Codex/2026-08-09/nessie-portfolio/node_modules/vitefu': '/Users/vanessamelendez/Documents/Codex/2026-08-09/nessie-portfolio/node_modules/.vitefu-drrkqR5c',
406 silly reify   '/Users/vanessamelendez/Documents/Codex/2026-08-09/nessie-portfolio/node_modules/vitefu 2': '/Users/vanessamelendez/Documents/Codex/2026-08-09/nessie-portfolio/node_modules/.vitefu 2-CfHGJG7s',
406 silly reify   '/Users/vanessamelendez/Documents/Codex/2026-08-09/nessie-portfolio/node_modules/web-vitals': '/Users/vanessamelendez/Documents/Codex/2026-08-09/nessie-portfolio/node_modules/.web-vitals-QCiXOAYE',
406 silly reify   '/Users/vanessamelendez/Documents/Codex/2026-08-09/nessie-portfolio/node_modules/webpack': '/Users/vanessamelendez/Documents/Codex/2026-08-09/nessie-portfolio/node_modules/.webpack-wXrEDnDF',
406 silly reify   '/Users/vanessamelendez/Documents/Codex/2026-08-09/nessie-portfolio/node_modules/which-boxed-primitive': '/Users/vanessamelendez/Documents/Codex/2026-08-09/nessie-portfolio/node_modules/.which-boxed-primitive-flatHUH4',
406 silly reify   '/Users/vanessamelendez/Documents/Codex/2026-08-09/nessie-portfolio/node_modules/which-boxed-primitive 2': '/Users/vanessamelendez/Documents/Codex/2026-08-09/nessie-portfolio/node_modules/.which-boxed-primitive 2-VOYGAcAF',
406 silly reify   '/Users/vanessamelendez/Documents/Codex/2026-08-09/nessie-portfolio/node_modules/which-builtin-type': '/Users/vanessamelendez/Documents/Codex/2026-08-09/nessie-portfolio/node_modules/.which-builtin-type-CQ5Apvnk',
406 silly reify   '/Users/vanessamelendez/Documents/Codex/2026-08-09/nessie-portfolio/node_modules/which-builtin-type 2': '/Users/vanessamelendez/Documents/Codex/2026-08-09/nessie-portfolio/node_modules/.which-builtin-type 2-taPB8Wh9',
406 silly reify   '/Users/vanessamelendez/Documents/Codex/2026-08-09/nessie-portfolio/node_modules/which-collection': '/Users/vanessamelendez/Documents/Codex/2026-08-09/nessie-portfolio/node_modules/.which-collection-8xlW19Qo',
406 silly reify   '/Users/vanessamelendez/Documents/Codex/2026-08-09/nessie-portfolio/node_modules/which-collection 2': '/Users/vanessamelendez/Documents/Codex/2026-08-09/nessie-portfolio/node_modules/.which-collection 2-j4ZtNUtE',
406 silly reify   '/Users/vanessamelendez/Documents/Codex/2026-08-09/nessie-portfolio/node_modules/which-typed-array': '/Users/vanessamelendez/Documents/Codex/2026-08-09/nessie-portfolio/node_modules/.which-typed-array-DpYpkTQ1',
406 silly reify   '/Users/vanessamelendez/Documents/Codex/2026-08-09/nessie-portfolio/node_modules/workerd': '/Users/vanessamelendez/Documents/Codex/2026-08-09/nessie-portfolio/node_modules/.workerd-5umu6Piv',
406 silly reify   '/Users/vanessamelendez/Documents/Codex/2026-08-09/nessie-portfolio/node_modules/workerd 2': '/Users/vanessamelendez/Documents/Codex/2026-08-09/nessie-portfolio/node_modules/.workerd 2-U9zfabVH',
406 silly reify   '/Users/vanessamelendez/Documents/Codex/2026-08-09/nessie-portfolio/node_modules/which': '/Users/vanessamelendez/Documents/Codex/2026-08-09/nessie-portfolio/node_modules/.which-R5AbTSLF',
406 silly reify   '/Users/vanessamelendez/Documents/Codex/2026-08-09/nessie-portfolio/node_modules/wrangler 2': '/Users/vanessamelendez/Documents/Codex/2026-08-09/nessie-portfolio/node_modules/.wrangler 2-aZObkKQU',
406 silly reify   '/Users/vanessamelendez/Documents/Codex/2026-08-09/nessie-portfolio/node_modules/ws': '/Users/vanessamelendez/Documents/Codex/2026-08-09/nessie-portfolio/node_modules/.ws-uEr0p34F',
406 silly reify   '/Users/vanessamelendez/Documents/Codex/2026-08-09/nessie-portfolio/node_modules/yallist': '/Users/vanessamelendez/Documents/Codex/2026-08-09/nessie-portfolio/node_modules/.yallist-vEoqMemO',
406 silly reify   '/Users/vanessamelendez/Documents/Codex/2026-08-09/nessie-portfolio/node_modules/yallist 2': '/Users/vanessamelendez/Documents/Codex/2026-08-09/nessie-portfolio/node_modules/.yallist 2-O3EfTF0r',
406 silly reify   '/Users/vanessamelendez/Documents/Codex/2026-08-09/nessie-portfolio/node_modules/yoga-layout': '/Users/vanessamelendez/Documents/Codex/2026-08-09/nessie-portfolio/node_modules/.yoga-layout-q4Go5hKR',
406 silly reify   '/Users/vanessamelendez/Documents/Codex/2026-08-09/nessie-portfolio/node_modules/youch': '/Users/vanessamelendez/Documents/Codex/2026-08-09/nessie-portfolio/node_modules/.youch-hg58H072',
406 silly reify   '/Users/vanessamelendez/Documents/Codex/2026-08-09/nessie-portfolio/node_modules/youch 2': '/Users/vanessamelendez/Documents/Codex/2026-08-09/nessie-portfolio/node_modules/.youch 2-kZQ4GDdH',
406 silly reify   '/Users/vanessamelendez/Documents/Codex/2026-08-09/nessie-portfolio/node_modules/zod': '/Users/vanessamelendez/Documents/Codex/2026-08-09/nessie-portfolio/node_modules/.zod-g1jvrMAQ',
406 silly reify   '/Users/vanessamelendez/Documents/Codex/2026-08-09/nessie-portfolio/node_modules/youch-core': '/Users/vanessamelendez/Documents/Codex/2026-08-09/nessie-portfolio/node_modules/.youch-core-wiomKikJ',
406 silly reify   '/Users/vanessamelendez/Documents/Codex/2026-08-09/nessie-portfolio/node_modules/zod-validation-error': '/Users/vanessamelendez/Documents/Codex/2026-08-09/nessie-portfolio/node_modules/.zod-validation-error-B4PwV6vy',
406 silly reify   '/Users/vanessamelendez/Documents/Codex/2026-08-09/nessie-portfolio/node_modules/zod-validation-error 2': '/Users/vanessamelendez/Documents/Codex/2026-08-09/nessie-portfolio/node_modules/.zod-validation-error 2-06GJhHQG',
406 silly reify   '/Users/vanessamelendez/Documents/Codex/2026-08-09/nessie-portfolio/node_modules/@alloc/quick-lru': '/Users/vanessamelendez/Documents/Codex/2026-08-09/nessie-portfolio/node_modules/@alloc/.quick-lru-5ZOt6RHQ',
406 silly reify   '/Users/vanessamelendez/Documents/Codex/2026-08-09/nessie-portfolio/node_modules/@babel/code-frame': '/Users/vanessamelendez/Documents/Codex/2026-08-09/nessie-portfolio/node_modules/@babel/.code-frame-ufptQ4br',
406 silly reify   '/Users/vanessamelendez/Documents/Codex/2026-08-09/nessie-portfolio/node_modules/wrangler': '/Users/vanessamelendez/Documents/Codex/2026-08-09/nessie-portfolio/node_modules/.wrangler-rPYuPmhi',
406 silly reify   '/Users/vanessamelendez/Documents/Codex/2026-08-09/nessie-portfolio/node_modules/@babel/generator': '/Users/vanessamelendez/Documents/Codex/2026-08-09/nessie-portfolio/node_modules/@babel/.generator-fnXrzJs3',
406 silly reify   '/Users/vanessamelendez/Documents/Codex/2026-08-09/nessie-portfolio/node_modules/@babel/compat-data': '/Users/vanessamelendez/Documents/Codex/2026-08-09/nessie-portfolio/node_modules/@babel/.compat-data-EQXmWA85',
406 silly reify   '/Users/vanessamelendez/Documents/Codex/2026-08-09/nessie-portfolio/node_modules/@babel/core': '/Users/vanessamelendez/Documents/Codex/2026-08-09/nessie-portfolio/node_modules/@babel/.core-RfSW7zkj',
406 silly reify   '/Users/vanessamelendez/Documents/Codex/2026-08-09/nessie-portfolio/node_modules/@babel/helper-module-imports': '/Users/vanessamelendez/Documents/Codex/2026-08-09/nessie-portfolio/node_modules/@babel/.helper-module-imports-1EgydppI',
406 silly reify   '/Users/vanessamelendez/Documents/Codex/2026-08-09/nessie-portfolio/node_modules/@babel/helper-module-transforms': '/Users/vanessamelendez/Documents/Codex/2026-08-09/nessie-portfolio/node_modules/@babel/.helper-module-transforms-KbquuTMn',
406 silly reify   '/Users/vanessamelendez/Documents/Codex/2026-08-09/nessie-portfolio/node_modules/@babel/helper-globals': '/Users/vanessamelendez/Documents/Codex/2026-08-09/nessie-portfolio/node_modules/@babel/.helper-globals-qhBhBtmw',
406 silly reify   '/Users/vanessamelendez/Documents/Codex/2026-08-09/nessie-portfolio/node_modules/@babel/helpers': '/Users/vanessamelendez/Documents/Codex/2026-08-09/nessie-portfolio/node_modules/@babel/.helpers-U0qPiIih',
406 silly reify   '/Users/vanessamelendez/Documents/Codex/2026-08-09/nessie-portfolio/node_modules/@babel/helper-validator-option': '/Users/vanessamelendez/Documents/Codex/2026-08-09/nessie-portfolio/node_modules/@babel/.helper-validator-option-5ZqPZiIr',
406 silly reify   '/Users/vanessamelendez/Documents/Codex/2026-08-09/nessie-portfolio/node_modules/@babel/parser': '/Users/vanessamelendez/Documents/Codex/2026-08-09/nessie-portfolio/node_modules/@babel/.parser-Tx5v8OFQ',
406 silly reify   '/Users/vanessamelendez/Documents/Codex/2026-08-09/nessie-portfolio/node_modules/@babel/template': '/Users/vanessamelendez/Documents/Codex/2026-08-09/nessie-portfolio/node_modules/@babel/.template-1rIM3VYQ',
406 silly reify   '/Users/vanessamelendez/Documents/Codex/2026-08-09/nessie-portfolio/node_modules/@babel/traverse': '/Users/vanessamelendez/Documents/Codex/2026-08-09/nessie-portfolio/node_modules/@babel/.traverse-lZvkRZLx',
406 silly reify   '/Users/vanessamelendez/Documents/Codex/2026-08-09/nessie-portfolio/node_modules/@babel/helper-compilation-targets': '/Users/vanessamelendez/Documents/Codex/2026-08-09/nessie-portfolio/node_modules/@babel/.helper-compilation-targets-Q6wDLe6Q',
406 silly reify   '/Users/vanessamelendez/Documents/Codex/2026-08-09/nessie-portfolio/node_modules/@babel/types': '/Users/vanessamelendez/Documents/Codex/2026-08-09/nessie-portfolio/node_modules/@babel/.types-nDDff0lq',
406 silly reify   '/Users/vanessamelendez/Documents/Codex/2026-08-09/nessie-portfolio/node_modules/@cloudflare/kv-asset-handler': '/Users/vanessamelendez/Documents/Codex/2026-08-09/nessie-portfolio/node_modules/@cloudflare/.kv-asset-handler-su1ujPtP',
406 silly reify   '/Users/vanessamelendez/Documents/Codex/2026-08-09/nessie-portfolio/node_modules/@cloudflare/unenv-preset': '/Users/vanessamelendez/Documents/Codex/2026-08-09/nessie-portfolio/node_modules/@cloudflare/.unenv-preset-NLvtyPIR',
406 silly reify   '/Users/vanessamelendez/Documents/Codex/2026-08-09/nessie-portfolio/node_modules/@cloudflare/vite-plugin': '/Users/vanessamelendez/Documents/Codex/2026-08-09/nessie-portfolio/node_modules/@cloudflare/.vite-plugin-J9uCkMce',
406 silly reify   '/Users/vanessamelendez/Documents/Codex/2026-08-09/nessie-portfolio/node_modules/@cloudflare/workerd-darwin-arm64': '/Users/vanessamelendez/Documents/Codex/2026-08-09/nessie-portfolio/node_modules/@cloudflare/.workerd-darwin-arm64-BC4GodA9',
406 silly reify   '/Users/vanessamelendez/Documents/Codex/2026-08-09/nessie-portfolio/node_modules/@drizzle-team/brocli': '/Users/vanessamelendez/Documents/Codex/2026-08-09/nessie-portfolio/node_modules/@drizzle-team/.brocli-7PEylCRu',
406 silly reify   '/Users/vanessamelendez/Documents/Codex/2026-08-09/nessie-portfolio/node_modules/@emnapi/runtime': '/Users/vanessamelendez/Documents/Codex/2026-08-09/nessie-portfolio/node_modules/@emnapi/.runtime-xyZkofdB',
406 silly reify   '/Users/vanessamelendez/Documents/Codex/2026-08-09/nessie-portfolio/node_modules/@esbuild/darwin-arm64': '/Users/vanessamelendez/Documents/Codex/2026-08-09/nessie-portfolio/node_modules/@esbuild/.darwin-arm64-7rwTg8Bs',
406 silly reify   '/Users/vanessamelendez/Documents/Codex/2026-08-09/nessie-portfolio/node_modules/@esbuild-kit/core-utils': '/Users/vanessamelendez/Documents/Codex/2026-08-09/nessie-portfolio/node_modules/@esbuild-kit/.core-utils-jxvukyOv',
406 silly reify   '/Users/vanessamelendez/Documents/Codex/2026-08-09/nessie-portfolio/node_modules/@esbuild-kit/esm-loader': '/Users/vanessamelendez/Documents/Codex/2026-08-09/nessie-portfolio/node_modules/@esbuild-kit/.esm-loader-NklblWvU',
406 silly reify   '/Users/vanessamelendez/Documents/Codex/2026-08-09/nessie-portfolio/node_modules/@eslint/config-array': '/Users/vanessamelendez/Documents/Codex/2026-08-09/nessie-portfolio/node_modules/@eslint/.config-array-VfhDUQvz',
406 silly reify   '/Users/vanessamelendez/Documents/Codex/2026-08-09/nessie-portfolio/node_modules/@eslint/config-helpers': '/Users/vanessamelendez/Documents/Codex/2026-08-09/nessie-portfolio/node_modules/@eslint/.config-helpers-FjtLw4sl',
406 silly reify   '/Users/vanessamelendez/Documents/Codex/2026-08-09/nessie-portfolio/node_modules/@eslint/core': '/Users/vanessamelendez/Documents/Codex/2026-08-09/nessie-portfolio/node_modules/@eslint/.core-qbHHuIGF',
406 silly reify   '/Users/vanessamelendez/Documents/Codex/2026-08-09/nessie-portfolio/node_modules/@eslint/js': '/Users/vanessamelendez/Documents/Codex/2026-08-09/nessie-portfolio/node_modules/@eslint/.js-9K0dngMb',
406 silly reify   '/Users/vanessamelendez/Documents/Codex/2026-08-09/nessie-portfolio/node_modules/@cspotcode/source-map-support': '/Users/vanessamelendez/Documents/Codex/2026-08-09/nessie-portfolio/node_modules/@cspotcode/.source-map-support-xrH0wopz',
406 silly reify   '/Users/vanessamelendez/Documents/Codex/2026-08-09/nessie-portfolio/node_modules/@eslint/plugin-kit': '/Users/vanessamelendez/Documents/Codex/2026-08-09/nessie-portfolio/node_modules/@eslint/.plugin-kit-jEFP4XyH',
406 silly reify   '/Users/vanessamelendez/Documents/Codex/2026-08-09/nessie-portfolio/node_modules/@img/colour': '/Users/vanessamelendez/Documents/Codex/2026-08-09/nessie-portfolio/node_modules/@img/.colour-coGN507w',
406 silly reify   '/Users/vanessamelendez/Documents/Codex/2026-08-09/nessie-portfolio/node_modules/@img/sharp-darwin-arm64': '/Users/vanessamelendez/Documents/Codex/2026-08-09/nessie-portfolio/node_modules/@img/.sharp-darwin-arm64-bxhOUBhU',
406 silly reify   '/Users/vanessamelendez/Documents/Codex/2026-08-09/nessie-portfolio/node_modules/@img/sharp-libvips-darwin-arm64': '/Users/vanessamelendez/Documents/Codex/2026-08-09/nessie-portfolio/node_modules/@img/.sharp-libvips-darwin-arm64-Tgpu0Vum',
406 silly reify   '/Users/vanessamelendez/Documents/Codex/2026-08-09/nessie-portfolio/node_modules/@jridgewell/remapping': '/Users/vanessamelendez/Documents/Codex/2026-08-09/nessie-portfolio/node_modules/@jridgewell/.remapping-MZrdeQwx',
406 silly reify   '/Users/vanessamelendez/Documents/Codex/2026-08-09/nessie-portfolio/node_modules/@next/eslint-plugin-next': '/Users/vanessamelendez/Documents/Codex/2026-08-09/nessie-portfolio/node_modules/@next/.eslint-plugin-next-Pvmiq6Z5',
406 silly reify   '/Users/vanessamelendez/Documents/Codex/2026-08-09/nessie-portfolio/node_modules/@oxc-project/types': '/Users/vanessamelendez/Documents/Codex/2026-08-09/nessie-portfolio/node_modules/@oxc-project/.types-KYxdCdzN',
406 silly reify   '/Users/vanessamelendez/Documents/Codex/2026-08-09/nessie-portfolio/node_modules/@resvg/resvg-wasm': '/Users/vanessamelendez/Documents/Codex/2026-08-09/nessie-portfolio/node_modules/@resvg/.resvg-wasm-jwL1MX79',
406 silly reify   '/Users/vanessamelendez/Documents/Codex/2026-08-09/nessie-portfolio/node_modules/@rolldown/binding-darwin-arm64': '/Users/vanessamelendez/Documents/Codex/2026-08-09/nessie-portfolio/node_modules/@rolldown/.binding-darwin-arm64-iQcQ83mT',
406 silly reify   '/Users/vanessamelendez/Documents/Codex/2026-08-09/nessie-portfolio/node_modules/@rolldown/pluginutils': '/Users/vanessamelendez/Documents/Codex/2026-08-09/nessie-portfolio/node_modules/@rolldown/.pluginutils-OXiuk2sD',
406 silly reify   '/Users/vanessamelendez/Documents/Codex/2026-08-09/nessie-portfolio/node_modules/@sindresorhus/is': '/Users/vanessamelendez/Documents/Codex/2026-08-09/nessie-portfolio/node_modules/@sindresorhus/.is-lwPIgH6h',
406 silly reify   '/Users/vanessamelendez/Documents/Codex/2026-08-09/nessie-portfolio/node_modules/@shuding/opentype.js': '/Users/vanessamelendez/Documents/Codex/2026-08-09/nessie-portfolio/node_modules/@shuding/.opentype.js-CdjNSh2M',
406 silly reify   '/Users/vanessamelendez/Documents/Codex/2026-08-09/nessie-portfolio/node_modules/@poppinss/colors': '/Users/vanessamelendez/Documents/Codex/2026-08-09/nessie-portfolio/node_modules/@poppinss/.colors-AcYIG1mO',
406 silly reify   '/Users/vanessamelendez/Documents/Codex/2026-08-09/nessie-portfolio/node_modules/@poppinss/dumper': '/Users/vanessamelendez/Documents/Codex/2026-08-09/nessie-portfolio/node_modules/@poppinss/.dumper-lIeWfoLs',
406 silly reify   '/Users/vanessamelendez/Documents/Codex/2026-08-09/nessie-portfolio/node_modules/@speed-highlight/core': '/Users/vanessamelendez/Documents/Codex/2026-08-09/nessie-portfolio/node_modules/@speed-highlight/.core-MJ46vgRJ',
406 silly reify   '/Users/vanessamelendez/Documents/Codex/2026-08-09/nessie-portfolio/node_modules/@poppinss/exception': '/Users/vanessamelendez/Documents/Codex/2026-08-09/nessie-portfolio/node_modules/@poppinss/.exception-VqeAntK9',
406 silly reify   '/Users/vanessamelendez/Documents/Codex/2026-08-09/nessie-portfolio/node_modules/@tailwindcss/node': '/Users/vanessamelendez/Documents/Codex/2026-08-09/nessie-portfolio/node_modules/@tailwindcss/.node-ZtCARsVA',
406 silly reify   '/Users/vanessamelendez/Documents/Codex/2026-08-09/nessie-portfolio/node_modules/@tailwindcss/oxide': '/Users/vanessamelendez/Documents/Codex/2026-08-09/nessie-portfolio/node_modules/@tailwindcss/.oxide-ibPf5ZEY',
406 silly reify   '/Users/vanessamelendez/Documents/Codex/2026-08-09/nessie-portfolio/node_modules/@tailwindcss/oxide-darwin-arm64': '/Users/vanessamelendez/Documents/Codex/2026-08-09/nessie-portfolio/node_modules/@tailwindcss/.oxide-darwin-arm64-TxPB3lkj',
406 silly reify   '/Users/vanessamelendez/Documents/Codex/2026-08-09/nessie-portfolio/node_modules/@tailwindcss/postcss': '/Users/vanessamelendez/Documents/Codex/2026-08-09/nessie-portfolio/node_modules/@tailwindcss/.postcss-0VS3MUFm',
406 silly reify   '/Users/vanessamelendez/Documents/Codex/2026-08-09/nessie-portfolio/node_modules/@types/node': '/Users/vanessamelendez/Documents/Codex/2026-08-09/nessie-portfolio/node_modules/@types/.node-y8lK9ui4',
406 silly reify   '/Users/vanessamelendez/Documents/Codex/2026-08-09/nessie-portfolio/node_modules/@types/react': '/Users/vanessamelendez/Documents/Codex/2026-08-09/nessie-portfolio/node_modules/@types/.react-f4Sc95QJ',
406 silly reify   '/Users/vanessamelendez/Documents/Codex/2026-08-09/nessie-portfolio/node_modules/@types/react-dom': '/Users/vanessamelendez/Documents/Codex/2026-08-09/nessie-portfolio/node_modules/@types/.react-dom-nsUXLKLn',
406 silly reify   '/Users/vanessamelendez/Documents/Codex/2026-08-09/nessie-portfolio/node_modules/@typescript-eslint/eslint-plugin': '/Users/vanessamelendez/Documents/Codex/2026-08-09/nessie-portfolio/node_modules/@typescript-eslint/.eslint-plugin-ZQcsisn9',
406 silly reify   '/Users/vanessamelendez/Documents/Codex/2026-08-09/nessie-portfolio/node_modules/@typescript-eslint/parser': '/Users/vanessamelendez/Documents/Codex/2026-08-09/nessie-portfolio/node_modules/@typescript-eslint/.parser-WIJBVeAO',
406 silly reify   '/Users/vanessamelendez/Documents/Codex/2026-08-09/nessie-portfolio/node_modules/@typescript-eslint/project-service': '/Users/vanessamelendez/Documents/Codex/2026-08-09/nessie-portfolio/node_modules/@typescript-eslint/.project-service-PMfh9sx1',
406 silly reify   '/Users/vanessamelendez/Documents/Codex/2026-08-09/nessie-portfolio/node_modules/@typescript-eslint/tsconfig-utils': '/Users/vanessamelendez/Documents/Codex/2026-08-09/nessie-portfolio/node_modules/@typescript-eslint/.tsconfig-utils-W6xo1Nxd',
406 silly reify   '/Users/vanessamelendez/Documents/Codex/2026-08-09/nessie-portfolio/node_modules/@typescript-eslint/type-utils': '/Users/vanessamelendez/Documents/Codex/2026-08-09/nessie-portfolio/node_modules/@typescript-eslint/.type-utils-hL0EAPFD',
406 silly reify   '/Users/vanessamelendez/Documents/Codex/2026-08-09/nessie-portfolio/node_modules/@typescript-eslint/types': '/Users/vanessamelendez/Documents/Codex/2026-08-09/nessie-portfolio/node_modules/@typescript-eslint/.types-GFXufRD9',
406 silly reify   '/Users/vanessamelendez/Documents/Codex/2026-08-09/nessie-portfolio/node_modules/@typescript-eslint/typescript-estree': '/Users/vanessamelendez/Documents/Codex/2026-08-09/nessie-portfolio/node_modules/@typescript-eslint/.typescript-estree-68rDYT2A',
406 silly reify   '/Users/vanessamelendez/Documents/Codex/2026-08-09/nessie-portfolio/node_modules/@typescript-eslint/utils': '/Users/vanessamelendez/Documents/Codex/2026-08-09/nessie-portfolio/node_modules/@typescript-eslint/.utils-ebcTMQJY',
406 silly reify   '/Users/vanessamelendez/Documents/Codex/2026-08-09/nessie-portfolio/node_modules/@typescript-eslint/visitor-keys': '/Users/vanessamelendez/Documents/Codex/2026-08-09/nessie-portfolio/node_modules/@typescript-eslint/.visitor-keys-xGEw05c1',
406 silly reify   '/Users/vanessamelendez/Documents/Codex/2026-08-09/nessie-portfolio/node_modules/@unpic/core': '/Users/vanessamelendez/Documents/Codex/2026-08-09/nessie-portfolio/node_modules/@unpic/.core-rbRA2EjQ',
406 silly reify   '/Users/vanessamelendez/Documents/Codex/2026-08-09/nessie-portfolio/node_modules/@unpic/react': '/Users/vanessamelendez/Documents/Codex/2026-08-09/nessie-portfolio/node_modules/@unpic/.react-2afBcuNL',
406 silly reify   '/Users/vanessamelendez/Documents/Codex/2026-08-09/nessie-portfolio/node_modules/@vercel/og': '/Users/vanessamelendez/Documents/Codex/2026-08-09/nessie-portfolio/node_modules/@vercel/.og-YJAeHYGp',
406 silly reify   '/Users/vanessamelendez/Documents/Codex/2026-08-09/nessie-portfolio/node_modules/@vinext/types': '/Users/vanessamelendez/Documents/Codex/2026-08-09/nessie-portfolio/node_modules/@vinext/.types-MhzJ3YjI',
406 silly reify   '/Users/vanessamelendez/Documents/Codex/2026-08-09/nessie-portfolio/node_modules/@vitejs/plugin-react': '/Users/vanessamelendez/Documents/Codex/2026-08-09/nessie-portfolio/node_modules/@vitejs/.plugin-react-BIuZZFzi',
406 silly reify   '/Users/vanessamelendez/Documents/Codex/2026-08-09/nessie-portfolio/node_modules/@typescript-eslint/scope-manager': '/Users/vanessamelendez/Documents/Codex/2026-08-09/nessie-portfolio/node_modules/@typescript-eslint/.scope-manager-jt8Y1zYI',
406 silly reify   '/Users/vanessamelendez/Documents/Codex/2026-08-09/nessie-portfolio/node_modules/@vitejs/plugin-rsc': '/Users/vanessamelendez/Documents/Codex/2026-08-09/nessie-portfolio/node_modules/@vitejs/.plugin-rsc-e6djJVa7'
406 silly reify }
407 http cache @typescript-eslint/scope-manager@https://registry.npmjs.org/@typescript-eslint/scope-manager/-/scope-manager-8.59.3.tgz 0ms (cache hit)
408 http cache @vitejs/plugin-react@https://registry.npmjs.org/@vitejs/plugin-react/-/plugin-react-6.0.2.tgz 0ms (cache hit)
409 http cache @vinext/types@https://registry.npmjs.org/@vinext/types/-/types-1.0.0-beta.2.tgz 0ms (cache hit)
410 http cache @vitejs/plugin-rsc@https://registry.npmjs.org/@vitejs/plugin-rsc/-/plugin-rsc-0.5.26.tgz 0ms (cache hit)
411 http cache @vercel/og@https://registry.npmjs.org/@vercel/og/-/og-0.8.6.tgz 0ms (cache hit)
412 http cache @unpic/react@https://registry.npmjs.org/@unpic/react/-/react-1.0.2.tgz 0ms (cache hit)
413 http cache @unpic/core@https://registry.npmjs.org/@unpic/core/-/core-1.0.3.tgz 0ms (cache hit)
414 http cache @typescript-eslint/typescript-estree@https://registry.npmjs.org/@typescript-eslint/typescript-estree/-/typescript-estree-8.59.3.tgz 0ms (cache hit)
415 http cache @typescript-eslint/utils@https://registry.npmjs.org/@typescript-eslint/utils/-/utils-8.59.3.tgz 0ms (cache hit)
416 http cache @typescript-eslint/visitor-keys@https://registry.npmjs.org/@typescript-eslint/visitor-keys/-/visitor-keys-8.59.3.tgz 0ms (cache hit)
417 http cache @typescript-eslint/type-utils@https://registry.npmjs.org/@typescript-eslint/type-utils/-/type-utils-8.59.3.tgz 0ms (cache hit)
418 http cache @typescript-eslint/tsconfig-utils@https://registry.npmjs.org/@typescript-eslint/tsconfig-utils/-/tsconfig-utils-8.59.3.tgz 0ms (cache hit)
419 http cache @typescript-eslint/project-service@https://registry.npmjs.org/@typescript-eslint/project-service/-/project-service-8.59.3.tgz 0ms (cache hit)
420 http cache @typescript-eslint/types@https://registry.npmjs.org/@typescript-eslint/types/-/types-8.59.3.tgz 0ms (cache hit)
421 http cache @typescript-eslint/parser@https://registry.npmjs.org/@typescript-eslint/parser/-/parser-8.59.3.tgz 0ms (cache hit)
422 http cache @types/react-dom@https://registry.npmjs.org/@types/react-dom/-/react-dom-19.2.3.tgz 0ms (cache hit)
423 http cache @tailwindcss/postcss@https://registry.npmjs.org/@tailwindcss/postcss/-/postcss-4.2.1.tgz 0ms (cache hit)
424 http cache @tailwindcss/oxide@https://registry.npmjs.org/@tailwindcss/oxide/-/oxide-4.2.1.tgz 0ms (cache hit)
425 http cache @typescript-eslint/eslint-plugin@https://registry.npmjs.org/@typescript-eslint/eslint-plugin/-/eslint-plugin-8.59.3.tgz 0ms (cache hit)
426 http cache @types/react@https://registry.npmjs.org/@types/react/-/react-19.2.14.tgz 0ms (cache hit)
427 http cache @tailwindcss/oxide-darwin-arm64@https://registry.npmjs.org/@tailwindcss/oxide-darwin-arm64/-/oxide-darwin-arm64-4.2.1.tgz 0ms (cache hit)
428 http cache @poppinss/exception@https://registry.npmjs.org/@poppinss/exception/-/exception-1.2.3.tgz 0ms (cache hit)
429 http cache @speed-highlight/core@https://registry.npmjs.org/@speed-highlight/core/-/core-1.2.15.tgz 0ms (cache hit)
430 http cache @tailwindcss/node@https://registry.npmjs.org/@tailwindcss/node/-/node-4.2.1.tgz 0ms (cache hit)
431 http cache @types/node@https://registry.npmjs.org/@types/node/-/node-22.19.19.tgz 0ms (cache hit)
432 http cache @poppinss/colors@https://registry.npmjs.org/@poppinss/colors/-/colors-4.1.6.tgz 0ms (cache hit)
433 http cache @sindresorhus/is@https://registry.npmjs.org/@sindresorhus/is/-/is-7.2.0.tgz 0ms (cache hit)
434 http cache @poppinss/dumper@https://registry.npmjs.org/@poppinss/dumper/-/dumper-0.6.5.tgz 0ms (cache hit)
435 http cache @oxc-project/types@https://registry.npmjs.org/@oxc-project/types/-/types-0.130.0.tgz 0ms (cache hit)
436 http cache @shuding/opentype.js@https://registry.npmjs.org/@shuding/opentype.js/-/opentype.js-1.4.0-beta.0.tgz 0ms (cache hit)
437 http cache @rolldown/pluginutils@https://registry.npmjs.org/@rolldown/pluginutils/-/pluginutils-1.0.1.tgz 0ms (cache hit)
438 http cache @jridgewell/remapping@https://registry.npmjs.org/@jridgewell/remapping/-/remapping-2.3.5.tgz 0ms (cache hit)
439 http cache @next/eslint-plugin-next@https://registry.npmjs.org/@next/eslint-plugin-next/-/eslint-plugin-next-16.2.6.tgz 0ms (cache hit)
440 http cache @resvg/resvg-wasm@https://registry.npmjs.org/@resvg/resvg-wasm/-/resvg-wasm-2.4.0.tgz 0ms (cache hit)
441 http cache @img/sharp-darwin-arm64@https://registry.npmjs.org/@img/sharp-darwin-arm64/-/sharp-darwin-arm64-0.34.5.tgz 0ms (cache hit)
442 http cache @cspotcode/source-map-support@https://registry.npmjs.org/@cspotcode/source-map-support/-/source-map-support-0.8.1.tgz 0ms (cache hit)
443 http cache @img/sharp-libvips-darwin-arm64@https://registry.npmjs.org/@img/sharp-libvips-darwin-arm64/-/sharp-libvips-darwin-arm64-1.2.4.tgz 0ms (cache hit)
444 http cache @eslint/js@https://registry.npmjs.org/@eslint/js/-/js-9.39.4.tgz 0ms (cache hit)
445 http cache @img/colour@https://registry.npmjs.org/@img/colour/-/colour-1.1.0.tgz 0ms (cache hit)
446 http cache @rolldown/binding-darwin-arm64@https://registry.npmjs.org/@rolldown/binding-darwin-arm64/-/binding-darwin-arm64-1.0.1.tgz 0ms (cache hit)
447 http cache @eslint/plugin-kit@https://registry.npmjs.org/@eslint/plugin-kit/-/plugin-kit-0.4.1.tgz 0ms (cache hit)
448 http cache @eslint/core@https://registry.npmjs.org/@eslint/core/-/core-0.17.0.tgz 0ms (cache hit)
449 http cache @esbuild-kit/esm-loader@https://registry.npmjs.org/@esbuild-kit/esm-loader/-/esm-loader-2.6.5.tgz 0ms (cache hit)
450 http cache @esbuild/darwin-arm64@https://registry.npmjs.org/@esbuild/darwin-arm64/-/darwin-arm64-0.28.0.tgz 0ms (cache hit)
451 http cache @eslint/config-array@https://registry.npmjs.org/@eslint/config-array/-/config-array-0.21.2.tgz 0ms (cache hit)
452 http cache @esbuild-kit/core-utils@https://registry.npmjs.org/@esbuild-kit/core-utils/-/core-utils-3.3.2.tgz 0ms (cache hit)
453 http cache @eslint/config-helpers@https://registry.npmjs.org/@eslint/config-helpers/-/config-helpers-0.4.2.tgz 0ms (cache hit)
454 http cache @drizzle-team/brocli@https://registry.npmjs.org/@drizzle-team/brocli/-/brocli-0.10.2.tgz 0ms (cache hit)
455 http cache @emnapi/runtime@https://registry.npmjs.org/@emnapi/runtime/-/runtime-1.10.0.tgz 0ms (cache hit)
456 http cache @cloudflare/vite-plugin@https://registry.npmjs.org/@cloudflare/vite-plugin/-/vite-plugin-1.37.1.tgz 0ms (cache hit)
457 http cache @cloudflare/unenv-preset@https://registry.npmjs.org/@cloudflare/unenv-preset/-/unenv-preset-2.16.1.tgz 0ms (cache hit)
458 http cache @babel/types@https://registry.npmjs.org/@babel/types/-/types-7.29.0.tgz 0ms (cache hit)
459 http cache @babel/helper-compilation-targets@https://registry.npmjs.org/@babel/helper-compilation-targets/-/helper-compilation-targets-7.28.6.tgz 0ms (cache hit)
460 http cache @cloudflare/kv-asset-handler@https://registry.npmjs.org/@cloudflare/kv-asset-handler/-/kv-asset-handler-0.5.0.tgz 0ms (cache hit)
461 http cache @cloudflare/workerd-darwin-arm64@https://registry.npmjs.org/@cloudflare/workerd-darwin-arm64/-/workerd-darwin-arm64-1.20260515.1.tgz 0ms (cache hit)
462 http cache @babel/template@https://registry.npmjs.org/@babel/template/-/template-7.28.6.tgz 0ms (cache hit)
463 http cache @babel/traverse@https://registry.npmjs.org/@babel/traverse/-/traverse-7.29.0.tgz 0ms (cache hit)
464 http cache @babel/helpers@https://registry.npmjs.org/@babel/helpers/-/helpers-7.29.2.tgz 0ms (cache hit)
465 http cache @babel/helper-validator-option@https://registry.npmjs.org/@babel/helper-validator-option/-/helper-validator-option-7.27.1.tgz 0ms (cache hit)
466 http cache @babel/helper-globals@https://registry.npmjs.org/@babel/helper-globals/-/helper-globals-7.28.0.tgz 0ms (cache hit)
467 http cache @babel/helper-module-transforms@https://registry.npmjs.org/@babel/helper-module-transforms/-/helper-module-transforms-7.28.6.tgz 0ms (cache hit)
468 http cache @babel/parser@https://registry.npmjs.org/@babel/parser/-/parser-7.29.3.tgz 0ms (cache hit)
469 http cache @babel/helper-module-imports@https://registry.npmjs.org/@babel/helper-module-imports/-/helper-module-imports-7.28.6.tgz 0ms (cache hit)
470 http cache @babel/core@https://registry.npmjs.org/@babel/core/-/core-7.29.0.tgz 0ms (cache hit)
471 http cache @babel/compat-data@https://registry.npmjs.org/@babel/compat-data/-/compat-data-7.29.3.tgz 0ms (cache hit)
472 http cache @babel/generator@https://registry.npmjs.org/@babel/generator/-/generator-7.29.1.tgz 0ms (cache hit)
473 http cache @babel/code-frame@https://registry.npmjs.org/@babel/code-frame/-/code-frame-7.29.0.tgz 0ms (cache hit)
474 http cache @alloc/quick-lru@https://registry.npmjs.org/@alloc/quick-lru/-/quick-lru-5.2.0.tgz 0ms (cache hit)
475 http cache zod@https://registry.npmjs.org/zod/-/zod-4.4.3.tgz 0ms (cache hit)
476 http cache youch@https://registry.npmjs.org/youch/-/youch-4.1.0-beta.10.tgz 0ms (cache hit)
477 http cache zod-validation-error@https://registry.npmjs.org/zod-validation-error/-/zod-validation-error-4.0.2.tgz 0ms (cache hit)
478 http cache wrangler@https://registry.npmjs.org/wrangler/-/wrangler-4.92.0.tgz 0ms (cache hit)
479 http cache youch-core@https://registry.npmjs.org/youch-core/-/youch-core-0.3.3.tgz 0ms (cache hit)
480 http cache ws@https://registry.npmjs.org/ws/-/ws-8.18.0.tgz 0ms (cache hit)
481 http cache which@https://registry.npmjs.org/which/-/which-2.0.2.tgz 0ms (cache hit)
482 http cache yallist@https://registry.npmjs.org/yallist/-/yallist-3.1.1.tgz 0ms (cache hit)
483 http cache which-collection@https://registry.npmjs.org/which-collection/-/which-collection-1.0.2.tgz 0ms (cache hit)
484 http cache workerd@https://registry.npmjs.org/workerd/-/workerd-1.20260515.1.tgz 0ms (cache hit)
485 http cache which-builtin-type@https://registry.npmjs.org/which-builtin-type/-/which-builtin-type-1.2.1.tgz 0ms (cache hit)
486 http cache webpack@https://registry.npmjs.org/webpack/-/webpack-5.106.2.tgz 0ms (cache hit)
487 http cache which-typed-array@https://registry.npmjs.org/which-typed-array/-/which-typed-array-1.1.20.tgz 0ms (cache hit)
488 http cache which-boxed-primitive@https://registry.npmjs.org/which-boxed-primitive/-/which-boxed-primitive-1.1.1.tgz 0ms (cache hit)
489 http cache web-vitals@https://registry.npmjs.org/web-vitals/-/web-vitals-4.2.4.tgz 0ms (cache hit)
490 http cache vite-plugin-dynamic-import@https://registry.npmjs.org/vite-plugin-dynamic-import/-/vite-plugin-dynamic-import-1.6.0.tgz 0ms (cache hit)
491 http cache vite-plugin-commonjs@https://registry.npmjs.org/vite-plugin-commonjs/-/vite-plugin-commonjs-0.10.4.tgz 0ms (cache hit)
492 http cache vitefu@https://registry.npmjs.org/vitefu/-/vitefu-1.1.3.tgz 0ms (cache hit)
493 http cache vinext@https://registry.npmjs.org/vinext/-/vinext-1.0.0-beta.2.tgz 0ms (cache hit)
494 http cache unpic@https://registry.npmjs.org/unpic/-/unpic-4.2.2.tgz 0ms (cache hit)
495 http cache vite@https://registry.npmjs.org/vite/-/vite-8.0.13.tgz 0ms (cache hit)
496 http cache unicode-trie@https://registry.npmjs.org/unicode-trie/-/unicode-trie-2.0.0.tgz 0ms (cache hit)
497 http cache yoga-layout@https://registry.npmjs.org/yoga-layout/-/yoga-layout-3.2.1.tgz 0ms (cache hit)
498 http cache undici@https://registry.npmjs.org/undici/-/undici-7.24.8.tgz 0ms (cache hit)
499 http cache undici-types@https://registry.npmjs.org/undici-types/-/undici-types-6.21.0.tgz 0ms (cache hit)
500 http cache update-browserslist-db@https://registry.npmjs.org/update-browserslist-db/-/update-browserslist-db-1.2.3.tgz 0ms (cache hit)
501 http cache typescript-eslint@https://registry.npmjs.org/typescript-eslint/-/typescript-eslint-8.59.3.tgz 0ms (cache hit)
502 http cache unenv@https://registry.npmjs.org/unenv/-/unenv-2.0.0-rc.24.tgz 0ms (cache hit)
503 http cache typed-array-byte-offset@https://registry.npmjs.org/typed-array-byte-offset/-/typed-array-byte-offset-1.0.4.tgz 0ms (cache hit)
504 http cache typed-array-length@https://registry.npmjs.org/typed-array-length/-/typed-array-length-1.0.7.tgz 0ms (cache hit)
505 http cache unbox-primitive@https://registry.npmjs.org/unbox-primitive/-/unbox-primitive-1.1.0.tgz 0ms (cache hit)
506 http cache turbo-stream@https://registry.npmjs.org/turbo-stream/-/turbo-stream-3.2.0.tgz 0ms (cache hit)
507 http cache typescript@https://registry.npmjs.org/typescript/-/typescript-5.9.3.tgz 0ms (cache hit)
508 http cache typed-array-byte-length@https://registry.npmjs.org/typed-array-byte-length/-/typed-array-byte-length-1.0.3.tgz 0ms (cache hit)
509 http cache tsx@https://registry.npmjs.org/tsx/-/tsx-4.22.1.tgz 0ms (cache hit)
510 http cache typed-array-buffer@https://registry.npmjs.org/typed-array-buffer/-/typed-array-buffer-1.0.3.tgz 0ms (cache hit)
511 http cache tinyglobby@https://registry.npmjs.org/tinyglobby/-/tinyglobby-0.2.16.tgz 0ms (cache hit)
512 http cache tiny-inflate@https://registry.npmjs.org/tiny-inflate/-/tiny-inflate-1.0.3.tgz 0ms (cache hit)
513 http cache string.prototype.trimend@https://registry.npmjs.org/string.prototype.trimend/-/string.prototype.trimend-1.0.9.tgz 0ms (cache hit)
514 http cache supports-preserve-symlinks-flag@https://registry.npmjs.org/supports-preserve-symlinks-flag/-/supports-preserve-symlinks-flag-1.0.0.tgz 0ms (cache hit)
515 http cache tailwindcss@https://registry.npmjs.org/tailwindcss/-/tailwindcss-4.2.1.tgz 0ms (cache hit)
516 http cache terser-webpack-plugin@https://registry.npmjs.org/terser-webpack-plugin/-/terser-webpack-plugin-5.6.0.tgz 0ms (cache hit)
517 http cache terser@https://registry.npmjs.org/terser/-/terser-5.47.1.tgz 0ms (cache hit)
518 http cache string.prototype.trim@https://registry.npmjs.org/string.prototype.trim/-/string.prototype.trim-1.2.10.tgz 0ms (cache hit)
519 http cache string.prototype.repeat@https://registry.npmjs.org/string.prototype.repeat/-/string.prototype.repeat-1.0.0.tgz 0ms (cache hit)
520 http cache string.prototype.trimstart@https://registry.npmjs.org/string.prototype.trimstart/-/string.prototype.trimstart-1.0.8.tgz 0ms (cache hit)
521 http cache string.prototype.includes@https://registry.npmjs.org/string.prototype.includes/-/string.prototype.includes-2.0.1.tgz 0ms (cache hit)
522 http cache string.prototype.codepointat@https://registry.npmjs.org/string.prototype.codepointat/-/string.prototype.codepointat-0.2.1.tgz 0ms (cache hit)
523 http cache stop-iteration-iterator@https://registry.npmjs.org/stop-iteration-iterator/-/stop-iteration-iterator-1.1.0.tgz 0ms (cache hit)
524 http cache srvx@https://registry.npmjs.org/srvx/-/srvx-0.11.15.tgz 0ms (cache hit)
525 http cache string.prototype.matchall@https://registry.npmjs.org/string.prototype.matchall/-/string.prototype.matchall-4.0.12.tgz 0ms (cache hit)
526 http cache side-channel-weakmap@https://registry.npmjs.org/side-channel-weakmap/-/side-channel-weakmap-1.0.2.tgz 0ms (cache hit)
527 http cache strip-literal@https://registry.npmjs.org/strip-literal/-/strip-literal-3.1.0.tgz 0ms (cache hit)
528 http cache sharp@https://registry.npmjs.org/sharp/-/sharp-0.34.5.tgz 0ms (cache hit)
529 http cache set-proto@https://registry.npmjs.org/set-proto/-/set-proto-1.0.0.tgz 0ms (cache hit)
530 http cache side-channel-list@https://registry.npmjs.org/side-channel-list/-/side-channel-list-1.0.1.tgz 0ms (cache hit)
531 http cache side-channel@https://registry.npmjs.org/side-channel/-/side-channel-1.1.0.tgz 0ms (cache hit)
532 http cache side-channel-map@https://registry.npmjs.org/side-channel-map/-/side-channel-map-1.0.1.tgz 0ms (cache hit)
533 http cache set-function-length@https://registry.npmjs.org/set-function-length/-/set-function-length-1.2.2.tgz 0ms (cache hit)
534 http cache set-function-name@https://registry.npmjs.org/set-function-name/-/set-function-name-2.0.2.tgz 0ms (cache hit)
535 http cache semver@https://registry.npmjs.org/semver/-/semver-6.3.1.tgz 0ms (cache hit)
536 http cache safe-regex-test@https://registry.npmjs.org/safe-regex-test/-/safe-regex-test-1.1.0.tgz 0ms (cache hit)
537 http cache safe-push-apply@https://registry.npmjs.org/safe-push-apply/-/safe-push-apply-1.0.0.tgz 0ms (cache hit)
538 http cache safe-array-concat@https://registry.npmjs.org/safe-array-concat/-/safe-array-concat-1.1.4.tgz 0ms (cache hit)
539 http cache rolldown@https://registry.npmjs.org/rolldown/-/rolldown-1.0.1.tgz 0ms (cache hit)
540 http cache resolve-pkg-maps@https://registry.npmjs.org/resolve-pkg-maps/-/resolve-pkg-maps-1.0.0.tgz 0ms (cache hit)
541 http cache resolve@https://registry.npmjs.org/resolve/-/resolve-2.0.0-next.7.tgz 0ms (cache hit)
542 http cache reflect.getprototypeof@https://registry.npmjs.org/reflect.getprototypeof/-/reflect.getprototypeof-1.0.10.tgz 0ms (cache hit)
543 http cache react-is@https://registry.npmjs.org/react-is/-/react-is-16.13.1.tgz 0ms (cache hit)
544 http cache regexp.prototype.flags@https://registry.npmjs.org/regexp.prototype.flags/-/regexp.prototype.flags-1.5.4.tgz 0ms (cache hit)
545 http cache react-dom@https://registry.npmjs.org/react-dom/-/react-dom-19.2.6.tgz 0ms (cache hit)
546 http cache react-server-dom-webpack@https://registry.npmjs.org/react-server-dom-webpack/-/react-server-dom-webpack-19.2.6.tgz 0ms (cache hit)
547 http cache react@https://registry.npmjs.org/react/-/react-19.2.6.tgz 0ms (cache hit)
548 http cache postcss@https://registry.npmjs.org/postcss/-/postcss-8.5.14.tgz 0ms (cache hit)
549 http cache satori@https://registry.npmjs.org/satori/-/satori-0.16.0.tgz 0ms (cache hit)
550 http cache prop-types@https://registry.npmjs.org/prop-types/-/prop-types-15.8.1.tgz 0ms (cache hit)
551 http cache possible-typed-array-names@https://registry.npmjs.org/possible-typed-array-names/-/possible-typed-array-names-1.1.0.tgz 0ms (cache hit)
552 http cache pathe@https://registry.npmjs.org/pathe/-/pathe-2.0.3.tgz 0ms (cache hit)
553 http cache path-to-regexp@https://registry.npmjs.org/path-to-regexp/-/path-to-regexp-6.3.0.tgz 0ms (cache hit)
554 http cache path-parse@https://registry.npmjs.org/path-parse/-/path-parse-1.0.7.tgz 0ms (cache hit)
555 http cache pako@https://registry.npmjs.org/pako/-/pako-0.2.9.tgz 0ms (cache hit)
556 http cache parse-css-color@https://registry.npmjs.org/parse-css-color/-/parse-css-color-0.2.1.tgz 0ms (cache hit)
557 http cache object.values@https://registry.npmjs.org/object.values/-/object.values-1.2.1.tgz 0ms (cache hit)
558 http cache object.entries@https://registry.npmjs.org/object.entries/-/object.entries-1.1.9.tgz 0ms (cache hit)
559 http cache object.fromentries@https://registry.npmjs.org/object.fromentries/-/object.fromentries-2.0.8.tgz 0ms (cache hit)
560 http cache own-keys@https://registry.npmjs.org/own-keys/-/own-keys-1.0.1.tgz 0ms (cache hit)
561 http cache object.assign@https://registry.npmjs.org/object.assign/-/object.assign-4.1.7.tgz 0ms (cache hit)
562 http cache object-inspect@https://registry.npmjs.org/object-inspect/-/object-inspect-1.13.4.tgz 0ms (cache hit)
563 http cache node-releases@https://registry.npmjs.org/node-releases/-/node-releases-2.0.44.tgz 0ms (cache hit)
564 http cache nanoid@https://registry.npmjs.org/nanoid/-/nanoid-3.3.12.tgz 0ms (cache hit)
565 http cache magic-string@https://registry.npmjs.org/magic-string/-/magic-string-0.30.21.tgz 0ms (cache hit)
566 http cache miniflare@https://registry.npmjs.org/miniflare/-/miniflare-4.20260515.0.tgz 0ms (cache hit)
567 http cache object-keys@https://registry.npmjs.org/object-keys/-/object-keys-1.1.1.tgz 0ms (cache hit)
568 http cache lru-cache@https://registry.npmjs.org/lru-cache/-/lru-cache-5.1.1.tgz 0ms (cache hit)
569 http cache loose-envify@https://registry.npmjs.org/loose-envify/-/loose-envify-1.4.0.tgz 0ms (cache hit)
570 http cache lightningcss-darwin-arm64@https://registry.npmjs.org/lightningcss-darwin-arm64/-/lightningcss-darwin-arm64-1.31.1.tgz 0ms (cache hit)
571 http cache node-exports-info@https://registry.npmjs.org/node-exports-info/-/node-exports-info-1.6.0.tgz 0ms (cache hit)
572 http cache linebreak@https://registry.npmjs.org/linebreak/-/linebreak-1.1.0.tgz 0ms (cache hit)
573 http cache language-tags@https://registry.npmjs.org/language-tags/-/language-tags-1.0.9.tgz 0ms (cache hit)
574 http cache language-subtag-registry@https://registry.npmjs.org/language-subtag-registry/-/language-subtag-registry-0.3.23.tgz 0ms (cache hit)
575 http cache jsx-ast-utils@https://registry.npmjs.org/jsx-ast-utils/-/jsx-ast-utils-3.3.5.tgz 0ms (cache hit)
576 http cache lightningcss@https://registry.npmjs.org/lightningcss/-/lightningcss-1.31.1.tgz 0ms (cache hit)
577 http cache json5@https://registry.npmjs.org/json5/-/json5-2.2.3.tgz 0ms (cache hit)
578 http cache jsesc@https://registry.npmjs.org/jsesc/-/jsesc-3.1.0.tgz 0ms (cache hit)
579 http cache kleur@https://registry.npmjs.org/kleur/-/kleur-4.1.5.tgz 0ms (cache hit)
580 http cache js-tokens@https://registry.npmjs.org/js-tokens/-/js-tokens-4.0.0.tgz 0ms (cache hit)
581 http cache iterator.prototype@https://registry.npmjs.org/iterator.prototype/-/iterator.prototype-1.1.5.tgz 0ms (cache hit)
582 http cache js-yaml@https://registry.npmjs.org/js-yaml/-/js-yaml-4.1.1.tgz 0ms (cache hit)
583 http cache jiti@https://registry.npmjs.org/jiti/-/jiti-2.7.0.tgz 0ms (cache hit)
584 http cache isarray@https://registry.npmjs.org/isarray/-/isarray-2.0.5.tgz 0ms (cache hit)
585 http cache is-weakset@https://registry.npmjs.org/is-weakset/-/is-weakset-2.0.4.tgz 0ms (cache hit)
586 http cache is-weakmap@https://registry.npmjs.org/is-weakmap/-/is-weakmap-2.0.2.tgz 0ms (cache hit)
587 http cache is-weakref@https://registry.npmjs.org/is-weakref/-/is-weakref-1.1.1.tgz 0ms (cache hit)
588 http cache is-symbol@https://registry.npmjs.org/is-symbol/-/is-symbol-1.1.1.tgz 0ms (cache hit)
589 http cache is-typed-array@https://registry.npmjs.org/is-typed-array/-/is-typed-array-1.1.15.tgz 0ms (cache hit)
590 http cache is-shared-array-buffer@https://registry.npmjs.org/is-shared-array-buffer/-/is-shared-array-buffer-1.0.4.tgz 0ms (cache hit)
591 http cache is-string@https://registry.npmjs.org/is-string/-/is-string-1.1.1.tgz 0ms (cache hit)
592 http cache is-set@https://registry.npmjs.org/is-set/-/is-set-2.0.3.tgz 0ms (cache hit)
593 http cache is-regex@https://registry.npmjs.org/is-regex/-/is-regex-1.2.1.tgz 0ms (cache hit)
594 http cache is-number-object@https://registry.npmjs.org/is-number-object/-/is-number-object-1.1.1.tgz 0ms (cache hit)
595 http cache is-map@https://registry.npmjs.org/is-map/-/is-map-2.0.3.tgz 0ms (cache hit)
596 http cache is-generator-function@https://registry.npmjs.org/is-generator-function/-/is-generator-function-1.1.2.tgz 0ms (cache hit)
597 http cache is-date-object@https://registry.npmjs.org/is-date-object/-/is-date-object-1.1.0.tgz 0ms (cache hit)
598 http cache is-finalizationregistry@https://registry.npmjs.org/is-finalizationregistry/-/is-finalizationregistry-1.1.1.tgz 0ms (cache hit)
599 http cache internal-slot@https://registry.npmjs.org/internal-slot/-/internal-slot-1.1.0.tgz 0ms (cache hit)
600 http cache is-data-view@https://registry.npmjs.org/is-data-view/-/is-data-view-1.0.2.tgz 0ms (cache hit)
601 http cache is-negative-zero@https://registry.npmjs.org/is-negative-zero/-/is-negative-zero-2.0.3.tgz 0ms (cache hit)
602 http cache is-core-module@https://registry.npmjs.org/is-core-module/-/is-core-module-2.16.2.tgz 0ms (cache hit)
603 http cache is-callable@https://registry.npmjs.org/is-callable/-/is-callable-1.2.7.tgz 0ms (cache hit)
604 http cache is-async-function@https://registry.npmjs.org/is-async-function/-/is-async-function-2.1.1.tgz 0ms (cache hit)
605 http cache is-array-buffer@https://registry.npmjs.org/is-array-buffer/-/is-array-buffer-3.0.5.tgz 0ms (cache hit)
606 http cache ipaddr.js@https://registry.npmjs.org/ipaddr.js/-/ipaddr.js-2.4.0.tgz 0ms (cache hit)
607 http cache image-size@https://registry.npmjs.org/image-size/-/image-size-2.0.2.tgz 0ms (cache hit)
608 http cache hermes-parser@https://registry.npmjs.org/hermes-parser/-/hermes-parser-0.25.1.tgz 0ms (cache hit)
609 http cache hex-rgb@https://registry.npmjs.org/hex-rgb/-/hex-rgb-4.3.0.tgz 0ms (cache hit)
610 http cache hasown@https://registry.npmjs.org/hasown/-/hasown-2.0.3.tgz 0ms (cache hit)
611 http cache hermes-estree@https://registry.npmjs.org/hermes-estree/-/hermes-estree-0.25.1.tgz 0ms (cache hit)
612 http cache is-bigint@https://registry.npmjs.org/is-bigint/-/is-bigint-1.1.0.tgz 0ms (cache hit)
613 http cache is-boolean-object@https://registry.npmjs.org/is-boolean-object/-/is-boolean-object-1.2.2.tgz 0ms (cache hit)
614 http cache has-proto@https://registry.npmjs.org/has-proto/-/has-proto-1.2.0.tgz 0ms (cache hit)
615 http cache has-bigints@https://registry.npmjs.org/has-bigints/-/has-bigints-1.1.0.tgz 0ms (cache hit)
616 http cache globalthis@https://registry.npmjs.org/globalthis/-/globalthis-1.0.4.tgz 0ms (cache hit)
617 http cache globals@https://registry.npmjs.org/globals/-/globals-16.4.0.tgz 0ms (cache hit)
618 http cache has-property-descriptors@https://registry.npmjs.org/has-property-descriptors/-/has-property-descriptors-1.0.2.tgz 0ms (cache hit)
619 http cache get-symbol-description@https://registry.npmjs.org/get-symbol-description/-/get-symbol-description-1.1.0.tgz 0ms (cache hit)
620 http cache gensync@https://registry.npmjs.org/gensync/-/gensync-1.0.0-beta.2.tgz 0ms (cache hit)
621 http cache generator-function@https://registry.npmjs.org/generator-function/-/generator-function-2.0.1.tgz 0ms (cache hit)
622 http cache get-tsconfig@https://registry.npmjs.org/get-tsconfig/-/get-tsconfig-4.14.0.tgz 0ms (cache hit)
623 http cache functions-have-names@https://registry.npmjs.org/functions-have-names/-/functions-have-names-1.2.3.tgz 0ms (cache hit)
624 http cache function.prototype.name@https://registry.npmjs.org/function.prototype.name/-/function.prototype.name-1.1.8.tgz 0ms (cache hit)
625 http cache for-each@https://registry.npmjs.org/for-each/-/for-each-0.3.5.tgz 0ms (cache hit)
626 http cache fflate@https://registry.npmjs.org/fflate/-/fflate-0.7.4.tgz 0ms (cache hit)
627 http cache fast-glob@https://registry.npmjs.org/fast-glob/-/fast-glob-3.3.1.tgz 0ms (cache hit)
628 http cache eslint-plugin-react-hooks@https://registry.npmjs.org/eslint-plugin-react-hooks/-/eslint-plugin-react-hooks-7.1.1.tgz 0ms (cache hit)
629 http cache fast-uri@https://registry.npmjs.org/fast-uri/-/fast-uri-3.1.2.tgz 0ms (cache hit)
630 http cache escape-html@https://registry.npmjs.org/escape-html/-/escape-html-1.0.3.tgz 0ms (cache hit)
631 http cache eslint-plugin-react@https://registry.npmjs.org/eslint-plugin-react/-/eslint-plugin-react-7.37.5.tgz 0ms (cache hit)
632 http cache eslint@https://registry.npmjs.org/eslint/-/eslint-9.39.4.tgz 0ms (cache hit)
633 http cache eslint-plugin-jsx-a11y@https://registry.npmjs.org/eslint-plugin-jsx-a11y/-/eslint-plugin-jsx-a11y-6.10.2.tgz 0ms (cache hit)
634 http cache es-to-primitive@https://registry.npmjs.org/es-to-primitive/-/es-to-primitive-1.3.0.tgz 0ms (cache hit)
635 http cache estree-walker@https://registry.npmjs.org/estree-walker/-/estree-walker-3.0.3.tgz 0ms (cache hit)
636 http cache es-object-atoms@https://registry.npmjs.org/es-object-atoms/-/es-object-atoms-1.1.1.tgz 0ms (cache hit)
637 http cache es-iterator-helpers@https://registry.npmjs.org/es-iterator-helpers/-/es-iterator-helpers-1.3.2.tgz 0ms (cache hit)
638 http cache es-abstract@https://registry.npmjs.org/es-abstract/-/es-abstract-1.24.2.tgz 0ms (cache hit)
639 http cache enhanced-resolve@https://registry.npmjs.org/enhanced-resolve/-/enhanced-resolve-5.21.3.tgz 0ms (cache hit)
640 http cache es-shim-unscopables@https://registry.npmjs.org/es-shim-unscopables/-/es-shim-unscopables-1.1.0.tgz 0ms (cache hit)
641 http cache error-stack-parser-es@https://registry.npmjs.org/error-stack-parser-es/-/error-stack-parser-es-1.0.5.tgz 0ms (cache hit)
642 http cache drizzle-kit@https://registry.npmjs.org/drizzle-kit/-/drizzle-kit-0.31.10.tgz 0ms (cache hit)
643 http cache electron-to-chromium@https://registry.npmjs.org/electron-to-chromium/-/electron-to-chromium-1.5.358.tgz 0ms (cache hit)
644 http cache drizzle-orm@https://registry.npmjs.org/drizzle-orm/-/drizzle-orm-0.45.2.tgz 0ms (cache hit)
645 http cache esbuild@https://registry.npmjs.org/esbuild/-/esbuild-0.28.0.tgz 0ms (cache hit)
646 http cache doctrine@https://registry.npmjs.org/doctrine/-/doctrine-2.1.0.tgz 0ms (cache hit)
647 http cache data-view-byte-offset@https://registry.npmjs.org/data-view-byte-offset/-/data-view-byte-offset-1.0.1.tgz 0ms (cache hit)
648 http cache define-properties@https://registry.npmjs.org/define-properties/-/define-properties-1.2.1.tgz 0ms (cache hit)
649 http cache emoji-regex-xs@https://registry.npmjs.org/emoji-regex-xs/-/emoji-regex-xs-2.0.1.tgz 0ms (cache hit)
650 http cache define-data-property@https://registry.npmjs.org/define-data-property/-/define-data-property-1.1.4.tgz 0ms (cache hit)
651 http cache damerau-levenshtein@https://registry.npmjs.org/damerau-levenshtein/-/damerau-levenshtein-1.0.8.tgz 0ms (cache hit)
652 http cache data-view-buffer@https://registry.npmjs.org/data-view-buffer/-/data-view-buffer-1.0.2.tgz 0ms (cache hit)
653 http cache css-to-react-native@https://registry.npmjs.org/css-to-react-native/-/css-to-react-native-3.2.0.tgz 0ms (cache hit)
654 http cache css-gradient-parser@https://registry.npmjs.org/css-gradient-parser/-/css-gradient-parser-0.0.16.tgz 0ms (cache hit)
655 http cache data-view-byte-length@https://registry.npmjs.org/data-view-byte-length/-/data-view-byte-length-1.0.2.tgz 0ms (cache hit)
656 http cache css-box-shadow@https://registry.npmjs.org/css-box-shadow/-/css-box-shadow-1.0.0-3.tgz 0ms (cache hit)
657 http cache cookie@https://registry.npmjs.org/cookie/-/cookie-1.1.1.tgz 0ms (cache hit)
658 http cache css-background-parser@https://registry.npmjs.org/css-background-parser/-/css-background-parser-0.1.0.tgz 0ms (cache hit)
659 http cache convert-source-map@https://registry.npmjs.org/convert-source-map/-/convert-source-map-2.0.0.tgz 0ms (cache hit)
660 http cache camelize@https://registry.npmjs.org/camelize/-/camelize-1.0.1.tgz 0ms (cache hit)
661 http cache caniuse-lite@https://registry.npmjs.org/caniuse-lite/-/caniuse-lite-1.0.30001793.tgz 0ms (cache hit)
662 http cache call-bound@https://registry.npmjs.org/call-bound/-/call-bound-1.0.4.tgz 0ms (cache hit)
663 http cache call-bind@https://registry.npmjs.org/call-bind/-/call-bind-1.0.9.tgz 0ms (cache hit)
664 http cache blake3-wasm@https://registry.npmjs.org/blake3-wasm/-/blake3-wasm-2.1.5.tgz 0ms (cache hit)
665 http cache browserslist@https://registry.npmjs.org/browserslist/-/browserslist-4.28.2.tgz 0ms (cache hit)
666 http cache base64-js@https://registry.npmjs.org/base64-js/-/base64-js-0.0.8.tgz 0ms (cache hit)
667 http cache css-color-keywords@https://registry.npmjs.org/css-color-keywords/-/css-color-keywords-1.0.0.tgz 0ms (cache hit)
668 http cache axobject-query@https://registry.npmjs.org/axobject-query/-/axobject-query-4.1.0.tgz 0ms (cache hit)
669 http cache axe-core@https://registry.npmjs.org/axe-core/-/axe-core-4.11.4.tgz 0ms (cache hit)
670 http cache async-function@https://registry.npmjs.org/async-function/-/async-function-1.0.0.tgz 0ms (cache hit)
671 http cache ast-types-flow@https://registry.npmjs.org/ast-types-flow/-/ast-types-flow-0.0.8.tgz 0ms (cache hit)
672 http cache baseline-browser-mapping@https://registry.npmjs.org/baseline-browser-mapping/-/baseline-browser-mapping-2.10.30.tgz 0ms (cache hit)
673 http cache arraybuffer.prototype.slice@https://registry.npmjs.org/arraybuffer.prototype.slice/-/arraybuffer.prototype.slice-1.0.4.tgz 0ms (cache hit)
674 http cache array.prototype.flatmap@https://registry.npmjs.org/array.prototype.flatmap/-/array.prototype.flatmap-1.3.3.tgz 0ms (cache hit)
675 http cache available-typed-arrays@https://registry.npmjs.org/available-typed-arrays/-/available-typed-arrays-1.0.7.tgz 0ms (cache hit)
676 http cache array.prototype.flat@https://registry.npmjs.org/array.prototype.flat/-/array.prototype.flat-1.3.3.tgz 0ms (cache hit)
677 http cache array-buffer-byte-length@https://registry.npmjs.org/array-buffer-byte-length/-/array-buffer-byte-length-1.0.2.tgz 0ms (cache hit)
678 http cache array.prototype.findlast@https://registry.npmjs.org/array.prototype.findlast/-/array.prototype.findlast-1.2.5.tgz 0ms (cache hit)
679 http cache array-includes@https://registry.npmjs.org/array-includes/-/array-includes-3.1.9.tgz 0ms (cache hit)
680 http cache acorn-loose@https://registry.npmjs.org/acorn-loose/-/acorn-loose-8.5.2.tgz 0ms (cache hit)
681 http cache aria-query@https://registry.npmjs.org/aria-query/-/aria-query-5.3.2.tgz 0ms (cache hit)
682 http cache eslint-visitor-keys@https://registry.npmjs.org/eslint-visitor-keys/-/eslint-visitor-keys-5.0.1.tgz 0ms (cache hit)
683 http cache acorn@https://registry.npmjs.org/acorn/-/acorn-8.16.0.tgz 0ms (cache hit)
684 http cache ignore@https://registry.npmjs.org/ignore/-/ignore-7.0.5.tgz 0ms (cache hit)
685 http cache @rolldown/pluginutils@https://registry.npmjs.org/@rolldown/pluginutils/-/pluginutils-1.0.0-rc.18.tgz 0ms (cache hit)
686 http cache minimatch@https://registry.npmjs.org/minimatch/-/minimatch-10.2.5.tgz 0ms (cache hit)
687 http cache semver@https://registry.npmjs.org/semver/-/semver-7.8.0.tgz 0ms (cache hit)
688 http cache brace-expansion@https://registry.npmjs.org/brace-expansion/-/brace-expansion-5.0.6.tgz 0ms (cache hit)
689 http cache balanced-match@https://registry.npmjs.org/balanced-match/-/balanced-match-4.0.4.tgz 0ms (cache hit)
690 http cache supports-color@https://registry.npmjs.org/supports-color/-/supports-color-10.2.2.tgz 0ms (cache hit)
691 http cache esbuild@https://registry.npmjs.org/esbuild/-/esbuild-0.18.20.tgz 0ms (cache hit)
692 http cache esbuild@https://registry.npmjs.org/esbuild/-/esbuild-0.27.3.tgz 0ms (cache hit)
693 http cache @esbuild/darwin-arm64@https://registry.npmjs.org/@esbuild/darwin-arm64/-/darwin-arm64-0.27.3.tgz 0ms (cache hit)
694 http cache estraverse@https://registry.npmjs.org/estraverse/-/estraverse-4.3.0.tgz 0ms (cache hit)
695 http cache eslint-scope@https://registry.npmjs.org/eslint-scope/-/eslint-scope-5.1.1.tgz 0ms (cache hit)
696 http cache array.prototype.tosorted@https://registry.npmjs.org/array.prototype.tosorted/-/array.prototype.tosorted-1.1.4.tgz 0ms (cache hit)
697 http cache glob-parent@https://registry.npmjs.org/glob-parent/-/glob-parent-5.1.2.tgz 0ms (cache hit)
698 http cache @esbuild/darwin-arm64@https://registry.npmjs.org/@esbuild/darwin-arm64/-/darwin-arm64-0.18.20.tgz 0ms (cache hit)
699 http cache fast-glob@https://registry.npmjs.org/fast-glob/-/fast-glob-3.3.3.tgz 0ms (cache hit)
700 http cache @jridgewell/trace-mapping@https://registry.npmjs.org/@jridgewell/trace-mapping/-/trace-mapping-0.3.9.tgz 0ms (cache hit)
701 http cache es-module-lexer@https://registry.npmjs.org/es-module-lexer/-/es-module-lexer-1.7.0.tgz 0ms (cache hit)
702 http cache picomatch@https://registry.npmjs.org/picomatch/-/picomatch-4.0.4.tgz 0ms (cache hit)
703 http cache lightningcss-darwin-arm64@https://registry.npmjs.org/lightningcss-darwin-arm64/-/lightningcss-darwin-arm64-1.32.0.tgz 0ms (cache hit)
704 http cache picomatch@https://registry.npmjs.org/picomatch/-/picomatch-4.0.4.tgz 0ms (cache hit)
705 http cache fdir@https://registry.npmjs.org/fdir/-/fdir-6.5.0.tgz 0ms (cache hit)
706 http cache js-tokens@https://registry.npmjs.org/js-tokens/-/js-tokens-9.0.1.tgz 0ms (cache hit)
707 http cache glob-parent@https://registry.npmjs.org/glob-parent/-/glob-parent-5.1.2.tgz 0ms (cache hit)
708 http cache semver@https://registry.npmjs.org/semver/-/semver-7.8.0.tgz 0ms (cache hit)
709 http cache esbuild@https://registry.npmjs.org/esbuild/-/esbuild-0.25.12.tgz 0ms (cache hit)
710 http cache @esbuild/darwin-arm64@https://registry.npmjs.org/@esbuild/darwin-arm64/-/darwin-arm64-0.25.12.tgz 0ms (cache hit)
711 silly tarball no local data for @typescript-eslint/scope-manager@https://registry.npmjs.org/@typescript-eslint/scope-manager/-/scope-manager-8.59.3.tgz. Extracting by manifest.
712 silly tarball no local data for @vitejs/plugin-react@https://registry.npmjs.org/@vitejs/plugin-react/-/plugin-react-6.0.2.tgz. Extracting by manifest.
713 http cache lightningcss@https://registry.npmjs.org/lightningcss/-/lightningcss-1.32.0.tgz 0ms (cache hit)
714 silly tarball no local data for @vinext/types@https://registry.npmjs.org/@vinext/types/-/types-1.0.0-beta.2.tgz. Extracting by manifest.
715 silly tarball no local data for @vitejs/plugin-rsc@https://registry.npmjs.org/@vitejs/plugin-rsc/-/plugin-rsc-0.5.26.tgz. Extracting by manifest.
716 silly tarball no local data for @vercel/og@https://registry.npmjs.org/@vercel/og/-/og-0.8.6.tgz. Extracting by manifest.
717 silly tarball no local data for @unpic/react@https://registry.npmjs.org/@unpic/react/-/react-1.0.2.tgz. Extracting by manifest.
718 silly tarball no local data for @unpic/core@https://registry.npmjs.org/@unpic/core/-/core-1.0.3.tgz. Extracting by manifest.
719 silly tarball no local data for @typescript-eslint/typescript-estree@https://registry.npmjs.org/@typescript-eslint/typescript-estree/-/typescript-estree-8.59.3.tgz. Extracting by manifest.
720 silly tarball no local data for @typescript-eslint/utils@https://registry.npmjs.org/@typescript-eslint/utils/-/utils-8.59.3.tgz. Extracting by manifest.
721 silly tarball no local data for @typescript-eslint/visitor-keys@https://registry.npmjs.org/@typescript-eslint/visitor-keys/-/visitor-keys-8.59.3.tgz. Extracting by manifest.
722 silly tarball no local data for @typescript-eslint/type-utils@https://registry.npmjs.org/@typescript-eslint/type-utils/-/type-utils-8.59.3.tgz. Extracting by manifest.
723 silly tarball no local data for @typescript-eslint/tsconfig-utils@https://registry.npmjs.org/@typescript-eslint/tsconfig-utils/-/tsconfig-utils-8.59.3.tgz. Extracting by manifest.
724 silly tarball no local data for @typescript-eslint/project-service@https://registry.npmjs.org/@typescript-eslint/project-service/-/project-service-8.59.3.tgz. Extracting by manifest.
725 silly tarball no local data for @typescript-eslint/types@https://registry.npmjs.org/@typescript-eslint/types/-/types-8.59.3.tgz. Extracting by manifest.
726 silly tarball no local data for @typescript-eslint/parser@https://registry.npmjs.org/@typescript-eslint/parser/-/parser-8.59.3.tgz. Extracting by manifest.
727 silly tarball no local data for @types/react-dom@https://registry.npmjs.org/@types/react-dom/-/react-dom-19.2.3.tgz. Extracting by manifest.
728 silly tarball no local data for @tailwindcss/postcss@https://registry.npmjs.org/@tailwindcss/postcss/-/postcss-4.2.1.tgz. Extracting by manifest.
729 silly tarball no local data for @tailwindcss/oxide@https://registry.npmjs.org/@tailwindcss/oxide/-/oxide-4.2.1.tgz. Extracting by manifest.
730 silly tarball no local data for @typescript-eslint/eslint-plugin@https://registry.npmjs.org/@typescript-eslint/eslint-plugin/-/eslint-plugin-8.59.3.tgz. Extracting by manifest.
731 silly tarball no local data for @types/react@https://registry.npmjs.org/@types/react/-/react-19.2.14.tgz. Extracting by manifest.
732 silly tarball no local data for @tailwindcss/oxide-darwin-arm64@https://registry.npmjs.org/@tailwindcss/oxide-darwin-arm64/-/oxide-darwin-arm64-4.2.1.tgz. Extracting by manifest.
733 silly tarball no local data for @poppinss/exception@https://registry.npmjs.org/@poppinss/exception/-/exception-1.2.3.tgz. Extracting by manifest.
734 silly tarball no local data for @speed-highlight/core@https://registry.npmjs.org/@speed-highlight/core/-/core-1.2.15.tgz. Extracting by manifest.
735 silly tarball no local data for @tailwindcss/node@https://registry.npmjs.org/@tailwindcss/node/-/node-4.2.1.tgz. Extracting by manifest.
736 silly tarball no local data for @types/node@https://registry.npmjs.org/@types/node/-/node-22.19.19.tgz. Extracting by manifest.
737 silly tarball no local data for @poppinss/colors@https://registry.npmjs.org/@poppinss/colors/-/colors-4.1.6.tgz. Extracting by manifest.
738 silly tarball no local data for @sindresorhus/is@https://registry.npmjs.org/@sindresorhus/is/-/is-7.2.0.tgz. Extracting by manifest.
739 silly tarball no local data for @poppinss/dumper@https://registry.npmjs.org/@poppinss/dumper/-/dumper-0.6.5.tgz. Extracting by manifest.
740 silly tarball no local data for @oxc-project/types@https://registry.npmjs.org/@oxc-project/types/-/types-0.130.0.tgz. Extracting by manifest.
741 silly tarball no local data for @shuding/opentype.js@https://registry.npmjs.org/@shuding/opentype.js/-/opentype.js-1.4.0-beta.0.tgz. Extracting by manifest.
742 silly tarball no local data for @rolldown/pluginutils@https://registry.npmjs.org/@rolldown/pluginutils/-/pluginutils-1.0.1.tgz. Extracting by manifest.
743 silly tarball no local data for @jridgewell/remapping@https://registry.npmjs.org/@jridgewell/remapping/-/remapping-2.3.5.tgz. Extracting by manifest.
744 silly tarball no local data for @next/eslint-plugin-next@https://registry.npmjs.org/@next/eslint-plugin-next/-/eslint-plugin-next-16.2.6.tgz. Extracting by manifest.
745 silly tarball no local data for @resvg/resvg-wasm@https://registry.npmjs.org/@resvg/resvg-wasm/-/resvg-wasm-2.4.0.tgz. Extracting by manifest.
746 silly tarball no local data for @img/sharp-darwin-arm64@https://registry.npmjs.org/@img/sharp-darwin-arm64/-/sharp-darwin-arm64-0.34.5.tgz. Extracting by manifest.
747 silly tarball no local data for @cspotcode/source-map-support@https://registry.npmjs.org/@cspotcode/source-map-support/-/source-map-support-0.8.1.tgz. Extracting by manifest.
748 silly tarball no local data for @img/sharp-libvips-darwin-arm64@https://registry.npmjs.org/@img/sharp-libvips-darwin-arm64/-/sharp-libvips-darwin-arm64-1.2.4.tgz. Extracting by manifest.
749 silly tarball no local data for @eslint/js@https://registry.npmjs.org/@eslint/js/-/js-9.39.4.tgz. Extracting by manifest.
750 silly tarball no local data for @img/colour@https://registry.npmjs.org/@img/colour/-/colour-1.1.0.tgz. Extracting by manifest.
751 silly tarball no local data for @rolldown/binding-darwin-arm64@https://registry.npmjs.org/@rolldown/binding-darwin-arm64/-/binding-darwin-arm64-1.0.1.tgz. Extracting by manifest.
752 silly tarball no local data for @eslint/plugin-kit@https://registry.npmjs.org/@eslint/plugin-kit/-/plugin-kit-0.4.1.tgz. Extracting by manifest.
753 silly tarball no local data for @eslint/core@https://registry.npmjs.org/@eslint/core/-/core-0.17.0.tgz. Extracting by manifest.
754 silly tarball no local data for @esbuild-kit/esm-loader@https://registry.npmjs.org/@esbuild-kit/esm-loader/-/esm-loader-2.6.5.tgz. Extracting by manifest.
755 silly tarball no local data for @esbuild/darwin-arm64@https://registry.npmjs.org/@esbuild/darwin-arm64/-/darwin-arm64-0.28.0.tgz. Extracting by manifest.
756 silly tarball no local data for @eslint/config-array@https://registry.npmjs.org/@eslint/config-array/-/config-array-0.21.2.tgz. Extracting by manifest.
757 silly tarball no local data for @esbuild-kit/core-utils@https://registry.npmjs.org/@esbuild-kit/core-utils/-/core-utils-3.3.2.tgz. Extracting by manifest.
758 silly tarball no local data for @eslint/config-helpers@https://registry.npmjs.org/@eslint/config-helpers/-/config-helpers-0.4.2.tgz. Extracting by manifest.
759 silly tarball no local data for @drizzle-team/brocli@https://registry.npmjs.org/@drizzle-team/brocli/-/brocli-0.10.2.tgz. Extracting by manifest.
760 silly tarball no local data for @emnapi/runtime@https://registry.npmjs.org/@emnapi/runtime/-/runtime-1.10.0.tgz. Extracting by manifest.
761 silly tarball no local data for @cloudflare/vite-plugin@https://registry.npmjs.org/@cloudflare/vite-plugin/-/vite-plugin-1.37.1.tgz. Extracting by manifest.
762 silly tarball no local data for @cloudflare/unenv-preset@https://registry.npmjs.org/@cloudflare/unenv-preset/-/unenv-preset-2.16.1.tgz. Extracting by manifest.
763 silly tarball no local data for @babel/types@https://registry.npmjs.org/@babel/types/-/types-7.29.0.tgz. Extracting by manifest.
764 silly tarball no local data for @babel/helper-compilation-targets@https://registry.npmjs.org/@babel/helper-compilation-targets/-/helper-compilation-targets-7.28.6.tgz. Extracting by manifest.
765 silly tarball no local data for @cloudflare/kv-asset-handler@https://registry.npmjs.org/@cloudflare/kv-asset-handler/-/kv-asset-handler-0.5.0.tgz. Extracting by manifest.
766 silly tarball no local data for @cloudflare/workerd-darwin-arm64@https://registry.npmjs.org/@cloudflare/workerd-darwin-arm64/-/workerd-darwin-arm64-1.20260515.1.tgz. Extracting by manifest.
767 silly tarball no local data for @babel/template@https://registry.npmjs.org/@babel/template/-/template-7.28.6.tgz. Extracting by manifest.
768 silly tarball no local data for @babel/traverse@https://registry.npmjs.org/@babel/traverse/-/traverse-7.29.0.tgz. Extracting by manifest.
769 silly tarball no local data for @babel/helpers@https://registry.npmjs.org/@babel/helpers/-/helpers-7.29.2.tgz. Extracting by manifest.
770 silly tarball no local data for @babel/helper-validator-option@https://registry.npmjs.org/@babel/helper-validator-option/-/helper-validator-option-7.27.1.tgz. Extracting by manifest.
771 silly tarball no local data for @babel/helper-globals@https://registry.npmjs.org/@babel/helper-globals/-/helper-globals-7.28.0.tgz. Extracting by manifest.
772 silly tarball no local data for @babel/helper-module-transforms@https://registry.npmjs.org/@babel/helper-module-transforms/-/helper-module-transforms-7.28.6.tgz. Extracting by manifest.
773 silly tarball no local data for @babel/parser@https://registry.npmjs.org/@babel/parser/-/parser-7.29.3.tgz. Extracting by manifest.
774 silly tarball no local data for @babel/helper-module-imports@https://registry.npmjs.org/@babel/helper-module-imports/-/helper-module-imports-7.28.6.tgz. Extracting by manifest.
775 silly tarball no local data for @babel/core@https://registry.npmjs.org/@babel/core/-/core-7.29.0.tgz. Extracting by manifest.
776 silly tarball no local data for @babel/compat-data@https://registry.npmjs.org/@babel/compat-data/-/compat-data-7.29.3.tgz. Extracting by manifest.
777 silly tarball no local data for @babel/generator@https://registry.npmjs.org/@babel/generator/-/generator-7.29.1.tgz. Extracting by manifest.
778 silly tarball no local data for @babel/code-frame@https://registry.npmjs.org/@babel/code-frame/-/code-frame-7.29.0.tgz. Extracting by manifest.
779 silly tarball no local data for @alloc/quick-lru@https://registry.npmjs.org/@alloc/quick-lru/-/quick-lru-5.2.0.tgz. Extracting by manifest.
780 silly tarball no local data for zod@https://registry.npmjs.org/zod/-/zod-4.4.3.tgz. Extracting by manifest.
781 silly tarball no local data for youch@https://registry.npmjs.org/youch/-/youch-4.1.0-beta.10.tgz. Extracting by manifest.
782 silly tarball no local data for zod-validation-error@https://registry.npmjs.org/zod-validation-error/-/zod-validation-error-4.0.2.tgz. Extracting by manifest.
783 silly tarball no local data for wrangler@https://registry.npmjs.org/wrangler/-/wrangler-4.92.0.tgz. Extracting by manifest.
784 silly tarball no local data for youch-core@https://registry.npmjs.org/youch-core/-/youch-core-0.3.3.tgz. Extracting by manifest.
785 silly tarball no local data for ws@https://registry.npmjs.org/ws/-/ws-8.18.0.tgz. Extracting by manifest.
786 silly tarball no local data for which@https://registry.npmjs.org/which/-/which-2.0.2.tgz. Extracting by manifest.
787 silly tarball no local data for yallist@https://registry.npmjs.org/yallist/-/yallist-3.1.1.tgz. Extracting by manifest.
788 silly tarball no local data for which-collection@https://registry.npmjs.org/which-collection/-/which-collection-1.0.2.tgz. Extracting by manifest.
789 silly tarball no local data for workerd@https://registry.npmjs.org/workerd/-/workerd-1.20260515.1.tgz. Extracting by manifest.
790 silly tarball no local data for which-builtin-type@https://registry.npmjs.org/which-builtin-type/-/which-builtin-type-1.2.1.tgz. Extracting by manifest.
791 silly tarball no local data for webpack@https://registry.npmjs.org/webpack/-/webpack-5.106.2.tgz. Extracting by manifest.
792 silly tarball no local data for which-typed-array@https://registry.npmjs.org/which-typed-array/-/which-typed-array-1.1.20.tgz. Extracting by manifest.
793 silly tarball no local data for which-boxed-primitive@https://registry.npmjs.org/which-boxed-primitive/-/which-boxed-primitive-1.1.1.tgz. Extracting by manifest.
794 silly tarball no local data for web-vitals@https://registry.npmjs.org/web-vitals/-/web-vitals-4.2.4.tgz. Extracting by manifest.
795 silly tarball no local data for vite-plugin-dynamic-import@https://registry.npmjs.org/vite-plugin-dynamic-import/-/vite-plugin-dynamic-import-1.6.0.tgz. Extracting by manifest.
796 silly tarball no local data for vite-plugin-commonjs@https://registry.npmjs.org/vite-plugin-commonjs/-/vite-plugin-commonjs-0.10.4.tgz. Extracting by manifest.
797 silly tarball no local data for vitefu@https://registry.npmjs.org/vitefu/-/vitefu-1.1.3.tgz. Extracting by manifest.
798 silly tarball no local data for vinext@https://registry.npmjs.org/vinext/-/vinext-1.0.0-beta.2.tgz. Extracting by manifest.
799 silly tarball no local data for unpic@https://registry.npmjs.org/unpic/-/unpic-4.2.2.tgz. Extracting by manifest.
800 silly tarball no local data for vite@https://registry.npmjs.org/vite/-/vite-8.0.13.tgz. Extracting by manifest.
801 silly tarball no local data for unicode-trie@https://registry.npmjs.org/unicode-trie/-/unicode-trie-2.0.0.tgz. Extracting by manifest.
802 silly tarball no local data for yoga-layout@https://registry.npmjs.org/yoga-layout/-/yoga-layout-3.2.1.tgz. Extracting by manifest.
803 silly tarball no local data for undici@https://registry.npmjs.org/undici/-/undici-7.24.8.tgz. Extracting by manifest.
804 silly tarball no local data for undici-types@https://registry.npmjs.org/undici-types/-/undici-types-6.21.0.tgz. Extracting by manifest.
805 silly tarball no local data for update-browserslist-db@https://registry.npmjs.org/update-browserslist-db/-/update-browserslist-db-1.2.3.tgz. Extracting by manifest.
806 silly tarball no local data for typescript-eslint@https://registry.npmjs.org/typescript-eslint/-/typescript-eslint-8.59.3.tgz. Extracting by manifest.
807 silly tarball no local data for unenv@https://registry.npmjs.org/unenv/-/unenv-2.0.0-rc.24.tgz. Extracting by manifest.
808 silly tarball no local data for typed-array-byte-offset@https://registry.npmjs.org/typed-array-byte-offset/-/typed-array-byte-offset-1.0.4.tgz. Extracting by manifest.
809 silly tarball no local data for typed-array-length@https://registry.npmjs.org/typed-array-length/-/typed-array-length-1.0.7.tgz. Extracting by manifest.
810 silly tarball no local data for unbox-primitive@https://registry.npmjs.org/unbox-primitive/-/unbox-primitive-1.1.0.tgz. Extracting by manifest.
811 silly tarball no local data for turbo-stream@https://registry.npmjs.org/turbo-stream/-/turbo-stream-3.2.0.tgz. Extracting by manifest.
812 silly tarball no local data for typescript@https://registry.npmjs.org/typescript/-/typescript-5.9.3.tgz. Extracting by manifest.
813 silly tarball no local data for typed-array-byte-length@https://registry.npmjs.org/typed-array-byte-length/-/typed-array-byte-length-1.0.3.tgz. Extracting by manifest.
814 silly tarball no local data for tsx@https://registry.npmjs.org/tsx/-/tsx-4.22.1.tgz. Extracting by manifest.
815 silly tarball no local data for typed-array-buffer@https://registry.npmjs.org/typed-array-buffer/-/typed-array-buffer-1.0.3.tgz. Extracting by manifest.
816 silly tarball no local data for tinyglobby@https://registry.npmjs.org/tinyglobby/-/tinyglobby-0.2.16.tgz. Extracting by manifest.
817 silly tarball no local data for tiny-inflate@https://registry.npmjs.org/tiny-inflate/-/tiny-inflate-1.0.3.tgz. Extracting by manifest.
818 silly tarball no local data for string.prototype.trimend@https://registry.npmjs.org/string.prototype.trimend/-/string.prototype.trimend-1.0.9.tgz. Extracting by manifest.
819 silly tarball no local data for supports-preserve-symlinks-flag@https://registry.npmjs.org/supports-preserve-symlinks-flag/-/supports-preserve-symlinks-flag-1.0.0.tgz. Extracting by manifest.
820 silly tarball no local data for tailwindcss@https://registry.npmjs.org/tailwindcss/-/tailwindcss-4.2.1.tgz. Extracting by manifest.
821 silly tarball no local data for terser-webpack-plugin@https://registry.npmjs.org/terser-webpack-plugin/-/terser-webpack-plugin-5.6.0.tgz. Extracting by manifest.
822 silly tarball no local data for terser@https://registry.npmjs.org/terser/-/terser-5.47.1.tgz. Extracting by manifest.
823 silly tarball no local data for string.prototype.trim@https://registry.npmjs.org/string.prototype.trim/-/string.prototype.trim-1.2.10.tgz. Extracting by manifest.
824 silly tarball no local data for string.prototype.repeat@https://registry.npmjs.org/string.prototype.repeat/-/string.prototype.repeat-1.0.0.tgz. Extracting by manifest.
825 silly tarball no local data for string.prototype.trimstart@https://registry.npmjs.org/string.prototype.trimstart/-/string.prototype.trimstart-1.0.8.tgz. Extracting by manifest.
826 silly tarball no local data for string.prototype.includes@https://registry.npmjs.org/string.prototype.includes/-/string.prototype.includes-2.0.1.tgz. Extracting by manifest.
827 silly tarball no local data for string.prototype.codepointat@https://registry.npmjs.org/string.prototype.codepointat/-/string.prototype.codepointat-0.2.1.tgz. Extracting by manifest.
828 silly tarball no local data for stop-iteration-iterator@https://registry.npmjs.org/stop-iteration-iterator/-/stop-iteration-iterator-1.1.0.tgz. Extracting by manifest.
829 silly tarball no local data for srvx@https://registry.npmjs.org/srvx/-/srvx-0.11.15.tgz. Extracting by manifest.
830 silly tarball no local data for string.prototype.matchall@https://registry.npmjs.org/string.prototype.matchall/-/string.prototype.matchall-4.0.12.tgz. Extracting by manifest.
831 silly tarball no local data for side-channel-weakmap@https://registry.npmjs.org/side-channel-weakmap/-/side-channel-weakmap-1.0.2.tgz. Extracting by manifest.
832 silly tarball no local data for strip-literal@https://registry.npmjs.org/strip-literal/-/strip-literal-3.1.0.tgz. Extracting by manifest.
833 silly tarball no local data for sharp@https://registry.npmjs.org/sharp/-/sharp-0.34.5.tgz. Extracting by manifest.
834 silly tarball no local data for set-proto@https://registry.npmjs.org/set-proto/-/set-proto-1.0.0.tgz. Extracting by manifest.
835 silly tarball no local data for side-channel-list@https://registry.npmjs.org/side-channel-list/-/side-channel-list-1.0.1.tgz. Extracting by manifest.
836 silly tarball no local data for side-channel@https://registry.npmjs.org/side-channel/-/side-channel-1.1.0.tgz. Extracting by manifest.
837 silly tarball no local data for side-channel-map@https://registry.npmjs.org/side-channel-map/-/side-channel-map-1.0.1.tgz. Extracting by manifest.
838 silly tarball no local data for set-function-length@https://registry.npmjs.org/set-function-length/-/set-function-length-1.2.2.tgz. Extracting by manifest.
839 silly tarball no local data for set-function-name@https://registry.npmjs.org/set-function-name/-/set-function-name-2.0.2.tgz. Extracting by manifest.
840 silly tarball no local data for semver@https://registry.npmjs.org/semver/-/semver-6.3.1.tgz. Extracting by manifest.
841 silly tarball no local data for safe-regex-test@https://registry.npmjs.org/safe-regex-test/-/safe-regex-test-1.1.0.tgz. Extracting by manifest.
842 silly tarball no local data for safe-push-apply@https://registry.npmjs.org/safe-push-apply/-/safe-push-apply-1.0.0.tgz. Extracting by manifest.
843 silly tarball no local data for safe-array-concat@https://registry.npmjs.org/safe-array-concat/-/safe-array-concat-1.1.4.tgz. Extracting by manifest.
844 silly tarball no local data for rolldown@https://registry.npmjs.org/rolldown/-/rolldown-1.0.1.tgz. Extracting by manifest.
845 silly tarball no local data for resolve-pkg-maps@https://registry.npmjs.org/resolve-pkg-maps/-/resolve-pkg-maps-1.0.0.tgz. Extracting by manifest.
846 silly tarball no local data for resolve@https://registry.npmjs.org/resolve/-/resolve-2.0.0-next.7.tgz. Extracting by manifest.
847 silly tarball no local data for reflect.getprototypeof@https://registry.npmjs.org/reflect.getprototypeof/-/reflect.getprototypeof-1.0.10.tgz. Extracting by manifest.
848 silly tarball no local data for react-is@https://registry.npmjs.org/react-is/-/react-is-16.13.1.tgz. Extracting by manifest.
849 silly tarball no local data for regexp.prototype.flags@https://registry.npmjs.org/regexp.prototype.flags/-/regexp.prototype.flags-1.5.4.tgz. Extracting by manifest.
850 silly tarball no local data for react-dom@https://registry.npmjs.org/react-dom/-/react-dom-19.2.6.tgz. Extracting by manifest.
851 silly tarball no local data for react-server-dom-webpack@https://registry.npmjs.org/react-server-dom-webpack/-/react-server-dom-webpack-19.2.6.tgz. Extracting by manifest.
852 silly tarball no local data for react@https://registry.npmjs.org/react/-/react-19.2.6.tgz. Extracting by manifest.
853 silly tarball no local data for postcss@https://registry.npmjs.org/postcss/-/postcss-8.5.14.tgz. Extracting by manifest.
854 silly tarball no local data for satori@https://registry.npmjs.org/satori/-/satori-0.16.0.tgz. Extracting by manifest.
855 silly tarball no local data for prop-types@https://registry.npmjs.org/prop-types/-/prop-types-15.8.1.tgz. Extracting by manifest.
856 silly tarball no local data for possible-typed-array-names@https://registry.npmjs.org/possible-typed-array-names/-/possible-typed-array-names-1.1.0.tgz. Extracting by manifest.
857 silly tarball no local data for pathe@https://registry.npmjs.org/pathe/-/pathe-2.0.3.tgz. Extracting by manifest.
858 silly tarball no local data for path-to-regexp@https://registry.npmjs.org/path-to-regexp/-/path-to-regexp-6.3.0.tgz. Extracting by manifest.
859 silly tarball no local data for path-parse@https://registry.npmjs.org/path-parse/-/path-parse-1.0.7.tgz. Extracting by manifest.
860 silly tarball no local data for pako@https://registry.npmjs.org/pako/-/pako-0.2.9.tgz. Extracting by manifest.
861 silly tarball no local data for parse-css-color@https://registry.npmjs.org/parse-css-color/-/parse-css-color-0.2.1.tgz. Extracting by manifest.
862 silly tarball no local data for object.values@https://registry.npmjs.org/object.values/-/object.values-1.2.1.tgz. Extracting by manifest.
863 silly tarball no local data for object.entries@https://registry.npmjs.org/object.entries/-/object.entries-1.1.9.tgz. Extracting by manifest.
864 silly tarball no local data for object.fromentries@https://registry.npmjs.org/object.fromentries/-/object.fromentries-2.0.8.tgz. Extracting by manifest.
865 silly tarball no local data for own-keys@https://registry.npmjs.org/own-keys/-/own-keys-1.0.1.tgz. Extracting by manifest.
866 silly tarball no local data for object.assign@https://registry.npmjs.org/object.assign/-/object.assign-4.1.7.tgz. Extracting by manifest.
867 silly tarball no local data for object-inspect@https://registry.npmjs.org/object-inspect/-/object-inspect-1.13.4.tgz. Extracting by manifest.
868 silly tarball no local data for node-releases@https://registry.npmjs.org/node-releases/-/node-releases-2.0.44.tgz. Extracting by manifest.
869 silly tarball no local data for nanoid@https://registry.npmjs.org/nanoid/-/nanoid-3.3.12.tgz. Extracting by manifest.
870 silly tarball no local data for magic-string@https://registry.npmjs.org/magic-string/-/magic-string-0.30.21.tgz. Extracting by manifest.
871 silly tarball no local data for miniflare@https://registry.npmjs.org/miniflare/-/miniflare-4.20260515.0.tgz. Extracting by manifest.
872 silly tarball no local data for object-keys@https://registry.npmjs.org/object-keys/-/object-keys-1.1.1.tgz. Extracting by manifest.
873 silly tarball no local data for lru-cache@https://registry.npmjs.org/lru-cache/-/lru-cache-5.1.1.tgz. Extracting by manifest.
874 silly tarball no local data for loose-envify@https://registry.npmjs.org/loose-envify/-/loose-envify-1.4.0.tgz. Extracting by manifest.
875 silly tarball no local data for lightningcss-darwin-arm64@https://registry.npmjs.org/lightningcss-darwin-arm64/-/lightningcss-darwin-arm64-1.31.1.tgz. Extracting by manifest.
876 silly tarball no local data for node-exports-info@https://registry.npmjs.org/node-exports-info/-/node-exports-info-1.6.0.tgz. Extracting by manifest.
877 silly tarball no local data for linebreak@https://registry.npmjs.org/linebreak/-/linebreak-1.1.0.tgz. Extracting by manifest.
878 silly tarball no local data for language-tags@https://registry.npmjs.org/language-tags/-/language-tags-1.0.9.tgz. Extracting by manifest.
879 silly tarball no local data for language-subtag-registry@https://registry.npmjs.org/language-subtag-registry/-/language-subtag-registry-0.3.23.tgz. Extracting by manifest.
880 silly tarball no local data for jsx-ast-utils@https://registry.npmjs.org/jsx-ast-utils/-/jsx-ast-utils-3.3.5.tgz. Extracting by manifest.
881 silly tarball no local data for lightningcss@https://registry.npmjs.org/lightningcss/-/lightningcss-1.31.1.tgz. Extracting by manifest.
882 silly tarball no local data for json5@https://registry.npmjs.org/json5/-/json5-2.2.3.tgz. Extracting by manifest.
883 silly tarball no local data for jsesc@https://registry.npmjs.org/jsesc/-/jsesc-3.1.0.tgz. Extracting by manifest.
884 silly tarball no local data for kleur@https://registry.npmjs.org/kleur/-/kleur-4.1.5.tgz. Extracting by manifest.
885 silly tarball no local data for js-tokens@https://registry.npmjs.org/js-tokens/-/js-tokens-4.0.0.tgz. Extracting by manifest.
886 silly tarball no local data for iterator.prototype@https://registry.npmjs.org/iterator.prototype/-/iterator.prototype-1.1.5.tgz. Extracting by manifest.
887 silly tarball no local data for js-yaml@https://registry.npmjs.org/js-yaml/-/js-yaml-4.1.1.tgz. Extracting by manifest.
888 silly tarball no local data for jiti@https://registry.npmjs.org/jiti/-/jiti-2.7.0.tgz. Extracting by manifest.
889 silly tarball no local data for isarray@https://registry.npmjs.org/isarray/-/isarray-2.0.5.tgz. Extracting by manifest.
890 silly tarball no local data for is-weakset@https://registry.npmjs.org/is-weakset/-/is-weakset-2.0.4.tgz. Extracting by manifest.
891 silly tarball no local data for is-weakmap@https://registry.npmjs.org/is-weakmap/-/is-weakmap-2.0.2.tgz. Extracting by manifest.
892 silly tarball no local data for is-weakref@https://registry.npmjs.org/is-weakref/-/is-weakref-1.1.1.tgz. Extracting by manifest.
893 silly tarball no local data for is-symbol@https://registry.npmjs.org/is-symbol/-/is-symbol-1.1.1.tgz. Extracting by manifest.
894 silly tarball no local data for is-typed-array@https://registry.npmjs.org/is-typed-array/-/is-typed-array-1.1.15.tgz. Extracting by manifest.
895 silly tarball no local data for is-shared-array-buffer@https://registry.npmjs.org/is-shared-array-buffer/-/is-shared-array-buffer-1.0.4.tgz. Extracting by manifest.
896 silly tarball no local data for is-string@https://registry.npmjs.org/is-string/-/is-string-1.1.1.tgz. Extracting by manifest.
897 silly tarball no local data for is-set@https://registry.npmjs.org/is-set/-/is-set-2.0.3.tgz. Extracting by manifest.
898 silly tarball no local data for is-regex@https://registry.npmjs.org/is-regex/-/is-regex-1.2.1.tgz. Extracting by manifest.
899 silly tarball no local data for is-number-object@https://registry.npmjs.org/is-number-object/-/is-number-object-1.1.1.tgz. Extracting by manifest.
900 silly tarball no local data for is-map@https://registry.npmjs.org/is-map/-/is-map-2.0.3.tgz. Extracting by manifest.
901 silly tarball no local data for is-generator-function@https://registry.npmjs.org/is-generator-function/-/is-generator-function-1.1.2.tgz. Extracting by manifest.
902 silly tarball no local data for is-date-object@https://registry.npmjs.org/is-date-object/-/is-date-object-1.1.0.tgz. Extracting by manifest.
903 silly tarball no local data for is-finalizationregistry@https://registry.npmjs.org/is-finalizationregistry/-/is-finalizationregistry-1.1.1.tgz. Extracting by manifest.
904 silly tarball no local data for internal-slot@https://registry.npmjs.org/internal-slot/-/internal-slot-1.1.0.tgz. Extracting by manifest.
905 silly tarball no local data for is-data-view@https://registry.npmjs.org/is-data-view/-/is-data-view-1.0.2.tgz. Extracting by manifest.
906 silly tarball no local data for is-negative-zero@https://registry.npmjs.org/is-negative-zero/-/is-negative-zero-2.0.3.tgz. Extracting by manifest.
907 silly tarball no local data for is-core-module@https://registry.npmjs.org/is-core-module/-/is-core-module-2.16.2.tgz. Extracting by manifest.
908 silly tarball no local data for is-callable@https://registry.npmjs.org/is-callable/-/is-callable-1.2.7.tgz. Extracting by manifest.
909 silly tarball no local data for is-async-function@https://registry.npmjs.org/is-async-function/-/is-async-function-2.1.1.tgz. Extracting by manifest.
910 silly tarball no local data for is-array-buffer@https://registry.npmjs.org/is-array-buffer/-/is-array-buffer-3.0.5.tgz. Extracting by manifest.
911 silly tarball no local data for ipaddr.js@https://registry.npmjs.org/ipaddr.js/-/ipaddr.js-2.4.0.tgz. Extracting by manifest.
912 silly tarball no local data for image-size@https://registry.npmjs.org/image-size/-/image-size-2.0.2.tgz. Extracting by manifest.
913 silly tarball no local data for hermes-parser@https://registry.npmjs.org/hermes-parser/-/hermes-parser-0.25.1.tgz. Extracting by manifest.
914 silly tarball no local data for hex-rgb@https://registry.npmjs.org/hex-rgb/-/hex-rgb-4.3.0.tgz. Extracting by manifest.
915 silly tarball no local data for hasown@https://registry.npmjs.org/hasown/-/hasown-2.0.3.tgz. Extracting by manifest.
916 silly tarball no local data for hermes-estree@https://registry.npmjs.org/hermes-estree/-/hermes-estree-0.25.1.tgz. Extracting by manifest.
917 silly tarball no local data for is-bigint@https://registry.npmjs.org/is-bigint/-/is-bigint-1.1.0.tgz. Extracting by manifest.
918 silly tarball no local data for is-boolean-object@https://registry.npmjs.org/is-boolean-object/-/is-boolean-object-1.2.2.tgz. Extracting by manifest.
919 silly tarball no local data for has-proto@https://registry.npmjs.org/has-proto/-/has-proto-1.2.0.tgz. Extracting by manifest.
920 silly tarball no local data for has-bigints@https://registry.npmjs.org/has-bigints/-/has-bigints-1.1.0.tgz. Extracting by manifest.
921 silly tarball no local data for globalthis@https://registry.npmjs.org/globalthis/-/globalthis-1.0.4.tgz. Extracting by manifest.
922 silly tarball no local data for globals@https://registry.npmjs.org/globals/-/globals-16.4.0.tgz. Extracting by manifest.
923 silly tarball no local data for has-property-descriptors@https://registry.npmjs.org/has-property-descriptors/-/has-property-descriptors-1.0.2.tgz. Extracting by manifest.
924 silly tarball no local data for get-symbol-description@https://registry.npmjs.org/get-symbol-description/-/get-symbol-description-1.1.0.tgz. Extracting by manifest.
925 silly tarball no local data for gensync@https://registry.npmjs.org/gensync/-/gensync-1.0.0-beta.2.tgz. Extracting by manifest.
926 silly tarball no local data for generator-function@https://registry.npmjs.org/generator-function/-/generator-function-2.0.1.tgz. Extracting by manifest.
927 silly tarball no local data for get-tsconfig@https://registry.npmjs.org/get-tsconfig/-/get-tsconfig-4.14.0.tgz. Extracting by manifest.
928 silly tarball no local data for functions-have-names@https://registry.npmjs.org/functions-have-names/-/functions-have-names-1.2.3.tgz. Extracting by manifest.
929 silly tarball no local data for function.prototype.name@https://registry.npmjs.org/function.prototype.name/-/function.prototype.name-1.1.8.tgz. Extracting by manifest.
930 silly tarball no local data for for-each@https://registry.npmjs.org/for-each/-/for-each-0.3.5.tgz. Extracting by manifest.
931 silly tarball no local data for fflate@https://registry.npmjs.org/fflate/-/fflate-0.7.4.tgz. Extracting by manifest.
932 silly tarball no local data for fast-glob@https://registry.npmjs.org/fast-glob/-/fast-glob-3.3.1.tgz. Extracting by manifest.
933 silly tarball no local data for eslint-plugin-react-hooks@https://registry.npmjs.org/eslint-plugin-react-hooks/-/eslint-plugin-react-hooks-7.1.1.tgz. Extracting by manifest.
934 silly tarball no local data for fast-uri@https://registry.npmjs.org/fast-uri/-/fast-uri-3.1.2.tgz. Extracting by manifest.
935 silly tarball no local data for escape-html@https://registry.npmjs.org/escape-html/-/escape-html-1.0.3.tgz. Extracting by manifest.
936 silly tarball no local data for eslint-plugin-react@https://registry.npmjs.org/eslint-plugin-react/-/eslint-plugin-react-7.37.5.tgz. Extracting by manifest.
937 silly tarball no local data for eslint@https://registry.npmjs.org/eslint/-/eslint-9.39.4.tgz. Extracting by manifest.
938 silly tarball no local data for eslint-plugin-jsx-a11y@https://registry.npmjs.org/eslint-plugin-jsx-a11y/-/eslint-plugin-jsx-a11y-6.10.2.tgz. Extracting by manifest.
939 silly tarball no local data for es-to-primitive@https://registry.npmjs.org/es-to-primitive/-/es-to-primitive-1.3.0.tgz. Extracting by manifest.
940 silly tarball no local data for estree-walker@https://registry.npmjs.org/estree-walker/-/estree-walker-3.0.3.tgz. Extracting by manifest.
941 silly tarball no local data for es-object-atoms@https://registry.npmjs.org/es-object-atoms/-/es-object-atoms-1.1.1.tgz. Extracting by manifest.
942 silly tarball no local data for es-iterator-helpers@https://registry.npmjs.org/es-iterator-helpers/-/es-iterator-helpers-1.3.2.tgz. Extracting by manifest.
943 silly tarball no local data for es-abstract@https://registry.npmjs.org/es-abstract/-/es-abstract-1.24.2.tgz. Extracting by manifest.
944 silly tarball no local data for enhanced-resolve@https://registry.npmjs.org/enhanced-resolve/-/enhanced-resolve-5.21.3.tgz. Extracting by manifest.
945 silly tarball no local data for es-shim-unscopables@https://registry.npmjs.org/es-shim-unscopables/-/es-shim-unscopables-1.1.0.tgz. Extracting by manifest.
946 silly tarball no local data for error-stack-parser-es@https://registry.npmjs.org/error-stack-parser-es/-/error-stack-parser-es-1.0.5.tgz. Extracting by manifest.
947 silly tarball no local data for drizzle-kit@https://registry.npmjs.org/drizzle-kit/-/drizzle-kit-0.31.10.tgz. Extracting by manifest.
948 silly tarball no local data for electron-to-chromium@https://registry.npmjs.org/electron-to-chromium/-/electron-to-chromium-1.5.358.tgz. Extracting by manifest.
949 silly tarball no local data for drizzle-orm@https://registry.npmjs.org/drizzle-orm/-/drizzle-orm-0.45.2.tgz. Extracting by manifest.
950 silly tarball no local data for esbuild@https://registry.npmjs.org/esbuild/-/esbuild-0.28.0.tgz. Extracting by manifest.
951 silly tarball no local data for doctrine@https://registry.npmjs.org/doctrine/-/doctrine-2.1.0.tgz. Extracting by manifest.
952 silly tarball no local data for data-view-byte-offset@https://registry.npmjs.org/data-view-byte-offset/-/data-view-byte-offset-1.0.1.tgz. Extracting by manifest.
953 silly tarball no local data for define-properties@https://registry.npmjs.org/define-properties/-/define-properties-1.2.1.tgz. Extracting by manifest.
954 silly tarball no local data for emoji-regex-xs@https://registry.npmjs.org/emoji-regex-xs/-/emoji-regex-xs-2.0.1.tgz. Extracting by manifest.
955 silly tarball no local data for define-data-property@https://registry.npmjs.org/define-data-property/-/define-data-property-1.1.4.tgz. Extracting by manifest.
956 silly tarball no local data for damerau-levenshtein@https://registry.npmjs.org/damerau-levenshtein/-/damerau-levenshtein-1.0.8.tgz. Extracting by manifest.
957 silly tarball no local data for data-view-buffer@https://registry.npmjs.org/data-view-buffer/-/data-view-buffer-1.0.2.tgz. Extracting by manifest.
958 silly tarball no local data for css-to-react-native@https://registry.npmjs.org/css-to-react-native/-/css-to-react-native-3.2.0.tgz. Extracting by manifest.
959 silly tarball no local data for css-gradient-parser@https://registry.npmjs.org/css-gradient-parser/-/css-gradient-parser-0.0.16.tgz. Extracting by manifest.
960 silly tarball no local data for data-view-byte-length@https://registry.npmjs.org/data-view-byte-length/-/data-view-byte-length-1.0.2.tgz. Extracting by manifest.
961 silly tarball no local data for css-box-shadow@https://registry.npmjs.org/css-box-shadow/-/css-box-shadow-1.0.0-3.tgz. Extracting by manifest.
962 silly tarball no local data for cookie@https://registry.npmjs.org/cookie/-/cookie-1.1.1.tgz. Extracting by manifest.
963 silly tarball no local data for css-background-parser@https://registry.npmjs.org/css-background-parser/-/css-background-parser-0.1.0.tgz. Extracting by manifest.
964 silly tarball no local data for convert-source-map@https://registry.npmjs.org/convert-source-map/-/convert-source-map-2.0.0.tgz. Extracting by manifest.
965 silly tarball no local data for camelize@https://registry.npmjs.org/camelize/-/camelize-1.0.1.tgz. Extracting by manifest.
966 silly tarball no local data for caniuse-lite@https://registry.npmjs.org/caniuse-lite/-/caniuse-lite-1.0.30001793.tgz. Extracting by manifest.
967 silly tarball no local data for call-bound@https://registry.npmjs.org/call-bound/-/call-bound-1.0.4.tgz. Extracting by manifest.
968 silly tarball no local data for call-bind@https://registry.npmjs.org/call-bind/-/call-bind-1.0.9.tgz. Extracting by manifest.
969 silly tarball no local data for blake3-wasm@https://registry.npmjs.org/blake3-wasm/-/blake3-wasm-2.1.5.tgz. Extracting by manifest.
970 silly tarball no local data for browserslist@https://registry.npmjs.org/browserslist/-/browserslist-4.28.2.tgz. Extracting by manifest.
971 silly tarball no local data for base64-js@https://registry.npmjs.org/base64-js/-/base64-js-0.0.8.tgz. Extracting by manifest.
972 silly tarball no local data for css-color-keywords@https://registry.npmjs.org/css-color-keywords/-/css-color-keywords-1.0.0.tgz. Extracting by manifest.
973 silly tarball no local data for axobject-query@https://registry.npmjs.org/axobject-query/-/axobject-query-4.1.0.tgz. Extracting by manifest.
974 silly tarball no local data for axe-core@https://registry.npmjs.org/axe-core/-/axe-core-4.11.4.tgz. Extracting by manifest.
975 silly tarball no local data for async-function@https://registry.npmjs.org/async-function/-/async-function-1.0.0.tgz. Extracting by manifest.
976 silly tarball no local data for ast-types-flow@https://registry.npmjs.org/ast-types-flow/-/ast-types-flow-0.0.8.tgz. Extracting by manifest.
977 silly tarball no local data for baseline-browser-mapping@https://registry.npmjs.org/baseline-browser-mapping/-/baseline-browser-mapping-2.10.30.tgz. Extracting by manifest.
978 silly tarball no local data for arraybuffer.prototype.slice@https://registry.npmjs.org/arraybuffer.prototype.slice/-/arraybuffer.prototype.slice-1.0.4.tgz. Extracting by manifest.
979 silly tarball no local data for array.prototype.flatmap@https://registry.npmjs.org/array.prototype.flatmap/-/array.prototype.flatmap-1.3.3.tgz. Extracting by manifest.
980 silly tarball no local data for available-typed-arrays@https://registry.npmjs.org/available-typed-arrays/-/available-typed-arrays-1.0.7.tgz. Extracting by manifest.
981 silly tarball no local data for array.prototype.flat@https://registry.npmjs.org/array.prototype.flat/-/array.prototype.flat-1.3.3.tgz. Extracting by manifest.
982 silly tarball no local data for array-buffer-byte-length@https://registry.npmjs.org/array-buffer-byte-length/-/array-buffer-byte-length-1.0.2.tgz. Extracting by manifest.
983 silly tarball no local data for array.prototype.findlast@https://registry.npmjs.org/array.prototype.findlast/-/array.prototype.findlast-1.2.5.tgz. Extracting by manifest.
984 silly tarball no local data for array-includes@https://registry.npmjs.org/array-includes/-/array-includes-3.1.9.tgz. Extracting by manifest.
985 silly tarball no local data for acorn-loose@https://registry.npmjs.org/acorn-loose/-/acorn-loose-8.5.2.tgz. Extracting by manifest.
986 silly tarball no local data for aria-query@https://registry.npmjs.org/aria-query/-/aria-query-5.3.2.tgz. Extracting by manifest.
987 silly tarball no local data for eslint-visitor-keys@https://registry.npmjs.org/eslint-visitor-keys/-/eslint-visitor-keys-5.0.1.tgz. Extracting by manifest.
988 silly tarball no local data for acorn@https://registry.npmjs.org/acorn/-/acorn-8.16.0.tgz. Extracting by manifest.
989 silly tarball no local data for ignore@https://registry.npmjs.org/ignore/-/ignore-7.0.5.tgz. Extracting by manifest.
990 silly tarball no local data for @rolldown/pluginutils@https://registry.npmjs.org/@rolldown/pluginutils/-/pluginutils-1.0.0-rc.18.tgz. Extracting by manifest.
991 silly tarball no local data for minimatch@https://registry.npmjs.org/minimatch/-/minimatch-10.2.5.tgz. Extracting by manifest.
992 silly tarball no local data for semver@https://registry.npmjs.org/semver/-/semver-7.8.0.tgz. Extracting by manifest.
993 silly tarball no local data for brace-expansion@https://registry.npmjs.org/brace-expansion/-/brace-expansion-5.0.6.tgz. Extracting by manifest.
994 silly tarball no local data for balanced-match@https://registry.npmjs.org/balanced-match/-/balanced-match-4.0.4.tgz. Extracting by manifest.
995 silly tarball no local data for supports-color@https://registry.npmjs.org/supports-color/-/supports-color-10.2.2.tgz. Extracting by manifest.
996 silly tarball no local data for esbuild@https://registry.npmjs.org/esbuild/-/esbuild-0.18.20.tgz. Extracting by manifest.
997 silly tarball no local data for esbuild@https://registry.npmjs.org/esbuild/-/esbuild-0.27.3.tgz. Extracting by manifest.
998 silly tarball no local data for @esbuild/darwin-arm64@https://registry.npmjs.org/@esbuild/darwin-arm64/-/darwin-arm64-0.27.3.tgz. Extracting by manifest.
999 silly tarball no local data for estraverse@https://registry.npmjs.org/estraverse/-/estraverse-4.3.0.tgz. Extracting by manifest.
1000 silly tarball no local data for eslint-scope@https://registry.npmjs.org/eslint-scope/-/eslint-scope-5.1.1.tgz. Extracting by manifest.
1001 silly tarball no local data for array.prototype.tosorted@https://registry.npmjs.org/array.prototype.tosorted/-/array.prototype.tosorted-1.1.4.tgz. Extracting by manifest.
1002 silly tarball no local data for glob-parent@https://registry.npmjs.org/glob-parent/-/glob-parent-5.1.2.tgz. Extracting by manifest.
1003 silly tarball no local data for @esbuild/darwin-arm64@https://registry.npmjs.org/@esbuild/darwin-arm64/-/darwin-arm64-0.18.20.tgz. Extracting by manifest.
1004 silly tarball no local data for fast-glob@https://registry.npmjs.org/fast-glob/-/fast-glob-3.3.3.tgz. Extracting by manifest.
1005 silly tarball no local data for @jridgewell/trace-mapping@https://registry.npmjs.org/@jridgewell/trace-mapping/-/trace-mapping-0.3.9.tgz. Extracting by manifest.
1006 silly tarball no local data for es-module-lexer@https://registry.npmjs.org/es-module-lexer/-/es-module-lexer-1.7.0.tgz. Extracting by manifest.
1007 silly tarball no local data for picomatch@https://registry.npmjs.org/picomatch/-/picomatch-4.0.4.tgz. Extracting by manifest.
1008 silly tarball no local data for lightningcss-darwin-arm64@https://registry.npmjs.org/lightningcss-darwin-arm64/-/lightningcss-darwin-arm64-1.32.0.tgz. Extracting by manifest.
1009 silly tarball no local data for picomatch@https://registry.npmjs.org/picomatch/-/picomatch-4.0.4.tgz. Extracting by manifest.
1010 silly tarball no local data for fdir@https://registry.npmjs.org/fdir/-/fdir-6.5.0.tgz. Extracting by manifest.
1011 silly tarball no local data for js-tokens@https://registry.npmjs.org/js-tokens/-/js-tokens-9.0.1.tgz. Extracting by manifest.
1012 silly tarball no local data for glob-parent@https://registry.npmjs.org/glob-parent/-/glob-parent-5.1.2.tgz. Extracting by manifest.
1013 silly tarball no local data for semver@https://registry.npmjs.org/semver/-/semver-7.8.0.tgz. Extracting by manifest.
1014 silly tarball no local data for esbuild@https://registry.npmjs.org/esbuild/-/esbuild-0.25.12.tgz. Extracting by manifest.
1015 silly tarball no local data for @esbuild/darwin-arm64@https://registry.npmjs.org/@esbuild/darwin-arm64/-/darwin-arm64-0.25.12.tgz. Extracting by manifest.
1016 silly tarball no local data for lightningcss@https://registry.npmjs.org/lightningcss/-/lightningcss-1.32.0.tgz. Extracting by manifest.
1017 http fetch GET 200 https://registry.npmjs.org/@typescript-eslint/tsconfig-utils/-/tsconfig-utils-8.59.3.tgz 299ms (cache miss)
1018 http fetch GET 200 https://registry.npmjs.org/@typescript-eslint/parser/-/parser-8.59.3.tgz 300ms (cache miss)
1019 http fetch GET 200 https://registry.npmjs.org/@typescript-eslint/project-service/-/project-service-8.59.3.tgz 301ms (cache miss)
1020 http fetch GET 200 https://registry.npmjs.org/@vitejs/plugin-react/-/plugin-react-6.0.2.tgz 304ms (cache miss)
1021 http fetch GET 200 https://registry.npmjs.org/@typescript-eslint/visitor-keys/-/visitor-keys-8.59.3.tgz 305ms (cache miss)
1022 http fetch GET 200 https://registry.npmjs.org/@unpic/core/-/core-1.0.3.tgz 307ms (cache miss)
1023 http fetch GET 200 https://registry.npmjs.org/@typescript-eslint/types/-/types-8.59.3.tgz 308ms (cache miss)
1024 http fetch GET 200 https://registry.npmjs.org/@unpic/react/-/react-1.0.2.tgz 324ms (cache miss)
1025 http fetch GET 200 https://registry.npmjs.org/@typescript-eslint/type-utils/-/type-utils-8.59.3.tgz 337ms (cache miss)
1026 http fetch GET 200 https://registry.npmjs.org/@typescript-eslint/typescript-estree/-/typescript-estree-8.59.3.tgz 366ms (cache miss)
1027 http fetch GET 200 https://registry.npmjs.org/@typescript-eslint/utils/-/utils-8.59.3.tgz 371ms (cache miss)
1028 http fetch GET 200 https://registry.npmjs.org/@types/react-dom/-/react-dom-19.2.3.tgz 387ms (cache miss)
1029 http fetch GET 200 https://registry.npmjs.org/@tailwindcss/postcss/-/postcss-4.2.1.tgz 391ms (cache miss)
1030 http fetch GET 200 https://registry.npmjs.org/@tailwindcss/oxide/-/oxide-4.2.1.tgz 394ms (cache miss)
1031 http fetch GET 200 https://registry.npmjs.org/@tailwindcss/node/-/node-4.2.1.tgz 395ms (cache miss)
1032 http fetch GET 200 https://registry.npmjs.org/@types/react/-/react-19.2.14.tgz 397ms (cache miss)
1033 http fetch GET 200 https://registry.npmjs.org/@vercel/og/-/og-0.8.6.tgz 407ms (cache miss)
1034 http fetch GET 200 https://registry.npmjs.org/@vitejs/plugin-rsc/-/plugin-rsc-0.5.26.tgz 409ms (cache miss)
1035 http fetch GET 200 https://registry.npmjs.org/@poppinss/exception/-/exception-1.2.3.tgz 413ms (cache miss)
1036 http fetch GET 200 https://registry.npmjs.org/@poppinss/colors/-/colors-4.1.6.tgz 415ms (cache miss)
1037 http fetch GET 200 https://registry.npmjs.org/@sindresorhus/is/-/is-7.2.0.tgz 430ms (cache miss)
1038 http fetch GET 200 https://registry.npmjs.org/@oxc-project/types/-/types-0.130.0.tgz 438ms (cache miss)
1039 http fetch GET 200 https://registry.npmjs.org/@types/node/-/node-22.19.19.tgz 445ms (cache miss)
1040 http fetch GET 200 https://registry.npmjs.org/@jridgewell/remapping/-/remapping-2.3.5.tgz 449ms (cache miss)
1041 http fetch GET 200 https://registry.npmjs.org/@poppinss/dumper/-/dumper-0.6.5.tgz 451ms (cache miss)
1042 http fetch GET 200 https://registry.npmjs.org/@eslint/core/-/core-0.17.0.tgz 452ms (cache miss)
1043 http fetch GET 200 https://registry.npmjs.org/@tailwindcss/oxide-darwin-arm64/-/oxide-darwin-arm64-4.2.1.tgz 468ms (cache miss)
1044 http fetch GET 200 https://registry.npmjs.org/@next/eslint-plugin-next/-/eslint-plugin-next-16.2.6.tgz 470ms (cache miss)
1045 http fetch GET 200 https://registry.npmjs.org/@eslint/plugin-kit/-/plugin-kit-0.4.1.tgz 470ms (cache miss)
1046 http fetch GET 200 https://registry.npmjs.org/@img/colour/-/colour-1.1.0.tgz 476ms (cache miss)
1047 http fetch GET 200 https://registry.npmjs.org/@rolldown/pluginutils/-/pluginutils-1.0.1.tgz 478ms (cache miss)
1048 http fetch GET 200 https://registry.npmjs.org/@esbuild-kit/esm-loader/-/esm-loader-2.6.5.tgz 481ms (cache miss)
1049 warn deprecated @esbuild-kit/esm-loader@2.6.5: Merged into tsx: https://tsx.is
1050 http fetch GET 200 https://registry.npmjs.org/@eslint/config-helpers/-/config-helpers-0.4.2.tgz 515ms (cache miss)
1051 http fetch GET 200 https://registry.npmjs.org/@eslint/js/-/js-9.39.4.tgz 526ms (cache miss)
1052 http fetch GET 200 https://registry.npmjs.org/@img/sharp-darwin-arm64/-/sharp-darwin-arm64-0.34.5.tgz 534ms (cache miss)
1053 http fetch GET 200 https://registry.npmjs.org/@cspotcode/source-map-support/-/source-map-support-0.8.1.tgz 539ms (cache miss)
1054 http fetch GET 200 https://registry.npmjs.org/@drizzle-team/brocli/-/brocli-0.10.2.tgz 540ms (cache miss)
1055 http fetch GET 200 https://registry.npmjs.org/@eslint/config-array/-/config-array-0.21.2.tgz 548ms (cache miss)
1056 http fetch GET 200 https://registry.npmjs.org/@typescript-eslint/scope-manager/-/scope-manager-8.59.3.tgz 568ms (cache miss)
1057 http fetch GET 200 https://registry.npmjs.org/@esbuild-kit/core-utils/-/core-utils-3.3.2.tgz 562ms (cache miss)
1058 warn deprecated @esbuild-kit/core-utils@3.3.2: Merged into tsx: https://tsx.is
1059 http fetch GET 200 https://registry.npmjs.org/@shuding/opentype.js/-/opentype.js-1.4.0-beta.0.tgz 579ms (cache miss)
1060 http fetch GET 200 https://registry.npmjs.org/@cloudflare/unenv-preset/-/unenv-preset-2.16.1.tgz 586ms (cache miss)
1061 http fetch GET 200 https://registry.npmjs.org/@resvg/resvg-wasm/-/resvg-wasm-2.4.0.tgz 590ms (cache miss)
1062 http fetch GET 200 https://registry.npmjs.org/@babel/helper-validator-option/-/helper-validator-option-7.27.1.tgz 588ms (cache miss)
1063 http fetch GET 200 https://registry.npmjs.org/@emnapi/runtime/-/runtime-1.10.0.tgz 601ms (cache miss)
1064 http fetch GET 200 https://registry.npmjs.org/@babel/compat-data/-/compat-data-7.29.3.tgz 608ms (cache miss)
1065 http fetch GET 200 https://registry.npmjs.org/@speed-highlight/core/-/core-1.2.15.tgz 623ms (cache miss)
1066 http fetch GET 200 https://registry.npmjs.org/@babel/traverse/-/traverse-7.29.0.tgz 637ms (cache miss)
1067 http fetch GET 200 https://registry.npmjs.org/@babel/helper-compilation-targets/-/helper-compilation-targets-7.28.6.tgz 652ms (cache miss)
1068 http fetch GET 200 https://registry.npmjs.org/@babel/template/-/template-7.28.6.tgz 654ms (cache miss)
1069 http fetch GET 200 https://registry.npmjs.org/@babel/helper-globals/-/helper-globals-7.28.0.tgz 675ms (cache miss)
1070 http fetch GET 200 https://registry.npmjs.org/@cloudflare/kv-asset-handler/-/kv-asset-handler-0.5.0.tgz 687ms (cache miss)
1071 http fetch GET 200 https://registry.npmjs.org/@babel/helper-module-imports/-/helper-module-imports-7.28.6.tgz 686ms (cache miss)
1072 http fetch GET 200 https://registry.npmjs.org/@babel/helper-module-transforms/-/helper-module-transforms-7.28.6.tgz 699ms (cache miss)
1073 http fetch GET 200 https://registry.npmjs.org/@alloc/quick-lru/-/quick-lru-5.2.0.tgz 708ms (cache miss)
1074 http fetch GET 200 https://registry.npmjs.org/@babel/code-frame/-/code-frame-7.29.0.tgz 708ms (cache miss)
1075 http fetch GET 200 https://registry.npmjs.org/zod-validation-error/-/zod-validation-error-4.0.2.tgz 722ms (cache miss)
1076 http fetch GET 200 https://registry.npmjs.org/yallist/-/yallist-3.1.1.tgz 742ms (cache miss)
1077 http fetch GET 200 https://registry.npmjs.org/which/-/which-2.0.2.tgz 744ms (cache miss)
1078 http fetch GET 200 https://registry.npmjs.org/which-collection/-/which-collection-1.0.2.tgz 742ms (cache miss)
1079 http fetch GET 200 https://registry.npmjs.org/which-builtin-type/-/which-builtin-type-1.2.1.tgz 743ms (cache miss)
1080 http fetch GET 200 https://registry.npmjs.org/youch-core/-/youch-core-0.3.3.tgz 746ms (cache miss)
1081 http fetch GET 200 https://registry.npmjs.org/which-typed-array/-/which-typed-array-1.1.20.tgz 748ms (cache miss)
1082 http fetch GET 200 https://registry.npmjs.org/@cloudflare/vite-plugin/-/vite-plugin-1.37.1.tgz 766ms (cache miss)
1083 http fetch GET 200 https://registry.npmjs.org/@babel/parser/-/parser-7.29.3.tgz 780ms (cache miss)
1084 http fetch GET 200 https://registry.npmjs.org/ws/-/ws-8.18.0.tgz 782ms (cache miss)
1085 http fetch GET 200 https://registry.npmjs.org/@babel/generator/-/generator-7.29.1.tgz 786ms (cache miss)
1086 http fetch GET 200 https://registry.npmjs.org/vite-plugin-dynamic-import/-/vite-plugin-dynamic-import-1.6.0.tgz 785ms (cache miss)
1087 http fetch GET 200 https://registry.npmjs.org/which-boxed-primitive/-/which-boxed-primitive-1.1.1.tgz 785ms (cache miss)
1088 http fetch GET 200 https://registry.npmjs.org/vite-plugin-commonjs/-/vite-plugin-commonjs-0.10.4.tgz 787ms (cache miss)
1089 http fetch GET 200 https://registry.npmjs.org/vitefu/-/vitefu-1.1.3.tgz 787ms (cache miss)
1090 http fetch GET 200 https://registry.npmjs.org/typed-array-byte-offset/-/typed-array-byte-offset-1.0.4.tgz 827ms (cache miss)
1091 http fetch GET 200 https://registry.npmjs.org/unicode-trie/-/unicode-trie-2.0.0.tgz 828ms (cache miss)
1092 http fetch GET 200 https://registry.npmjs.org/typescript-eslint/-/typescript-eslint-8.59.3.tgz 827ms (cache miss)
1093 http fetch GET 200 https://registry.npmjs.org/update-browserslist-db/-/update-browserslist-db-1.2.3.tgz 828ms (cache miss)
1094 http fetch GET 200 https://registry.npmjs.org/typed-array-length/-/typed-array-length-1.0.7.tgz 839ms (cache miss)
1095 http fetch GET 200 https://registry.npmjs.org/unbox-primitive/-/unbox-primitive-1.1.0.tgz 842ms (cache miss)
1096 http fetch GET 200 https://registry.npmjs.org/typed-array-buffer/-/typed-array-buffer-1.0.3.tgz 843ms (cache miss)
1097 http fetch GET 200 https://registry.npmjs.org/typed-array-byte-length/-/typed-array-byte-length-1.0.3.tgz 843ms (cache miss)
1098 http fetch GET 200 https://registry.npmjs.org/tinyglobby/-/tinyglobby-0.2.16.tgz 844ms (cache miss)
1099 http fetch GET 200 https://registry.npmjs.org/undici-types/-/undici-types-6.21.0.tgz 848ms (cache miss)
1100 http fetch GET 200 https://registry.npmjs.org/youch/-/youch-4.1.0-beta.10.tgz 853ms (cache miss)
1101 http fetch GET 200 https://registry.npmjs.org/turbo-stream/-/turbo-stream-3.2.0.tgz 851ms (cache miss)
1102 http fetch GET 200 https://registry.npmjs.org/string.prototype.trimend/-/string.prototype.trimend-1.0.9.tgz 862ms (cache miss)
1103 http fetch GET 200 https://registry.npmjs.org/tiny-inflate/-/tiny-inflate-1.0.3.tgz 878ms (cache miss)
1104 http fetch GET 200 https://registry.npmjs.org/supports-preserve-symlinks-flag/-/supports-preserve-symlinks-flag-1.0.0.tgz 877ms (cache miss)
1105 http fetch GET 200 https://registry.npmjs.org/yoga-layout/-/yoga-layout-3.2.1.tgz 882ms (cache miss)
1106 http fetch GET 200 https://registry.npmjs.org/string.prototype.trim/-/string.prototype.trim-1.2.10.tgz 883ms (cache miss)
1107 http fetch GET 200 https://registry.npmjs.org/@babel/core/-/core-7.29.0.tgz 896ms (cache miss)
1108 http fetch GET 200 https://registry.npmjs.org/terser-webpack-plugin/-/terser-webpack-plugin-5.6.0.tgz 891ms (cache miss)
1109 http fetch GET 200 https://registry.npmjs.org/string.prototype.trimstart/-/string.prototype.trimstart-1.0.8.tgz 911ms (cache miss)
1110 http fetch GET 200 https://registry.npmjs.org/string.prototype.repeat/-/string.prototype.repeat-1.0.0.tgz 917ms (cache miss)
1111 http fetch GET 200 https://registry.npmjs.org/string.prototype.includes/-/string.prototype.includes-2.0.1.tgz 925ms (cache miss)
1112 http fetch GET 200 https://registry.npmjs.org/stop-iteration-iterator/-/stop-iteration-iterator-1.1.0.tgz 926ms (cache miss)
1113 http fetch GET 200 https://registry.npmjs.org/side-channel-weakmap/-/side-channel-weakmap-1.0.2.tgz 926ms (cache miss)
1114 http fetch GET 200 https://registry.npmjs.org/string.prototype.codepointat/-/string.prototype.codepointat-0.2.1.tgz 926ms (cache miss)
1115 http fetch GET 200 https://registry.npmjs.org/strip-literal/-/strip-literal-3.1.0.tgz 927ms (cache miss)
1116 http fetch GET 200 https://registry.npmjs.org/string.prototype.matchall/-/string.prototype.matchall-4.0.12.tgz 927ms (cache miss)
1117 http fetch GET 200 https://registry.npmjs.org/semver/-/semver-6.3.1.tgz 966ms (cache miss)
1118 http fetch GET 200 https://registry.npmjs.org/set-proto/-/set-proto-1.0.0.tgz 966ms (cache miss)
1119 http fetch GET 200 https://registry.npmjs.org/side-channel-list/-/side-channel-list-1.0.1.tgz 967ms (cache miss)
1120 http fetch GET 200 https://registry.npmjs.org/safe-regex-test/-/safe-regex-test-1.1.0.tgz 967ms (cache miss)
1121 http fetch GET 200 https://registry.npmjs.org/side-channel/-/side-channel-1.1.0.tgz 967ms (cache miss)
1122 http fetch GET 200 https://registry.npmjs.org/set-function-name/-/set-function-name-2.0.2.tgz 967ms (cache miss)
1123 http fetch GET 200 https://registry.npmjs.org/set-function-length/-/set-function-length-1.2.2.tgz 968ms (cache miss)
1124 http fetch GET 200 https://registry.npmjs.org/side-channel-map/-/side-channel-map-1.0.1.tgz 969ms (cache miss)
1125 http fetch GET 200 https://registry.npmjs.org/safe-push-apply/-/safe-push-apply-1.0.0.tgz 970ms (cache miss)
1126 http fetch GET 200 https://registry.npmjs.org/tailwindcss/-/tailwindcss-4.2.1.tgz 973ms (cache miss)
1127 http fetch GET 200 https://registry.npmjs.org/tsx/-/tsx-4.22.1.tgz 976ms (cache miss)
1128 http fetch GET 200 https://registry.npmjs.org/vite/-/vite-8.0.13.tgz 981ms (cache miss)
1129 http fetch GET 200 https://registry.npmjs.org/safe-array-concat/-/safe-array-concat-1.1.4.tgz 1018ms (cache miss)
1130 http fetch GET 200 https://registry.npmjs.org/resolve-pkg-maps/-/resolve-pkg-maps-1.0.0.tgz 1017ms (cache miss)
1131 http fetch GET 200 https://registry.npmjs.org/react-is/-/react-is-16.13.1.tgz 1018ms (cache miss)
1132 http fetch GET 200 https://registry.npmjs.org/reflect.getprototypeof/-/reflect.getprototypeof-1.0.10.tgz 1021ms (cache miss)
1133 http fetch GET 200 https://registry.npmjs.org/regexp.prototype.flags/-/regexp.prototype.flags-1.5.4.tgz 1025ms (cache miss)
1134 http fetch GET 200 https://registry.npmjs.org/@babel/types/-/types-7.29.0.tgz 1060ms (cache miss)
1135 http fetch GET 200 https://registry.npmjs.org/srvx/-/srvx-0.11.15.tgz 1054ms (cache miss)
1136 http fetch GET 200 https://registry.npmjs.org/path-parse/-/path-parse-1.0.7.tgz 1052ms (cache miss)
1137 http fetch GET 200 https://registry.npmjs.org/parse-css-color/-/parse-css-color-0.2.1.tgz 1052ms (cache miss)
1138 http fetch GET 200 https://registry.npmjs.org/pathe/-/pathe-2.0.3.tgz 1053ms (cache miss)
1139 http fetch GET 200 https://registry.npmjs.org/object.values/-/object.values-1.2.1.tgz 1054ms (cache miss)
1140 http fetch GET 200 https://registry.npmjs.org/possible-typed-array-names/-/possible-typed-array-names-1.1.0.tgz 1055ms (cache miss)
1141 http fetch GET 200 https://registry.npmjs.org/prop-types/-/prop-types-15.8.1.tgz 1058ms (cache miss)
1142 http fetch GET 200 https://registry.npmjs.org/path-to-regexp/-/path-to-regexp-6.3.0.tgz 1061ms (cache miss)
1143 http fetch GET 200 https://registry.npmjs.org/react/-/react-19.2.6.tgz 1064ms (cache miss)
1144 http fetch GET 200 https://registry.npmjs.org/workerd/-/workerd-1.20260515.1.tgz 1084ms (cache miss)
1145 http fetch GET 200 https://registry.npmjs.org/sharp/-/sharp-0.34.5.tgz 1086ms (cache miss)
1146 http fetch GET 200 https://registry.npmjs.org/node-releases/-/node-releases-2.0.44.tgz 1089ms (cache miss)
1147 http fetch GET 200 https://registry.npmjs.org/lru-cache/-/lru-cache-5.1.1.tgz 1089ms (cache miss)
1148 http fetch GET 200 https://registry.npmjs.org/object.fromentries/-/object.fromentries-2.0.8.tgz 1090ms (cache miss)
1149 http fetch GET 200 https://registry.npmjs.org/nanoid/-/nanoid-3.3.12.tgz 1091ms (cache miss)
1150 http fetch GET 200 https://registry.npmjs.org/@img/sharp-libvips-darwin-arm64/-/sharp-libvips-darwin-arm64-1.2.4.tgz 1111ms (cache miss)
1151 http fetch GET 200 https://registry.npmjs.org/own-keys/-/own-keys-1.0.1.tgz 1093ms (cache miss)
1152 http fetch GET 200 https://registry.npmjs.org/object-keys/-/object-keys-1.1.1.tgz 1094ms (cache miss)
1153 http fetch GET 200 https://registry.npmjs.org/object.entries/-/object.entries-1.1.9.tgz 1110ms (cache miss)
1154 http fetch GET 200 https://registry.npmjs.org/object.assign/-/object.assign-4.1.7.tgz 1113ms (cache miss)
1155 http fetch GET 200 https://registry.npmjs.org/loose-envify/-/loose-envify-1.4.0.tgz 1113ms (cache miss)
1156 http fetch GET 200 https://registry.npmjs.org/language-tags/-/language-tags-1.0.9.tgz 1114ms (cache miss)
1157 http fetch GET 200 https://registry.npmjs.org/jsesc/-/jsesc-3.1.0.tgz 1114ms (cache miss)
1158 http fetch GET 200 https://registry.npmjs.org/js-tokens/-/js-tokens-4.0.0.tgz 1117ms (cache miss)
1159 http fetch GET 200 https://registry.npmjs.org/terser/-/terser-5.47.1.tgz 1126ms (cache miss)
1160 http fetch GET 200 https://registry.npmjs.org/kleur/-/kleur-4.1.5.tgz 1120ms (cache miss)
1161 http fetch GET 200 https://registry.npmjs.org/magic-string/-/magic-string-0.30.21.tgz 1128ms (cache miss)
1162 http fetch GET 200 https://registry.npmjs.org/linebreak/-/linebreak-1.1.0.tgz 1127ms (cache miss)
1163 http fetch GET 200 https://registry.npmjs.org/@esbuild/darwin-arm64/-/darwin-arm64-0.28.0.tgz 1157ms (cache miss)
1164 http fetch GET 200 https://registry.npmjs.org/is-shared-array-buffer/-/is-shared-array-buffer-1.0.4.tgz 1156ms (cache miss)
1165 http fetch GET 200 https://registry.npmjs.org/is-weakref/-/is-weakref-1.1.1.tgz 1157ms (cache miss)
1166 http fetch GET 200 https://registry.npmjs.org/is-symbol/-/is-symbol-1.1.1.tgz 1157ms (cache miss)
1167 http fetch GET 200 https://registry.npmjs.org/is-typed-array/-/is-typed-array-1.1.15.tgz 1158ms (cache miss)
1168 http fetch GET 200 https://registry.npmjs.org/iterator.prototype/-/iterator.prototype-1.1.5.tgz 1159ms (cache miss)
1169 http fetch GET 200 https://registry.npmjs.org/is-weakmap/-/is-weakmap-2.0.2.tgz 1160ms (cache miss)
1170 http fetch GET 200 https://registry.npmjs.org/node-exports-info/-/node-exports-info-1.6.0.tgz 1162ms (cache miss)
1171 http fetch GET 200 https://registry.npmjs.org/is-set/-/is-set-2.0.3.tgz 1161ms (cache miss)
1172 http fetch GET 200 https://registry.npmjs.org/isarray/-/isarray-2.0.5.tgz 1167ms (cache miss)
1173 http fetch GET 200 https://registry.npmjs.org/is-weakset/-/is-weakset-2.0.4.tgz 1168ms (cache miss)
1174 http fetch GET 200 https://registry.npmjs.org/is-string/-/is-string-1.1.1.tgz 1174ms (cache miss)
1175 http fetch GET 200 https://registry.npmjs.org/object-inspect/-/object-inspect-1.13.4.tgz 1236ms (cache miss)
1176 http fetch GET 200 https://registry.npmjs.org/postcss/-/postcss-8.5.14.tgz 1243ms (cache miss)
1177 http fetch GET 200 https://registry.npmjs.org/json5/-/json5-2.2.3.tgz 1242ms (cache miss)
1178 http fetch GET 200 https://registry.npmjs.org/lightningcss/-/lightningcss-1.31.1.tgz 1242ms (cache miss)
1179 http fetch GET 200 https://registry.npmjs.org/is-regex/-/is-regex-1.2.1.tgz 1260ms (cache miss)
1180 http fetch GET 200 https://registry.npmjs.org/is-data-view/-/is-data-view-1.0.2.tgz 1261ms (cache miss)
1181 http fetch GET 200 https://registry.npmjs.org/is-negative-zero/-/is-negative-zero-2.0.3.tgz 1264ms (cache miss)
1182 http fetch GET 200 https://registry.npmjs.org/is-async-function/-/is-async-function-2.1.1.tgz 1266ms (cache miss)
1183 http fetch GET 200 https://registry.npmjs.org/is-date-object/-/is-date-object-1.1.0.tgz 1270ms (cache miss)
1184 http fetch GET 200 https://registry.npmjs.org/is-core-module/-/is-core-module-2.16.2.tgz 1272ms (cache miss)
1185 http fetch GET 200 https://registry.npmjs.org/is-finalizationregistry/-/is-finalizationregistry-1.1.1.tgz 1275ms (cache miss)
1186 http fetch GET 200 https://registry.npmjs.org/is-map/-/is-map-2.0.3.tgz 1276ms (cache miss)
1187 http fetch GET 200 https://registry.npmjs.org/ipaddr.js/-/ipaddr.js-2.4.0.tgz 1274ms (cache miss)
1188 http fetch GET 200 https://registry.npmjs.org/internal-slot/-/internal-slot-1.1.0.tgz 1280ms (cache miss)
1189 http fetch GET 200 https://registry.npmjs.org/is-callable/-/is-callable-1.2.7.tgz 1280ms (cache miss)
1190 http fetch GET 200 https://registry.npmjs.org/is-number-object/-/is-number-object-1.1.1.tgz 1281ms (cache miss)
1191 http fetch GET 200 https://registry.npmjs.org/hasown/-/hasown-2.0.3.tgz 1279ms (cache miss)
1192 http fetch GET 200 https://registry.npmjs.org/hex-rgb/-/hex-rgb-4.3.0.tgz 1279ms (cache miss)
1193 http fetch GET 200 https://registry.npmjs.org/is-bigint/-/is-bigint-1.1.0.tgz 1278ms (cache miss)
1194 http fetch GET 200 https://registry.npmjs.org/is-array-buffer/-/is-array-buffer-3.0.5.tgz 1281ms (cache miss)
1195 http fetch GET 200 https://registry.npmjs.org/has-proto/-/has-proto-1.2.0.tgz 1280ms (cache miss)
1196 http fetch GET 200 https://registry.npmjs.org/is-generator-function/-/is-generator-function-1.1.2.tgz 1282ms (cache miss)
1197 http fetch GET 200 https://registry.npmjs.org/is-boolean-object/-/is-boolean-object-1.2.2.tgz 1282ms (cache miss)
1198 http fetch GET 200 https://registry.npmjs.org/has-bigints/-/has-bigints-1.1.0.tgz 1283ms (cache miss)
1199 http fetch GET 200 https://registry.npmjs.org/has-property-descriptors/-/has-property-descriptors-1.0.2.tgz 1288ms (cache miss)
1200 http fetch GET 200 https://registry.npmjs.org/pako/-/pako-0.2.9.tgz 1296ms (cache miss)
1201 http fetch GET 200 https://registry.npmjs.org/get-symbol-description/-/get-symbol-description-1.1.0.tgz 1289ms (cache miss)
1202 http fetch GET 200 https://registry.npmjs.org/react-server-dom-webpack/-/react-server-dom-webpack-19.2.6.tgz 1299ms (cache miss)
1203 http fetch GET 200 https://registry.npmjs.org/for-each/-/for-each-0.3.5.tgz 1295ms (cache miss)
1204 http fetch GET 200 https://registry.npmjs.org/escape-html/-/escape-html-1.0.3.tgz 1294ms (cache miss)
1205 http fetch GET 200 https://registry.npmjs.org/globals/-/globals-16.4.0.tgz 1296ms (cache miss)
1206 http fetch GET 200 https://registry.npmjs.org/functions-have-names/-/functions-have-names-1.2.3.tgz 1295ms (cache miss)
1207 http fetch GET 200 https://registry.npmjs.org/gensync/-/gensync-1.0.0-beta.2.tgz 1304ms (cache miss)
1208 http fetch GET 200 https://registry.npmjs.org/generator-function/-/generator-function-2.0.1.tgz 1304ms (cache miss)
1209 http fetch GET 200 https://registry.npmjs.org/globalthis/-/globalthis-1.0.4.tgz 1306ms (cache miss)
1210 http fetch GET 200 https://registry.npmjs.org/es-shim-unscopables/-/es-shim-unscopables-1.1.0.tgz 1303ms (cache miss)
1211 http fetch GET 200 https://registry.npmjs.org/error-stack-parser-es/-/error-stack-parser-es-1.0.5.tgz 1305ms (cache miss)
1212 http fetch GET 200 https://registry.npmjs.org/estree-walker/-/estree-walker-3.0.3.tgz 1316ms (cache miss)
1213 http fetch GET 200 https://registry.npmjs.org/es-object-atoms/-/es-object-atoms-1.1.1.tgz 1316ms (cache miss)
1214 http fetch GET 200 https://registry.npmjs.org/get-tsconfig/-/get-tsconfig-4.14.0.tgz 1323ms (cache miss)
1215 http fetch GET 200 https://registry.npmjs.org/damerau-levenshtein/-/damerau-levenshtein-1.0.8.tgz 1331ms (cache miss)
1216 http fetch GET 200 https://registry.npmjs.org/emoji-regex-xs/-/emoji-regex-xs-2.0.1.tgz 1333ms (cache miss)
1217 http fetch GET 200 https://registry.npmjs.org/data-view-byte-offset/-/data-view-byte-offset-1.0.1.tgz 1333ms (cache miss)
1218 http fetch GET 200 https://registry.npmjs.org/define-properties/-/define-properties-1.2.1.tgz 1334ms (cache miss)
1219 http fetch GET 200 https://registry.npmjs.org/define-data-property/-/define-data-property-1.1.4.tgz 1341ms (cache miss)
1220 http fetch GET 200 https://registry.npmjs.org/data-view-buffer/-/data-view-buffer-1.0.2.tgz 1341ms (cache miss)
1221 http fetch GET 200 https://registry.npmjs.org/electron-to-chromium/-/electron-to-chromium-1.5.358.tgz 1342ms (cache miss)
1222 http fetch GET 200 https://registry.npmjs.org/satori/-/satori-0.16.0.tgz 1355ms (cache miss)
1223 http fetch GET 200 https://registry.npmjs.org/function.prototype.name/-/function.prototype.name-1.1.8.tgz 1346ms (cache miss)
1224 http fetch GET 200 https://registry.npmjs.org/css-box-shadow/-/css-box-shadow-1.0.0-3.tgz 1348ms (cache miss)
1225 http fetch GET 200 https://registry.npmjs.org/data-view-byte-length/-/data-view-byte-length-1.0.2.tgz 1348ms (cache miss)
1226 http fetch GET 200 https://registry.npmjs.org/esbuild/-/esbuild-0.28.0.tgz 1350ms (cache miss)
1227 http fetch GET 200 https://registry.npmjs.org/camelize/-/camelize-1.0.1.tgz 1350ms (cache miss)
1228 http fetch GET 200 https://registry.npmjs.org/doctrine/-/doctrine-2.1.0.tgz 1351ms (cache miss)
1229 http fetch GET 200 https://registry.npmjs.org/convert-source-map/-/convert-source-map-2.0.0.tgz 1350ms (cache miss)
1230 http fetch GET 200 https://registry.npmjs.org/call-bind/-/call-bind-1.0.9.tgz 1350ms (cache miss)
1231 http fetch GET 200 https://registry.npmjs.org/call-bound/-/call-bound-1.0.4.tgz 1351ms (cache miss)
1232 http fetch GET 200 https://registry.npmjs.org/css-background-parser/-/css-background-parser-0.1.0.tgz 1355ms (cache miss)
1233 http fetch GET 200 https://registry.npmjs.org/cookie/-/cookie-1.1.1.tgz 1355ms (cache miss)
1234 http fetch GET 200 https://registry.npmjs.org/es-to-primitive/-/es-to-primitive-1.3.0.tgz 1360ms (cache miss)
1235 http fetch GET 200 https://registry.npmjs.org/browserslist/-/browserslist-4.28.2.tgz 1357ms (cache miss)
1236 http fetch GET 200 https://registry.npmjs.org/css-color-keywords/-/css-color-keywords-1.0.0.tgz 1358ms (cache miss)
1237 http fetch GET 200 https://registry.npmjs.org/css-gradient-parser/-/css-gradient-parser-0.0.16.tgz 1362ms (cache miss)
1238 http fetch GET 200 https://registry.npmjs.org/async-function/-/async-function-1.0.0.tgz 1364ms (cache miss)
1239 http fetch GET 200 https://registry.npmjs.org/arraybuffer.prototype.slice/-/arraybuffer.prototype.slice-1.0.4.tgz 1365ms (cache miss)
1240 http fetch GET 200 https://registry.npmjs.org/ast-types-flow/-/ast-types-flow-0.0.8.tgz 1366ms (cache miss)
1241 http fetch GET 200 https://registry.npmjs.org/base64-js/-/base64-js-0.0.8.tgz 1367ms (cache miss)
1242 http fetch GET 200 https://registry.npmjs.org/rolldown/-/rolldown-1.0.1.tgz 1389ms (cache miss)
1243 http fetch GET 200 https://registry.npmjs.org/array-buffer-byte-length/-/array-buffer-byte-length-1.0.2.tgz 1372ms (cache miss)
1244 http fetch GET 200 https://registry.npmjs.org/available-typed-arrays/-/available-typed-arrays-1.0.7.tgz 1373ms (cache miss)
1245 http fetch GET 200 https://registry.npmjs.org/array-includes/-/array-includes-3.1.9.tgz 1372ms (cache miss)
1246 http fetch GET 200 https://registry.npmjs.org/array.prototype.flat/-/array.prototype.flat-1.3.3.tgz 1375ms (cache miss)
1247 http fetch GET 200 https://registry.npmjs.org/array.prototype.findlast/-/array.prototype.findlast-1.2.5.tgz 1375ms (cache miss)
1248 http fetch GET 200 https://registry.npmjs.org/hermes-estree/-/hermes-estree-0.25.1.tgz 1385ms (cache miss)
1249 http fetch GET 200 https://registry.npmjs.org/@babel/helpers/-/helpers-7.29.2.tgz 1411ms (cache miss)
1250 http fetch GET 200 https://registry.npmjs.org/acorn-loose/-/acorn-loose-8.5.2.tgz 1384ms (cache miss)
1251 http fetch GET 200 https://registry.npmjs.org/ignore/-/ignore-7.0.5.tgz 1385ms (cache miss)
1252 http fetch GET 200 https://registry.npmjs.org/array.prototype.flatmap/-/array.prototype.flatmap-1.3.3.tgz 1387ms (cache miss)
1253 http fetch GET 200 https://registry.npmjs.org/balanced-match/-/balanced-match-4.0.4.tgz 1384ms (cache miss)
1254 http fetch GET 200 https://registry.npmjs.org/supports-color/-/supports-color-10.2.2.tgz 1392ms (cache miss)
1255 http fetch GET 200 https://registry.npmjs.org/baseline-browser-mapping/-/baseline-browser-mapping-2.10.30.tgz 1397ms (cache miss)
1256 http fetch GET 200 https://registry.npmjs.org/eslint-visitor-keys/-/eslint-visitor-keys-5.0.1.tgz 1398ms (cache miss)
1257 http fetch GET 200 https://registry.npmjs.org/fflate/-/fflate-0.7.4.tgz 1412ms (cache miss)
1258 http fetch GET 200 https://registry.npmjs.org/estraverse/-/estraverse-4.3.0.tgz 1400ms (cache miss)
1259 http fetch GET 200 https://registry.npmjs.org/esbuild/-/esbuild-0.18.20.tgz 1401ms (cache miss)
1260 http fetch GET 200 https://registry.npmjs.org/glob-parent/-/glob-parent-5.1.2.tgz 1405ms (cache miss)
1261 http fetch GET 200 https://registry.npmjs.org/esbuild/-/esbuild-0.27.3.tgz 1409ms (cache miss)
1262 http fetch GET 200 https://registry.npmjs.org/array.prototype.tosorted/-/array.prototype.tosorted-1.1.4.tgz 1412ms (cache miss)
1263 http fetch GET 200 https://registry.npmjs.org/glob-parent/-/glob-parent-5.1.2.tgz 1414ms (cache miss)
1264 http fetch GET 200 https://registry.npmjs.org/js-tokens/-/js-tokens-9.0.1.tgz 1416ms (cache miss)
1265 http fetch GET 200 https://registry.npmjs.org/es-module-lexer/-/es-module-lexer-1.7.0.tgz 1418ms (cache miss)
1266 http fetch GET 200 https://registry.npmjs.org/fdir/-/fdir-6.5.0.tgz 1418ms (cache miss)
1267 http fetch GET 200 https://registry.npmjs.org/picomatch/-/picomatch-4.0.4.tgz 1420ms (cache miss)
1268 http fetch GET 200 https://registry.npmjs.org/eslint-scope/-/eslint-scope-5.1.1.tgz 1422ms (cache miss)
1269 http fetch GET 200 https://registry.npmjs.org/picomatch/-/picomatch-4.0.4.tgz 1421ms (cache miss)
1270 http fetch GET 200 https://registry.npmjs.org/language-subtag-registry/-/language-subtag-registry-0.3.23.tgz 1442ms (cache miss)
1271 http fetch GET 200 https://registry.npmjs.org/esbuild/-/esbuild-0.25.12.tgz 1424ms (cache miss)
1272 http fetch GET 200 https://registry.npmjs.org/fast-uri/-/fast-uri-3.1.2.tgz 1446ms (cache miss)
1273 http fetch GET 200 https://registry.npmjs.org/brace-expansion/-/brace-expansion-5.0.6.tgz 1438ms (cache miss)
1274 http fetch GET 200 https://registry.npmjs.org/acorn/-/acorn-8.16.0.tgz 1445ms (cache miss)
1275 http fetch GET 200 https://registry.npmjs.org/@rolldown/pluginutils/-/pluginutils-1.0.0-rc.18.tgz 1449ms (cache miss)
1276 http fetch GET 200 https://registry.npmjs.org/js-yaml/-/js-yaml-4.1.1.tgz 1466ms (cache miss)
1277 http fetch GET 200 https://registry.npmjs.org/jiti/-/jiti-2.7.0.tgz 1468ms (cache miss)
1278 http fetch GET 200 https://registry.npmjs.org/lightningcss/-/lightningcss-1.32.0.tgz 1441ms (cache miss)
1279 http fetch GET 200 https://registry.npmjs.org/semver/-/semver-7.8.0.tgz 1534ms (cache miss)
1280 http fetch GET 200 https://registry.npmjs.org/enhanced-resolve/-/enhanced-resolve-5.21.3.tgz 1548ms (cache miss)
1281 http fetch GET 200 https://registry.npmjs.org/css-to-react-native/-/css-to-react-native-3.2.0.tgz 1553ms (cache miss)
1282 http fetch GET 200 https://registry.npmjs.org/semver/-/semver-7.8.0.tgz 1552ms (cache miss)
1283 http fetch GET 200 https://registry.npmjs.org/@jridgewell/trace-mapping/-/trace-mapping-0.3.9.tgz 1554ms (cache miss)
1284 http fetch GET 200 https://registry.npmjs.org/@typescript-eslint/eslint-plugin/-/eslint-plugin-8.59.3.tgz 1597ms (cache miss)
1285 http fetch GET 200 https://registry.npmjs.org/hermes-parser/-/hermes-parser-0.25.1.tgz 1590ms (cache miss)
1286 http fetch GET 200 https://registry.npmjs.org/fast-glob/-/fast-glob-3.3.1.tgz 1603ms (cache miss)
1287 http fetch GET 200 https://registry.npmjs.org/eslint-plugin-react-hooks/-/eslint-plugin-react-hooks-7.1.1.tgz 1607ms (cache miss)
1288 http fetch GET 200 https://registry.npmjs.org/axe-core/-/axe-core-4.11.4.tgz 1624ms (cache miss)
1289 http fetch GET 200 https://registry.npmjs.org/web-vitals/-/web-vitals-4.2.4.tgz 1658ms (cache miss)
1290 http fetch GET 200 https://registry.npmjs.org/minimatch/-/minimatch-10.2.5.tgz 1630ms (cache miss)
1291 http fetch GET 200 https://registry.npmjs.org/fast-glob/-/fast-glob-3.3.3.tgz 1629ms (cache miss)
1292 http fetch GET 200 https://registry.npmjs.org/resolve/-/resolve-2.0.0-next.7.tgz 1689ms (cache miss)
1293 http fetch GET 200 https://registry.npmjs.org/react-dom/-/react-dom-19.2.6.tgz 1689ms (cache miss)
1294 http fetch GET 200 https://registry.npmjs.org/es-iterator-helpers/-/es-iterator-helpers-1.3.2.tgz 1679ms (cache miss)
1295 http fetch GET 200 https://registry.npmjs.org/jsx-ast-utils/-/jsx-ast-utils-3.3.5.tgz 1710ms (cache miss)
1296 http fetch GET 200 https://registry.npmjs.org/@rolldown/binding-darwin-arm64/-/binding-darwin-arm64-1.0.1.tgz 1754ms (cache miss)
1297 http fetch GET 200 https://registry.npmjs.org/image-size/-/image-size-2.0.2.tgz 1754ms (cache miss)
1298 http fetch GET 200 https://registry.npmjs.org/lightningcss-darwin-arm64/-/lightningcss-darwin-arm64-1.31.1.tgz 1772ms (cache miss)
1299 http fetch GET 200 https://registry.npmjs.org/wrangler/-/wrangler-4.92.0.tgz 1861ms (cache miss)
1300 http fetch GET 200 https://registry.npmjs.org/drizzle-kit/-/drizzle-kit-0.31.10.tgz 1841ms (cache miss)
1301 http fetch GET 200 https://registry.npmjs.org/lightningcss-darwin-arm64/-/lightningcss-darwin-arm64-1.32.0.tgz 1833ms (cache miss)
1302 http fetch GET 200 https://registry.npmjs.org/undici/-/undici-7.24.8.tgz 1884ms (cache miss)
1303 http fetch GET 200 https://registry.npmjs.org/@esbuild/darwin-arm64/-/darwin-arm64-0.18.20.tgz 1874ms (cache miss)
1304 http fetch GET 200 https://registry.npmjs.org/@esbuild/darwin-arm64/-/darwin-arm64-0.27.3.tgz 1893ms (cache miss)
1305 http fetch GET 200 https://registry.npmjs.org/@vinext/types/-/types-1.0.0-beta.2.tgz 1938ms (cache miss)
1306 http fetch GET 200 https://registry.npmjs.org/axobject-query/-/axobject-query-4.1.0.tgz 1901ms (cache miss)
1307 http fetch GET 200 https://registry.npmjs.org/@esbuild/darwin-arm64/-/darwin-arm64-0.25.12.tgz 1894ms (cache miss)
1308 http fetch GET 200 https://registry.npmjs.org/blake3-wasm/-/blake3-wasm-2.1.5.tgz 1922ms (cache miss)
1309 http fetch GET 200 https://registry.npmjs.org/aria-query/-/aria-query-5.3.2.tgz 1989ms (cache miss)
1310 http fetch GET 200 https://registry.npmjs.org/eslint-plugin-jsx-a11y/-/eslint-plugin-jsx-a11y-6.10.2.tgz 2009ms (cache miss)
1311 http fetch GET 200 https://registry.npmjs.org/typescript/-/typescript-5.9.3.tgz 2065ms (cache miss)
1312 http fetch GET 200 https://registry.npmjs.org/eslint-plugin-react/-/eslint-plugin-react-7.37.5.tgz 2119ms (cache miss)
1313 http fetch GET 200 https://registry.npmjs.org/miniflare/-/miniflare-4.20260515.0.tgz 2195ms (cache miss)
1314 http fetch GET 200 https://registry.npmjs.org/unpic/-/unpic-4.2.2.tgz 2208ms (cache miss)
1315 http fetch GET 200 https://registry.npmjs.org/unenv/-/unenv-2.0.0-rc.24.tgz 2223ms (cache miss)
1316 http fetch GET 200 https://registry.npmjs.org/eslint/-/eslint-9.39.4.tgz 2206ms (cache miss)
1317 http fetch GET 200 https://registry.npmjs.org/webpack/-/webpack-5.106.2.tgz 2308ms (cache miss)
1318 http fetch GET 200 https://registry.npmjs.org/zod/-/zod-4.4.3.tgz 2388ms (cache miss)
1319 http fetch GET 200 https://registry.npmjs.org/caniuse-lite/-/caniuse-lite-1.0.30001793.tgz 2390ms (cache miss)
1320 http fetch GET 200 https://registry.npmjs.org/vinext/-/vinext-1.0.0-beta.2.tgz 2413ms (cache miss)
1321 http fetch GET 200 https://registry.npmjs.org/es-abstract/-/es-abstract-1.24.2.tgz 2582ms (cache miss)
1322 http fetch GET 200 https://registry.npmjs.org/drizzle-orm/-/drizzle-orm-0.45.2.tgz 2711ms (cache miss)
1323 http fetch GET 200 https://registry.npmjs.org/@cloudflare/workerd-darwin-arm64/-/workerd-darwin-arm64-1.20260515.1.tgz 3259ms (cache miss)
1324 info run sharp@0.34.5 install node_modules/sharp node install/check.js || npm run build
1325 info run sharp@0.34.5 install { code: 0, signal: null }
1326 info run esbuild@0.28.0 postinstall node_modules/esbuild node install.js
1327 info run workerd@1.20260515.1 postinstall node_modules/workerd node install.js
1328 info run esbuild@0.18.20 postinstall node_modules/@esbuild-kit/core-utils/node_modules/esbuild node install.js
1329 info run esbuild@0.25.12 postinstall node_modules/drizzle-kit/node_modules/esbuild node install.js
1330 info run esbuild@0.27.3 postinstall node_modules/wrangler/node_modules/esbuild node install.js
1331 info run esbuild@0.18.20 postinstall { code: 0, signal: null }
1332 info run esbuild@0.28.0 postinstall { code: 0, signal: null }
1333 info run workerd@1.20260515.1 postinstall { code: 0, signal: null }
1334 info run esbuild@0.25.12 postinstall { code: 0, signal: null }
1335 info run esbuild@0.27.3 postinstall { code: 0, signal: null }
1336 silly CHANGE node_modules/@vitejs/plugin-rsc
1337 silly CHANGE node_modules/@vitejs/plugin-rsc/node_modules/@rolldown/pluginutils
1338 silly CHANGE node_modules/@typescript-eslint/scope-manager
1339 silly CHANGE node_modules/@vitejs/plugin-react
1340 silly CHANGE node_modules/@vinext/types
1341 silly CHANGE node_modules/@vercel/og
1342 silly CHANGE node_modules/@unpic/react
1343 silly CHANGE node_modules/@unpic/core
1344 silly CHANGE node_modules/@typescript-eslint/visitor-keys
1345 silly CHANGE node_modules/@typescript-eslint/visitor-keys/node_modules/eslint-visitor-keys
1346 silly CHANGE node_modules/@typescript-eslint/utils
1347 silly CHANGE node_modules/@typescript-eslint/typescript-estree
1348 silly CHANGE node_modules/@typescript-eslint/typescript-estree/node_modules/semver
1349 silly CHANGE node_modules/@typescript-eslint/typescript-estree/node_modules/minimatch
1350 silly CHANGE node_modules/@typescript-eslint/typescript-estree/node_modules/brace-expansion
1351 silly CHANGE node_modules/@typescript-eslint/typescript-estree/node_modules/balanced-match
1352 silly CHANGE node_modules/@typescript-eslint/types
1353 silly CHANGE node_modules/@typescript-eslint/type-utils
1354 silly CHANGE node_modules/@typescript-eslint/tsconfig-utils
1355 silly CHANGE node_modules/@typescript-eslint/project-service
1356 silly CHANGE node_modules/@typescript-eslint/parser
1357 silly CHANGE node_modules/@typescript-eslint/eslint-plugin
1358 silly CHANGE node_modules/@typescript-eslint/eslint-plugin/node_modules/ignore
1359 silly CHANGE node_modules/@types/react-dom
1360 silly CHANGE node_modules/@types/react
1361 silly CHANGE node_modules/@types/node
1362 silly CHANGE node_modules/@tailwindcss/postcss
1363 silly CHANGE node_modules/@tailwindcss/oxide-darwin-arm64
1364 silly CHANGE node_modules/@tailwindcss/oxide
1365 silly CHANGE node_modules/@tailwindcss/node
1366 silly CHANGE node_modules/@poppinss/exception
1367 silly CHANGE node_modules/@speed-highlight/core
1368 silly CHANGE node_modules/@poppinss/dumper
1369 silly CHANGE node_modules/@poppinss/dumper/node_modules/supports-color
1370 silly CHANGE node_modules/@poppinss/colors
1371 silly CHANGE node_modules/@shuding/opentype.js
1372 silly CHANGE node_modules/@sindresorhus/is
1373 silly CHANGE node_modules/@rolldown/pluginutils
1374 silly CHANGE node_modules/@rolldown/binding-darwin-arm64
1375 silly CHANGE node_modules/@resvg/resvg-wasm
1376 silly CHANGE node_modules/@oxc-project/types
1377 silly CHANGE node_modules/@next/eslint-plugin-next
1378 silly CHANGE node_modules/@jridgewell/remapping
1379 silly CHANGE node_modules/@img/sharp-libvips-darwin-arm64
1380 silly CHANGE node_modules/@img/sharp-darwin-arm64
1381 silly CHANGE node_modules/@img/colour
1382 silly CHANGE node_modules/@eslint/plugin-kit
1383 silly CHANGE node_modules/@cspotcode/source-map-support
1384 silly CHANGE node_modules/@cspotcode/source-map-support/node_modules/@jridgewell/trace-mapping
1385 silly CHANGE node_modules/@eslint/js
1386 silly CHANGE node_modules/@eslint/core
1387 silly CHANGE node_modules/@eslint/config-helpers
1388 silly CHANGE node_modules/@eslint/config-array
1389 silly CHANGE node_modules/@esbuild-kit/esm-loader
1390 silly CHANGE node_modules/@esbuild-kit/core-utils
1391 silly CHANGE node_modules/@esbuild-kit/core-utils/node_modules/@esbuild/darwin-arm64
1392 silly CHANGE node_modules/@esbuild-kit/core-utils/node_modules/esbuild
1393 silly CHANGE node_modules/@esbuild/darwin-arm64
1394 silly CHANGE node_modules/@emnapi/runtime
1395 silly CHANGE node_modules/@drizzle-team/brocli
1396 silly CHANGE node_modules/@cloudflare/workerd-darwin-arm64
1397 silly CHANGE node_modules/@cloudflare/vite-plugin
1398 silly CHANGE node_modules/@cloudflare/unenv-preset
1399 silly CHANGE node_modules/@cloudflare/kv-asset-handler
1400 silly CHANGE node_modules/@babel/types
1401 silly CHANGE node_modules/@babel/helper-compilation-targets
1402 silly CHANGE node_modules/@babel/traverse
1403 silly CHANGE node_modules/@babel/template
1404 silly CHANGE node_modules/@babel/parser
1405 silly CHANGE node_modules/@babel/helper-validator-option
1406 silly CHANGE node_modules/@babel/helpers
1407 silly CHANGE node_modules/@babel/helper-globals
1408 silly CHANGE node_modules/@babel/helper-module-transforms
1409 silly CHANGE node_modules/@babel/helper-module-imports
1410 silly CHANGE node_modules/@babel/core
1411 silly CHANGE node_modules/@babel/compat-data
1412 silly CHANGE node_modules/@babel/generator
1413 silly CHANGE node_modules/wrangler
1414 silly CHANGE node_modules/wrangler/node_modules/@esbuild/darwin-arm64
1415 silly CHANGE node_modules/wrangler/node_modules/esbuild
1416 silly CHANGE node_modules/@babel/code-frame
1417 silly CHANGE node_modules/@alloc/quick-lru
1418 silly REMOVE node_modules/zod-validation-error 2
1419 silly CHANGE node_modules/zod-validation-error
1420 silly CHANGE node_modules/youch-core
1421 silly CHANGE node_modules/zod
1422 silly REMOVE node_modules/youch 2
1423 silly CHANGE node_modules/youch
1424 silly CHANGE node_modules/yoga-layout
1425 silly REMOVE node_modules/yallist 2
1426 silly CHANGE node_modules/yallist
1427 silly CHANGE node_modules/ws
1428 silly REMOVE node_modules/wrangler 2
1429 silly CHANGE node_modules/which
1430 silly REMOVE node_modules/workerd 2
1431 silly CHANGE node_modules/workerd
1432 silly CHANGE node_modules/which-typed-array
1433 silly REMOVE node_modules/which-collection 2
1434 silly CHANGE node_modules/which-collection
1435 silly REMOVE node_modules/which-builtin-type 2
1436 silly CHANGE node_modules/which-builtin-type
1437 silly REMOVE node_modules/which-boxed-primitive 2
1438 silly CHANGE node_modules/which-boxed-primitive
1439 silly CHANGE node_modules/webpack
1440 silly CHANGE node_modules/webpack/node_modules/estraverse
1441 silly CHANGE node_modules/webpack/node_modules/eslint-scope
1442 silly CHANGE node_modules/web-vitals
1443 silly REMOVE node_modules/vitefu 2
1444 silly CHANGE node_modules/vitefu
1445 silly CHANGE node_modules/vite-plugin-dynamic-import
1446 silly CHANGE node_modules/vite-plugin-dynamic-import/node_modules/glob-parent
1447 silly CHANGE node_modules/vite-plugin-dynamic-import/node_modules/fast-glob
1448 silly CHANGE node_modules/vite-plugin-dynamic-import/node_modules/es-module-lexer
1449 silly CHANGE node_modules/vite-plugin-commonjs
1450 silly REMOVE node_modules/vinext 2
1451 silly CHANGE node_modules/vite
1452 silly CHANGE node_modules/vite/node_modules/picomatch
1453 silly CHANGE node_modules/vite/node_modules/lightningcss-darwin-arm64
1454 silly CHANGE node_modules/vite/node_modules/lightningcss
1455 silly CHANGE node_modules/vinext
1456 silly CHANGE node_modules/unpic
1457 silly CHANGE node_modules/unicode-trie
1458 silly CHANGE node_modules/undici
1459 silly REMOVE node_modules/update-browserslist-db 2
1460 silly CHANGE node_modules/update-browserslist-db
1461 silly CHANGE node_modules/typescript-eslint
1462 silly REMOVE node_modules/unicode-trie 2
1463 silly CHANGE node_modules/unenv
1464 silly REMOVE node_modules/undici-types 2
1465 silly CHANGE node_modules/undici-types
1466 silly REMOVE node_modules/undici 2
1467 silly REMOVE node_modules/unbox-primitive 2
1468 silly CHANGE node_modules/unbox-primitive
1469 silly CHANGE node_modules/typescript
1470 silly CHANGE node_modules/typed-array-length
1471 silly REMOVE node_modules/typed-array-byte-offset 2
1472 silly CHANGE node_modules/typed-array-byte-offset
1473 silly CHANGE node_modules/typed-array-byte-length
1474 silly REMOVE node_modules/typed-array-buffer 2
1475 silly CHANGE node_modules/typed-array-buffer
1476 silly REMOVE node_modules/turbo-stream 2
1477 silly CHANGE node_modules/turbo-stream
1478 silly REMOVE node_modules/tsx 2
1479 silly CHANGE node_modules/tsx
1480 silly REMOVE node_modules/tinyglobby 2
1481 silly CHANGE node_modules/tinyglobby
1482 silly CHANGE node_modules/tinyglobby/node_modules/picomatch
1483 silly CHANGE node_modules/tinyglobby/node_modules/fdir
1484 silly REMOVE node_modules/terser-webpack-plugin 2
1485 silly CHANGE node_modules/tiny-inflate
1486 silly CHANGE node_modules/terser-webpack-plugin
1487 silly CHANGE node_modules/terser
1488 silly CHANGE node_modules/string.prototype.trimend
1489 silly REMOVE node_modules/tailwindcss 2
1490 silly CHANGE node_modules/tailwindcss
1491 silly REMOVE node_modules/supports-preserve-symlinks-flag 2
1492 silly CHANGE node_modules/supports-preserve-symlinks-flag
1493 silly CHANGE node_modules/string.prototype.repeat
1494 silly REMOVE node_modules/strip-literal 2
1495 silly CHANGE node_modules/strip-literal
1496 silly CHANGE node_modules/strip-literal/node_modules/js-tokens
1497 silly CHANGE node_modules/string.prototype.trimstart
1498 silly CHANGE node_modules/string.prototype.trim
1499 silly CHANGE node_modules/string.prototype.includes
1500 silly CHANGE node_modules/string.prototype.codepointat
1501 silly CHANGE node_modules/string.prototype.matchall
1502 silly REMOVE node_modules/string.prototype 2.repeat
1503 silly REMOVE node_modules/string.prototype 2.matchall
1504 silly REMOVE node_modules/string.prototype 2.codepointat
1505 silly REMOVE node_modules/stop-iteration-iterator 2
1506 silly CHANGE node_modules/stop-iteration-iterator
1507 silly CHANGE node_modules/srvx
1508 silly CHANGE node_modules/sharp
1509 silly CHANGE node_modules/sharp/node_modules/semver
1510 silly CHANGE node_modules/side-channel-weakmap
1511 silly CHANGE node_modules/side-channel-map
1512 silly CHANGE node_modules/side-channel-list
1513 silly REMOVE node_modules/side-channel 2
1514 silly CHANGE node_modules/side-channel
1515 silly REMOVE node_modules/sharp 2
1516 silly CHANGE node_modules/set-proto
1517 silly CHANGE node_modules/set-function-name
1518 silly CHANGE node_modules/set-function-length
1519 silly CHANGE node_modules/semver
1520 silly CHANGE node_modules/satori
1521 silly REMOVE node_modules/safe-regex-test 2
1522 silly CHANGE node_modules/safe-regex-test
1523 silly REMOVE node_modules/safe-array-concat 2
1524 silly CHANGE node_modules/safe-push-apply
1525 silly CHANGE node_modules/safe-array-concat
1526 silly CHANGE node_modules/rolldown
1527 silly REMOVE node_modules/resolve-pkg-maps 2
1528 silly CHANGE node_modules/resolve-pkg-maps
1529 silly REMOVE node_modules/resolve 2
1530 silly CHANGE node_modules/resolve
1531 silly CHANGE node_modules/reflect.getprototypeof
1532 silly CHANGE node_modules/regexp.prototype.flags
1533 silly CHANGE node_modules/react-is
1534 silly CHANGE node_modules/react-dom
1535 silly REMOVE node_modules/regexp.prototype 2.flags
1536 silly CHANGE node_modules/react-server-dom-webpack
1537 silly REMOVE node_modules/react-dom 2
1538 silly REMOVE node_modules/react 2
1539 silly CHANGE node_modules/react
1540 silly CHANGE node_modules/prop-types
1541 silly REMOVE node_modules/postcss 2
1542 silly CHANGE node_modules/postcss
1543 silly REMOVE node_modules/possible-typed-array-names 2
1544 silly CHANGE node_modules/possible-typed-array-names
1545 silly REMOVE node_modules/pathe 2
1546 silly CHANGE node_modules/pathe
1547 silly REMOVE node_modules/path-to-regexp 2
1548 silly CHANGE node_modules/path-to-regexp
1549 silly CHANGE node_modules/path-parse
1550 silly REMOVE node_modules/parse-css-color 2
1551 silly CHANGE node_modules/parse-css-color
1552 silly REMOVE node_modules/pako 2
1553 silly CHANGE node_modules/pako
1554 silly CHANGE node_modules/own-keys
1555 silly CHANGE node_modules/object.values
1556 silly CHANGE node_modules/object.fromentries
1557 silly CHANGE node_modules/object.entries
1558 silly CHANGE node_modules/object.assign
1559 silly REMOVE node_modules/object-keys 2
1560 silly CHANGE node_modules/object-keys
1561 silly CHANGE node_modules/object-inspect
1562 silly REMOVE node_modules/object 2.values
1563 silly REMOVE node_modules/object 2.fromentries
1564 silly REMOVE node_modules/object 2.entries
1565 silly REMOVE node_modules/object 2.assign
1566 silly REMOVE node_modules/node-releases 2
1567 silly CHANGE node_modules/node-releases
1568 silly CHANGE node_modules/node-exports-info
1569 silly CHANGE node_modules/nanoid
1570 silly CHANGE node_modules/miniflare
1571 silly CHANGE node_modules/magic-string
1572 silly REMOVE node_modules/magic-string 2
1573 silly REMOVE node_modules/lru-cache 2
1574 silly CHANGE node_modules/lru-cache
1575 silly REMOVE node_modules/loose-envify 2
1576 silly CHANGE node_modules/loose-envify
1577 silly REMOVE node_modules/linebreak 2
1578 silly CHANGE node_modules/linebreak
1579 silly REMOVE node_modules/lightningcss-darwin-arm64 2
1580 silly CHANGE node_modules/lightningcss-darwin-arm64
1581 silly CHANGE node_modules/lightningcss
1582 silly CHANGE node_modules/language-tags
1583 silly REMOVE node_modules/language-subtag-registry 2
1584 silly CHANGE node_modules/language-subtag-registry
1585 silly REMOVE node_modules/kleur 2
1586 silly CHANGE node_modules/kleur
1587 silly REMOVE node_modules/jsx-ast-utils 2
1588 silly CHANGE node_modules/jsx-ast-utils
1589 silly CHANGE node_modules/json5
1590 silly REMOVE node_modules/jsesc 2
1591 silly CHANGE node_modules/jsesc
1592 silly CHANGE node_modules/js-yaml
1593 silly CHANGE node_modules/js-tokens
1594 silly REMOVE node_modules/jiti 2
1595 silly CHANGE node_modules/jiti
1596 silly CHANGE node_modules/isarray
1597 silly CHANGE node_modules/iterator.prototype
1598 silly CHANGE node_modules/is-weakset
1599 silly REMOVE node_modules/is-weakref 2
1600 silly REMOVE node_modules/is-weakset 2
1601 silly CHANGE node_modules/is-weakref
1602 silly CHANGE node_modules/is-typed-array
1603 silly CHANGE node_modules/is-weakmap
1604 silly CHANGE node_modules/is-symbol
1605 silly CHANGE node_modules/is-shared-array-buffer
1606 silly REMOVE node_modules/is-typed-array 2
1607 silly CHANGE node_modules/is-number-object
1608 silly REMOVE node_modules/is-string 2
1609 silly CHANGE node_modules/is-string
1610 silly REMOVE node_modules/is-set 2
1611 silly REMOVE node_modules/is-regex 2
1612 silly CHANGE node_modules/is-set
1613 silly CHANGE node_modules/is-regex
1614 silly REMOVE node_modules/is-negative-zero 2
1615 silly CHANGE node_modules/internal-slot
1616 silly CHANGE node_modules/is-negative-zero
1617 silly CHANGE node_modules/is-map
1618 silly REMOVE node_modules/is-map 2
1619 silly REMOVE node_modules/is-finalizationregistry 2
1620 silly CHANGE node_modules/is-generator-function
1621 silly CHANGE node_modules/is-date-object
1622 silly CHANGE node_modules/is-finalizationregistry
1623 silly CHANGE node_modules/is-data-view
1624 silly CHANGE node_modules/is-core-module
1625 silly CHANGE node_modules/is-callable
1626 silly REMOVE node_modules/is-boolean-object 2
1627 silly CHANGE node_modules/is-boolean-object
1628 silly CHANGE node_modules/is-async-function
1629 silly CHANGE node_modules/is-bigint
1630 silly CHANGE node_modules/is-array-buffer
1631 silly CHANGE node_modules/ipaddr.js
1632 silly REMOVE node_modules/internal-slot 2
1633 silly REMOVE node_modules/ipaddr 2.js
1634 silly CHANGE node_modules/image-size
1635 silly CHANGE node_modules/hermes-parser
1636 silly CHANGE node_modules/hex-rgb
1637 silly CHANGE node_modules/hermes-estree
1638 silly REMOVE node_modules/hermes-parser 2
1639 silly REMOVE node_modules/hermes-estree 2
1640 silly CHANGE node_modules/hasown
1641 silly CHANGE node_modules/has-proto
1642 silly REMOVE node_modules/has-property-descriptors 2
1643 silly CHANGE node_modules/has-property-descriptors
1644 silly REMOVE node_modules/has-bigints 2
1645 silly CHANGE node_modules/has-bigints
1646 silly CHANGE node_modules/globalthis
1647 silly REMOVE node_modules/globals 2
1648 silly CHANGE node_modules/globals
1649 silly CHANGE node_modules/get-tsconfig
1650 silly REMOVE node_modules/get-symbol-description 2
1651 silly CHANGE node_modules/get-symbol-description
1652 silly CHANGE node_modules/gensync
1653 silly REMOVE node_modules/generator-function 2
1654 silly REMOVE node_modules/functions-have-names 2
1655 silly CHANGE node_modules/generator-function
1656 silly CHANGE node_modules/functions-have-names
1657 silly CHANGE node_modules/function.prototype.name
1658 silly REMOVE node_modules/function.prototype 2.name
1659 silly CHANGE node_modules/for-each
1660 silly REMOVE node_modules/fflate 2
1661 silly CHANGE node_modules/fflate
1662 silly REMOVE node_modules/fast-uri 2
1663 silly CHANGE node_modules/fast-uri
1664 silly CHANGE node_modules/fast-glob
1665 silly CHANGE node_modules/fast-glob/node_modules/glob-parent
1666 silly REMOVE node_modules/estree-walker 2
1667 silly CHANGE node_modules/estree-walker
1668 silly REMOVE node_modules/eslint-plugin-react-hooks 2
1669 silly CHANGE node_modules/eslint-plugin-react-hooks
1670 silly CHANGE node_modules/eslint-plugin-react
1671 silly CHANGE node_modules/eslint-plugin-jsx-a11y
1672 silly CHANGE node_modules/eslint
1673 silly CHANGE node_modules/escape-html
1674 silly REMOVE node_modules/eslint 2
1675 silly REMOVE node_modules/escape-html 2
1676 silly CHANGE node_modules/esbuild
1677 silly REMOVE node_modules/es-to-primitive 2
1678 silly CHANGE node_modules/es-to-primitive
1679 silly CHANGE node_modules/es-shim-unscopables
1680 silly REMOVE node_modules/es-object-atoms 2
1681 silly CHANGE node_modules/es-object-atoms
1682 silly REMOVE node_modules/es-iterator-helpers 2
1683 silly CHANGE node_modules/es-iterator-helpers
1684 silly REMOVE node_modules/drizzle-orm 2
1685 silly CHANGE node_modules/es-abstract
1686 silly CHANGE node_modules/error-stack-parser-es
1687 silly REMOVE node_modules/enhanced-resolve 2
1688 silly CHANGE node_modules/enhanced-resolve
1689 silly CHANGE node_modules/emoji-regex-xs
1690 silly CHANGE node_modules/drizzle-kit
1691 silly CHANGE node_modules/drizzle-kit/node_modules/@esbuild/darwin-arm64
1692 silly CHANGE node_modules/drizzle-kit/node_modules/esbuild
1693 silly REMOVE node_modules/electron-to-chromium 2
1694 silly CHANGE node_modules/electron-to-chromium
1695 silly CHANGE node_modules/drizzle-orm
1696 silly REMOVE node_modules/drizzle-kit 2
1697 silly CHANGE node_modules/doctrine
1698 silly CHANGE node_modules/define-properties
1699 silly CHANGE node_modules/define-data-property
1700 silly REMOVE node_modules/data-view-byte-offset 2
1701 silly CHANGE node_modules/data-view-byte-offset
1702 silly REMOVE node_modules/data-view-byte-length 2
1703 silly CHANGE node_modules/data-view-byte-length
1704 silly REMOVE node_modules/data-view-buffer 2
1705 silly CHANGE node_modules/data-view-buffer
1706 silly CHANGE node_modules/damerau-levenshtein
1707 silly CHANGE node_modules/css-to-react-native
1708 silly CHANGE node_modules/css-gradient-parser
1709 silly CHANGE node_modules/css-color-keywords
1710 silly REMOVE node_modules/css-gradient-parser 2
1711 silly REMOVE node_modules/css-color-keywords 2
1712 silly REMOVE node_modules/css-box-shadow 2
1713 silly CHANGE node_modules/css-box-shadow
1714 silly REMOVE node_modules/css-background-parser 2
1715 silly CHANGE node_modules/css-background-parser
1716 silly CHANGE node_modules/cookie
1717 silly REMOVE node_modules/cookie 2
1718 silly REMOVE node_modules/convert-source-map 2
1719 silly CHANGE node_modules/convert-source-map
1720 silly REMOVE node_modules/caniuse-lite 2
1721 silly CHANGE node_modules/camelize
1722 silly CHANGE node_modules/caniuse-lite
1723 silly REMOVE node_modules/call-bound 2
1724 silly CHANGE node_modules/call-bound
1725 silly CHANGE node_modules/call-bind
1726 silly REMOVE node_modules/baseline-browser-mapping 2
1727 silly REMOVE node_modules/browserslist 2
1728 silly CHANGE node_modules/browserslist
1729 silly REMOVE node_modules/available-typed-arrays 2
1730 silly REMOVE node_modules/blake3-wasm 2
1731 silly CHANGE node_modules/blake3-wasm
1732 silly CHANGE node_modules/baseline-browser-mapping
1733 silly REMOVE node_modules/ast-types-flow 2
1734 silly CHANGE node_modules/base64-js
1735 silly REMOVE node_modules/array-buffer-byte-length 2
1736 silly CHANGE node_modules/axobject-query
1737 silly REMOVE node_modules/axe-core 2
1738 silly CHANGE node_modules/axe-core
1739 silly REMOVE node_modules/array.prototype 2.tosorted
1740 silly CHANGE node_modules/available-typed-arrays
1741 silly CHANGE node_modules/async-function
1742 silly CHANGE node_modules/ast-types-flow
1743 silly CHANGE node_modules/arraybuffer.prototype.slice
1744 silly REMOVE node_modules/arraybuffer.prototype 2.slice
1745 silly REMOVE node_modules/array.prototype 2.flatmap
1746 silly CHANGE node_modules/array.prototype.tosorted
1747 silly CHANGE node_modules/array.prototype.flatmap
1748 silly CHANGE node_modules/array.prototype.flat
1749 silly CHANGE node_modules/array.prototype.findlast
1750 silly REMOVE node_modules/array.prototype 2.flat
1751 silly CHANGE node_modules/array-buffer-byte-length
1752 silly CHANGE node_modules/array-includes
1753 silly CHANGE node_modules/aria-query
1754 silly CHANGE node_modules/acorn-loose
1755 silly CHANGE node_modules/acorn
1756 verbose cwd /Users/vanessamelendez/Documents/Codex/2026-08-09/nessie-portfolio
1757 verbose os Darwin 24.6.0
1758 verbose node v25.9.0
1759 verbose npm  v11.12.1
1760 verbose exit 0
1761 info ok
