0 verbose cli /opt/homebrew/Cellar/node/25.9.0_3/bin/node /opt/homebrew/bin/npm
1 info using npm@11.12.1
2 info using node@v25.9.0
3 silly config load:file:/opt/homebrew/lib/node_modules/npm/npmrc
4 silly config load:file:/Users/vanessamelendez/Documents/Codex/2026-08-09/nessie-portfolio/.npmrc
5 silly config load:file:/Users/vanessamelendez/.npmrc
6 silly config load:file:/opt/homebrew/etc/npmrc
7 verbose title npm install
8 verbose argv "install" "--no-audit" "--no-fund"
9 verbose logfile logs-max:10 dir:/Users/vanessamelendez/Documents/Codex/2026-08-09/nessie-portfolio/.npm-cache/_logs/2026-08-09T14_32_52_597Z-
10 verbose logfile /Users/vanessamelendez/Documents/Codex/2026-08-09/nessie-portfolio/.npm-cache/_logs/2026-08-09T14_32_52_597Z-debug-0.log
11 silly logfile done cleaning log files
12 silly packumentCache heap:4496293888 maxSize:1124073472 maxEntrySize:562036736
13 http fetch GET https://registry.npmjs.org/npm attempt 1 failed with ENOTFOUND
14 silly idealTree buildDeps
15 silly reify mark retired [
15 silly reify   '/Users/vanessamelendez/Documents/Codex/2026-08-09/nessie-portfolio/node_modules/acorn-loose'
15 silly reify ]
16 silly reify mark retired [
16 silly reify   '/Users/vanessamelendez/Documents/Codex/2026-08-09/nessie-portfolio/node_modules/aria-query'
16 silly reify ]
17 silly reify mark retired [
17 silly reify   '/Users/vanessamelendez/Documents/Codex/2026-08-09/nessie-portfolio/node_modules/array-buffer-byte-length'
17 silly reify ]
18 silly reify mark retired [
18 silly reify   '/Users/vanessamelendez/Documents/Codex/2026-08-09/nessie-portfolio/node_modules/array-includes'
18 silly reify ]
19 silly reify mark retired [
19 silly reify   '/Users/vanessamelendez/Documents/Codex/2026-08-09/nessie-portfolio/node_modules/array.prototype.findlast'
19 silly reify ]
20 silly reify mark retired [
20 silly reify   '/Users/vanessamelendez/Documents/Codex/2026-08-09/nessie-portfolio/node_modules/array.prototype.flatmap'
20 silly reify ]
21 silly reify mark retired [
21 silly reify   '/Users/vanessamelendez/Documents/Codex/2026-08-09/nessie-portfolio/node_modules/array.prototype.flat'
21 silly reify ]
22 silly reify mark retired [
22 silly reify   '/Users/vanessamelendez/Documents/Codex/2026-08-09/nessie-portfolio/node_modules/array.prototype.tosorted'
22 silly reify ]
23 silly reify mark retired [
23 silly reify   '/Users/vanessamelendez/Documents/Codex/2026-08-09/nessie-portfolio/node_modules/arraybuffer.prototype.slice'
23 silly reify ]
24 silly reify mark retired [
24 silly reify   '/Users/vanessamelendez/Documents/Codex/2026-08-09/nessie-portfolio/node_modules/async-function'
24 silly reify ]
25 silly reify mark retired [
25 silly reify   '/Users/vanessamelendez/Documents/Codex/2026-08-09/nessie-portfolio/node_modules/ast-types-flow'
25 silly reify ]
26 silly reify mark retired [
26 silly reify   '/Users/vanessamelendez/Documents/Codex/2026-08-09/nessie-portfolio/node_modules/available-typed-arrays'
26 silly reify ]
27 silly reify mark retired [
27 silly reify   '/Users/vanessamelendez/Documents/Codex/2026-08-09/nessie-portfolio/node_modules/axe-core'
27 silly reify ]
28 silly reify mark retired [
28 silly reify   '/Users/vanessamelendez/Documents/Codex/2026-08-09/nessie-portfolio/node_modules/axobject-query'
28 silly reify ]
29 silly reify mark retired [
29 silly reify   '/Users/vanessamelendez/Documents/Codex/2026-08-09/nessie-portfolio/node_modules/base64-js'
29 silly reify ]
30 silly reify mark retired [
30 silly reify   '/Users/vanessamelendez/Documents/Codex/2026-08-09/nessie-portfolio/node_modules/baseline-browser-mapping'
30 silly reify ]
31 silly reify mark retired [
31 silly reify   '/Users/vanessamelendez/Documents/Codex/2026-08-09/nessie-portfolio/node_modules/blake3-wasm'
31 silly reify ]
32 silly reify mark retired [
32 silly reify   '/Users/vanessamelendez/Documents/Codex/2026-08-09/nessie-portfolio/node_modules/call-bound'
32 silly reify ]
33 silly reify mark retired [
33 silly reify   '/Users/vanessamelendez/Documents/Codex/2026-08-09/nessie-portfolio/node_modules/call-bind'
33 silly reify ]
34 silly reify mark retired [
34 silly reify   '/Users/vanessamelendez/Documents/Codex/2026-08-09/nessie-portfolio/node_modules/camelize'
34 silly reify ]
35 silly reify mark retired [
35 silly reify   '/Users/vanessamelendez/Documents/Codex/2026-08-09/nessie-portfolio/node_modules/caniuse-lite'
35 silly reify ]
36 silly reify mark retired [
36 silly reify   '/Users/vanessamelendez/Documents/Codex/2026-08-09/nessie-portfolio/node_modules/cookie'
36 silly reify ]
37 silly reify mark retired [
37 silly reify   '/Users/vanessamelendez/Documents/Codex/2026-08-09/nessie-portfolio/node_modules/convert-source-map'
37 silly reify ]
38 silly reify mark retired [
38 silly reify   '/Users/vanessamelendez/Documents/Codex/2026-08-09/nessie-portfolio/node_modules/css-box-shadow'
38 silly reify ]
39 silly reify mark retired [
39 silly reify   '/Users/vanessamelendez/Documents/Codex/2026-08-09/nessie-portfolio/node_modules/css-background-parser'
39 silly reify ]
40 silly reify mark retired [
40 silly reify   '/Users/vanessamelendez/Documents/Codex/2026-08-09/nessie-portfolio/node_modules/css-color-keywords'
40 silly reify ]
41 silly reify mark retired [
41 silly reify   '/Users/vanessamelendez/Documents/Codex/2026-08-09/nessie-portfolio/node_modules/css-gradient-parser'
41 silly reify ]
42 silly reify mark retired [
42 silly reify   '/Users/vanessamelendez/Documents/Codex/2026-08-09/nessie-portfolio/node_modules/css-to-react-native'
42 silly reify ]
43 silly reify mark retired [
43 silly reify   '/Users/vanessamelendez/Documents/Codex/2026-08-09/nessie-portfolio/node_modules/damerau-levenshtein'
43 silly reify ]
44 silly reify mark retired [
44 silly reify   '/Users/vanessamelendez/Documents/Codex/2026-08-09/nessie-portfolio/node_modules/data-view-buffer'
44 silly reify ]
45 silly reify mark retired [
45 silly reify   '/Users/vanessamelendez/Documents/Codex/2026-08-09/nessie-portfolio/node_modules/data-view-byte-length'
45 silly reify ]
46 silly reify mark retired [
46 silly reify   '/Users/vanessamelendez/Documents/Codex/2026-08-09/nessie-portfolio/node_modules/data-view-byte-offset'
46 silly reify ]
47 silly reify mark retired [
47 silly reify   '/Users/vanessamelendez/Documents/Codex/2026-08-09/nessie-portfolio/node_modules/define-properties'
47 silly reify ]
48 silly reify mark retired [
48 silly reify   '/Users/vanessamelendez/Documents/Codex/2026-08-09/nessie-portfolio/node_modules/define-data-property'
48 silly reify ]
49 silly reify mark retired [
49 silly reify   '/Users/vanessamelendez/Documents/Codex/2026-08-09/nessie-portfolio/node_modules/doctrine'
49 silly reify ]
50 silly reify mark retired [
50 silly reify   '/Users/vanessamelendez/Documents/Codex/2026-08-09/nessie-portfolio/node_modules/drizzle-kit'
50 silly reify ]
51 silly reify mark retired [
51 silly reify   '/Users/vanessamelendez/Documents/Codex/2026-08-09/nessie-portfolio/node_modules/drizzle-orm'
51 silly reify ]
52 silly reify mark retired [
52 silly reify   '/Users/vanessamelendez/Documents/Codex/2026-08-09/nessie-portfolio/node_modules/electron-to-chromium'
52 silly reify ]
53 silly reify mark retired [
53 silly reify   '/Users/vanessamelendez/Documents/Codex/2026-08-09/nessie-portfolio/node_modules/emoji-regex-xs'
53 silly reify ]
54 silly reify mark retired [
54 silly reify   '/Users/vanessamelendez/Documents/Codex/2026-08-09/nessie-portfolio/node_modules/error-stack-parser-es'
54 silly reify ]
55 silly reify mark retired [
55 silly reify   '/Users/vanessamelendez/Documents/Codex/2026-08-09/nessie-portfolio/node_modules/enhanced-resolve'
55 silly reify ]
56 silly reify mark retired [
56 silly reify   '/Users/vanessamelendez/Documents/Codex/2026-08-09/nessie-portfolio/node_modules/es-abstract'
56 silly reify ]
57 silly reify mark retired [
57 silly reify   '/Users/vanessamelendez/Documents/Codex/2026-08-09/nessie-portfolio/node_modules/es-iterator-helpers'
57 silly reify ]
58 silly reify mark retired [
58 silly reify   '/Users/vanessamelendez/Documents/Codex/2026-08-09/nessie-portfolio/node_modules/es-object-atoms'
58 silly reify ]
59 silly reify mark retired [
59 silly reify   '/Users/vanessamelendez/Documents/Codex/2026-08-09/nessie-portfolio/node_modules/es-shim-unscopables'
59 silly reify ]
60 silly reify mark retired [
60 silly reify   '/Users/vanessamelendez/Documents/Codex/2026-08-09/nessie-portfolio/node_modules/es-to-primitive'
60 silly reify ]
61 silly reify mark retired [
61 silly reify   '/Users/vanessamelendez/Documents/Codex/2026-08-09/nessie-portfolio/node_modules/esbuild'
61 silly reify ]
62 silly reify mark retired [
62 silly reify   '/Users/vanessamelendez/Documents/Codex/2026-08-09/nessie-portfolio/node_modules/escape-html'
62 silly reify ]
63 silly reify mark retired [
63 silly reify   '/Users/vanessamelendez/Documents/Codex/2026-08-09/nessie-portfolio/node_modules/eslint'
63 silly reify ]
64 silly reify mark retired [
64 silly reify   '/Users/vanessamelendez/Documents/Codex/2026-08-09/nessie-portfolio/node_modules/eslint-plugin-jsx-a11y'
64 silly reify ]
65 silly reify mark retired [
65 silly reify   '/Users/vanessamelendez/Documents/Codex/2026-08-09/nessie-portfolio/node_modules/eslint-plugin-react'
65 silly reify ]
66 silly reify mark retired [
66 silly reify   '/Users/vanessamelendez/Documents/Codex/2026-08-09/nessie-portfolio/node_modules/eslint-plugin-react-hooks'
66 silly reify ]
67 silly reify mark retired [
67 silly reify   '/Users/vanessamelendez/Documents/Codex/2026-08-09/nessie-portfolio/node_modules/estree-walker'
67 silly reify ]
68 silly reify mark retired [
68 silly reify   '/Users/vanessamelendez/Documents/Codex/2026-08-09/nessie-portfolio/node_modules/fast-glob'
68 silly reify ]
69 silly reify mark retired [
69 silly reify   '/Users/vanessamelendez/Documents/Codex/2026-08-09/nessie-portfolio/node_modules/fast-uri'
69 silly reify ]
70 silly reify mark retired [
70 silly reify   '/Users/vanessamelendez/Documents/Codex/2026-08-09/nessie-portfolio/node_modules/fflate'
70 silly reify ]
71 silly reify mark retired [
71 silly reify   '/Users/vanessamelendez/Documents/Codex/2026-08-09/nessie-portfolio/node_modules/for-each'
71 silly reify ]
72 silly reify mark retired [
72 silly reify   '/Users/vanessamelendez/Documents/Codex/2026-08-09/nessie-portfolio/node_modules/function.prototype.name'
72 silly reify ]
73 silly reify mark retired [
73 silly reify   '/Users/vanessamelendez/Documents/Codex/2026-08-09/nessie-portfolio/node_modules/functions-have-names'
73 silly reify ]
74 silly reify mark retired [
74 silly reify   '/Users/vanessamelendez/Documents/Codex/2026-08-09/nessie-portfolio/node_modules/generator-function'
74 silly reify ]
75 silly reify mark retired [
75 silly reify   '/Users/vanessamelendez/Documents/Codex/2026-08-09/nessie-portfolio/node_modules/gensync'
75 silly reify ]
76 silly reify mark retired [
76 silly reify   '/Users/vanessamelendez/Documents/Codex/2026-08-09/nessie-portfolio/node_modules/get-symbol-description'
76 silly reify ]
77 silly reify mark retired [
77 silly reify   '/Users/vanessamelendez/Documents/Codex/2026-08-09/nessie-portfolio/node_modules/get-tsconfig'
77 silly reify ]
78 silly reify mark retired [
78 silly reify   '/Users/vanessamelendez/Documents/Codex/2026-08-09/nessie-portfolio/node_modules/globals'
78 silly reify ]
79 silly reify mark retired [
79 silly reify   '/Users/vanessamelendez/Documents/Codex/2026-08-09/nessie-portfolio/node_modules/globalthis'
79 silly reify ]
80 silly reify mark retired [
80 silly reify   '/Users/vanessamelendez/Documents/Codex/2026-08-09/nessie-portfolio/node_modules/has-bigints'
80 silly reify ]
81 silly reify mark retired [
81 silly reify   '/Users/vanessamelendez/Documents/Codex/2026-08-09/nessie-portfolio/node_modules/has-property-descriptors'
81 silly reify ]
82 silly reify mark retired [
82 silly reify   '/Users/vanessamelendez/Documents/Codex/2026-08-09/nessie-portfolio/node_modules/has-proto'
82 silly reify ]
83 silly reify mark retired [
83 silly reify   '/Users/vanessamelendez/Documents/Codex/2026-08-09/nessie-portfolio/node_modules/hasown'
83 silly reify ]
84 silly reify mark retired [
84 silly reify   '/Users/vanessamelendez/Documents/Codex/2026-08-09/nessie-portfolio/node_modules/hermes-estree'
84 silly reify ]
85 silly reify mark retired [
85 silly reify   '/Users/vanessamelendez/Documents/Codex/2026-08-09/nessie-portfolio/node_modules/hermes-parser'
85 silly reify ]
86 silly reify mark retired [
86 silly reify   '/Users/vanessamelendez/Documents/Codex/2026-08-09/nessie-portfolio/node_modules/hex-rgb'
86 silly reify ]
87 silly reify mark retired [
87 silly reify   '/Users/vanessamelendez/Documents/Codex/2026-08-09/nessie-portfolio/node_modules/internal-slot'
87 silly reify ]
88 silly reify mark retired [
88 silly reify   '/Users/vanessamelendez/Documents/Codex/2026-08-09/nessie-portfolio/node_modules/ipaddr.js'
88 silly reify ]
89 silly reify mark retired [
89 silly reify   '/Users/vanessamelendez/Documents/Codex/2026-08-09/nessie-portfolio/node_modules/is-array-buffer'
89 silly reify ]
90 silly reify mark retired [
90 silly reify   '/Users/vanessamelendez/Documents/Codex/2026-08-09/nessie-portfolio/node_modules/image-size'
90 silly reify ]
91 silly reify mark retired [
91 silly reify   '/Users/vanessamelendez/Documents/Codex/2026-08-09/nessie-portfolio/node_modules/is-async-function'
91 silly reify ]
92 silly reify mark retired [
92 silly reify   '/Users/vanessamelendez/Documents/Codex/2026-08-09/nessie-portfolio/node_modules/is-bigint'
92 silly reify ]
93 silly reify mark retired [
93 silly reify   '/Users/vanessamelendez/Documents/Codex/2026-08-09/nessie-portfolio/node_modules/is-boolean-object'
93 silly reify ]
94 silly reify mark retired [
94 silly reify   '/Users/vanessamelendez/Documents/Codex/2026-08-09/nessie-portfolio/node_modules/is-core-module'
94 silly reify ]
95 silly reify mark retired [
95 silly reify   '/Users/vanessamelendez/Documents/Codex/2026-08-09/nessie-portfolio/node_modules/is-callable'
95 silly reify ]
96 silly reify mark retired [
96 silly reify   '/Users/vanessamelendez/Documents/Codex/2026-08-09/nessie-portfolio/node_modules/is-data-view'
96 silly reify ]
97 silly reify mark retired [
97 silly reify   '/Users/vanessamelendez/Documents/Codex/2026-08-09/nessie-portfolio/node_modules/is-date-object'
97 silly reify ]
98 silly reify mark retired [
98 silly reify   '/Users/vanessamelendez/Documents/Codex/2026-08-09/nessie-portfolio/node_modules/is-generator-function'
98 silly reify ]
99 silly reify mark retired [
99 silly reify   '/Users/vanessamelendez/Documents/Codex/2026-08-09/nessie-portfolio/node_modules/is-map'
99 silly reify ]
100 silly reify mark retired [
100 silly reify   '/Users/vanessamelendez/Documents/Codex/2026-08-09/nessie-portfolio/node_modules/is-finalizationregistry'
100 silly reify ]
101 silly reify mark retired [
101 silly reify   '/Users/vanessamelendez/Documents/Codex/2026-08-09/nessie-portfolio/node_modules/is-negative-zero'
101 silly reify ]
102 silly reify mark retired [
102 silly reify   '/Users/vanessamelendez/Documents/Codex/2026-08-09/nessie-portfolio/node_modules/is-number-object'
102 silly reify ]
103 silly reify mark retired [
103 silly reify   '/Users/vanessamelendez/Documents/Codex/2026-08-09/nessie-portfolio/node_modules/is-regex'
103 silly reify ]
104 silly reify mark retired [
104 silly reify   '/Users/vanessamelendez/Documents/Codex/2026-08-09/nessie-portfolio/node_modules/is-string'
104 silly reify ]
105 silly reify mark retired [
105 silly reify   '/Users/vanessamelendez/Documents/Codex/2026-08-09/nessie-portfolio/node_modules/is-shared-array-buffer'
105 silly reify ]
106 silly reify mark retired [
106 silly reify   '/Users/vanessamelendez/Documents/Codex/2026-08-09/nessie-portfolio/node_modules/is-symbol'
106 silly reify ]
107 silly reify mark retired [
107 silly reify   '/Users/vanessamelendez/Documents/Codex/2026-08-09/nessie-portfolio/node_modules/is-typed-array'
107 silly reify ]
108 silly reify mark retired [
108 silly reify   '/Users/vanessamelendez/Documents/Codex/2026-08-09/nessie-portfolio/node_modules/is-set'
108 silly reify ]
109 silly reify mark retired [
109 silly reify   '/Users/vanessamelendez/Documents/Codex/2026-08-09/nessie-portfolio/node_modules/is-weakmap'
109 silly reify ]
110 silly reify mark retired [
110 silly reify   '/Users/vanessamelendez/Documents/Codex/2026-08-09/nessie-portfolio/node_modules/is-weakref'
110 silly reify ]
111 silly reify mark retired [
111 silly reify   '/Users/vanessamelendez/Documents/Codex/2026-08-09/nessie-portfolio/node_modules/is-weakset'
111 silly reify ]
112 silly reify mark retired [
112 silly reify   '/Users/vanessamelendez/Documents/Codex/2026-08-09/nessie-portfolio/node_modules/isarray'
112 silly reify ]
113 silly reify mark retired [
113 silly reify   '/Users/vanessamelendez/Documents/Codex/2026-08-09/nessie-portfolio/node_modules/iterator.prototype'
113 silly reify ]
114 silly reify mark retired [
114 silly reify   '/Users/vanessamelendez/Documents/Codex/2026-08-09/nessie-portfolio/node_modules/jiti'
114 silly reify ]
115 silly reify mark retired [
115 silly reify   '/Users/vanessamelendez/Documents/Codex/2026-08-09/nessie-portfolio/node_modules/js-tokens'
115 silly reify ]
116 silly reify mark retired [
116 silly reify   '/Users/vanessamelendez/Documents/Codex/2026-08-09/nessie-portfolio/node_modules/jsesc'
116 silly reify ]
117 silly reify mark retired [
117 silly reify   '/Users/vanessamelendez/Documents/Codex/2026-08-09/nessie-portfolio/node_modules/jsx-ast-utils'
117 silly reify ]
118 silly reify mark retired [
118 silly reify   '/Users/vanessamelendez/Documents/Codex/2026-08-09/nessie-portfolio/node_modules/language-subtag-registry'
118 silly reify ]
119 silly reify mark retired [
119 silly reify   '/Users/vanessamelendez/Documents/Codex/2026-08-09/nessie-portfolio/node_modules/kleur'
119 silly reify ]
120 silly reify mark retired [
120 silly reify   '/Users/vanessamelendez/Documents/Codex/2026-08-09/nessie-portfolio/node_modules/language-tags'
120 silly reify ]
121 silly reify mark retired [
121 silly reify   '/Users/vanessamelendez/Documents/Codex/2026-08-09/nessie-portfolio/node_modules/lightningcss'
121 silly reify ]
122 silly reify mark retired [
122 silly reify   '/Users/vanessamelendez/Documents/Codex/2026-08-09/nessie-portfolio/node_modules/lightningcss-darwin-arm64'
122 silly reify ]
123 silly reify mark retired [
123 silly reify   '/Users/vanessamelendez/Documents/Codex/2026-08-09/nessie-portfolio/node_modules/linebreak'
123 silly reify ]
124 silly reify mark retired [
124 silly reify   '/Users/vanessamelendez/Documents/Codex/2026-08-09/nessie-portfolio/node_modules/loose-envify'
124 silly reify ]
125 silly reify mark retired [
125 silly reify   '/Users/vanessamelendez/Documents/Codex/2026-08-09/nessie-portfolio/node_modules/lru-cache'
125 silly reify ]
126 silly reify mark retired [
126 silly reify   '/Users/vanessamelendez/Documents/Codex/2026-08-09/nessie-portfolio/node_modules/magic-string'
126 silly reify ]
127 silly reify mark retired [
127 silly reify   '/Users/vanessamelendez/Documents/Codex/2026-08-09/nessie-portfolio/node_modules/miniflare'
127 silly reify ]
128 silly reify mark retired [
128 silly reify   '/Users/vanessamelendez/Documents/Codex/2026-08-09/nessie-portfolio/node_modules/node-exports-info'
128 silly reify ]
129 silly reify mark retired [
129 silly reify   '/Users/vanessamelendez/Documents/Codex/2026-08-09/nessie-portfolio/node_modules/node-releases'
129 silly reify ]
130 silly reify mark retired [
130 silly reify   '/Users/vanessamelendez/Documents/Codex/2026-08-09/nessie-portfolio/node_modules/object-inspect'
130 silly reify ]
131 silly reify mark retired [
131 silly reify   '/Users/vanessamelendez/Documents/Codex/2026-08-09/nessie-portfolio/node_modules/object-keys'
131 silly reify ]
132 silly reify mark retired [
132 silly reify   '/Users/vanessamelendez/Documents/Codex/2026-08-09/nessie-portfolio/node_modules/object.assign'
132 silly reify ]
133 silly reify mark retired [
133 silly reify   '/Users/vanessamelendez/Documents/Codex/2026-08-09/nessie-portfolio/node_modules/object.entries'
133 silly reify ]
134 silly reify mark retired [
134 silly reify   '/Users/vanessamelendez/Documents/Codex/2026-08-09/nessie-portfolio/node_modules/object.fromentries'
134 silly reify ]
135 silly reify mark retired [
135 silly reify   '/Users/vanessamelendez/Documents/Codex/2026-08-09/nessie-portfolio/node_modules/object.values'
135 silly reify ]
136 silly reify mark retired [
136 silly reify   '/Users/vanessamelendez/Documents/Codex/2026-08-09/nessie-portfolio/node_modules/own-keys'
136 silly reify ]
137 silly reify mark retired [
137 silly reify   '/Users/vanessamelendez/Documents/Codex/2026-08-09/nessie-portfolio/node_modules/pako'
137 silly reify ]
138 silly reify mark retired [
138 silly reify   '/Users/vanessamelendez/Documents/Codex/2026-08-09/nessie-portfolio/node_modules/parse-css-color'
138 silly reify ]
139 silly reify mark retired [
139 silly reify   '/Users/vanessamelendez/Documents/Codex/2026-08-09/nessie-portfolio/node_modules/path-parse'
139 silly reify ]
140 silly reify mark retired [
140 silly reify   '/Users/vanessamelendez/Documents/Codex/2026-08-09/nessie-portfolio/node_modules/path-to-regexp'
140 silly reify ]
141 silly reify mark retired [
141 silly reify   '/Users/vanessamelendez/Documents/Codex/2026-08-09/nessie-portfolio/node_modules/pathe'
141 silly reify ]
142 silly reify mark retired [
142 silly reify   '/Users/vanessamelendez/Documents/Codex/2026-08-09/nessie-portfolio/node_modules/possible-typed-array-names'
142 silly reify ]
143 silly reify mark retired [
143 silly reify   '/Users/vanessamelendez/Documents/Codex/2026-08-09/nessie-portfolio/node_modules/postcss'
143 silly reify ]
144 silly reify mark retired [
144 silly reify   '/Users/vanessamelendez/Documents/Codex/2026-08-09/nessie-portfolio/node_modules/prop-types'
144 silly reify ]
145 silly reify mark retired [
145 silly reify   '/Users/vanessamelendez/Documents/Codex/2026-08-09/nessie-portfolio/node_modules/react'
145 silly reify ]
146 silly reify mark retired [
146 silly reify   '/Users/vanessamelendez/Documents/Codex/2026-08-09/nessie-portfolio/node_modules/react-dom'
146 silly reify ]
147 silly reify mark retired [
147 silly reify   '/Users/vanessamelendez/Documents/Codex/2026-08-09/nessie-portfolio/node_modules/react-is'
147 silly reify ]
148 silly reify mark retired [
148 silly reify   '/Users/vanessamelendez/Documents/Codex/2026-08-09/nessie-portfolio/node_modules/react-server-dom-webpack'
148 silly reify ]
149 silly reify mark retired [
149 silly reify   '/Users/vanessamelendez/Documents/Codex/2026-08-09/nessie-portfolio/node_modules/reflect.getprototypeof'
149 silly reify ]
150 silly reify mark retired [
150 silly reify   '/Users/vanessamelendez/Documents/Codex/2026-08-09/nessie-portfolio/node_modules/regexp.prototype.flags'
150 silly reify ]
151 silly reify mark retired [
151 silly reify   '/Users/vanessamelendez/Documents/Codex/2026-08-09/nessie-portfolio/node_modules/resolve'
151 silly reify ]
152 silly reify mark retired [
152 silly reify   '/Users/vanessamelendez/Documents/Codex/2026-08-09/nessie-portfolio/node_modules/resolve-pkg-maps'
152 silly reify ]
153 silly reify mark retired [
153 silly reify   '/Users/vanessamelendez/Documents/Codex/2026-08-09/nessie-portfolio/node_modules/rolldown'
153 silly reify ]
154 silly reify mark retired [
154 silly reify   '/Users/vanessamelendez/Documents/Codex/2026-08-09/nessie-portfolio/node_modules/safe-array-concat'
154 silly reify ]
155 silly reify mark retired [
155 silly reify   '/Users/vanessamelendez/Documents/Codex/2026-08-09/nessie-portfolio/node_modules/safe-push-apply'
155 silly reify ]
156 silly reify mark retired [
156 silly reify   '/Users/vanessamelendez/Documents/Codex/2026-08-09/nessie-portfolio/node_modules/safe-regex-test'
156 silly reify ]
157 silly reify mark retired [
157 silly reify   '/Users/vanessamelendez/Documents/Codex/2026-08-09/nessie-portfolio/node_modules/satori'
157 silly reify ]
158 silly reify mark retired [
158 silly reify   '/Users/vanessamelendez/Documents/Codex/2026-08-09/nessie-portfolio/node_modules/set-function-length'
158 silly reify ]
159 silly reify mark retired [
159 silly reify   '/Users/vanessamelendez/Documents/Codex/2026-08-09/nessie-portfolio/node_modules/set-function-name'
159 silly reify ]
160 silly reify mark retired [
160 silly reify   '/Users/vanessamelendez/Documents/Codex/2026-08-09/nessie-portfolio/node_modules/set-proto'
160 silly reify ]
161 silly reify mark retired [
161 silly reify   '/Users/vanessamelendez/Documents/Codex/2026-08-09/nessie-portfolio/node_modules/sharp'
161 silly reify ]
162 silly reify mark retired [
162 silly reify   '/Users/vanessamelendez/Documents/Codex/2026-08-09/nessie-portfolio/node_modules/side-channel'
162 silly reify ]
163 silly reify mark retired [
163 silly reify   '/Users/vanessamelendez/Documents/Codex/2026-08-09/nessie-portfolio/node_modules/side-channel-list'
163 silly reify ]
164 silly reify mark retired [
164 silly reify   '/Users/vanessamelendez/Documents/Codex/2026-08-09/nessie-portfolio/node_modules/side-channel-map'
164 silly reify ]
165 silly reify mark retired [
165 silly reify   '/Users/vanessamelendez/Documents/Codex/2026-08-09/nessie-portfolio/node_modules/side-channel-weakmap'
165 silly reify ]
166 silly reify mark retired [
166 silly reify   '/Users/vanessamelendez/Documents/Codex/2026-08-09/nessie-portfolio/node_modules/srvx'
166 silly reify ]
167 silly reify mark retired [
167 silly reify   '/Users/vanessamelendez/Documents/Codex/2026-08-09/nessie-portfolio/node_modules/stop-iteration-iterator'
167 silly reify ]
168 silly reify mark retired [
168 silly reify   '/Users/vanessamelendez/Documents/Codex/2026-08-09/nessie-portfolio/node_modules/string.prototype.codepointat'
168 silly reify ]
169 silly reify mark retired [
169 silly reify   '/Users/vanessamelendez/Documents/Codex/2026-08-09/nessie-portfolio/node_modules/string.prototype.includes'
169 silly reify ]
170 silly reify mark retired [
170 silly reify   '/Users/vanessamelendez/Documents/Codex/2026-08-09/nessie-portfolio/node_modules/string.prototype.matchall'
170 silly reify ]
171 silly reify mark retired [
171 silly reify   '/Users/vanessamelendez/Documents/Codex/2026-08-09/nessie-portfolio/node_modules/string.prototype.repeat'
171 silly reify ]
172 silly reify mark retired [
172 silly reify   '/Users/vanessamelendez/Documents/Codex/2026-08-09/nessie-portfolio/node_modules/string.prototype.trim'
172 silly reify ]
173 silly reify mark retired [
173 silly reify   '/Users/vanessamelendez/Documents/Codex/2026-08-09/nessie-portfolio/node_modules/string.prototype.trimend'
173 silly reify ]
174 silly reify mark retired [
174 silly reify   '/Users/vanessamelendez/Documents/Codex/2026-08-09/nessie-portfolio/node_modules/string.prototype.trimstart'
174 silly reify ]
175 silly reify mark retired [
175 silly reify   '/Users/vanessamelendez/Documents/Codex/2026-08-09/nessie-portfolio/node_modules/strip-literal'
175 silly reify ]
176 silly reify mark retired [
176 silly reify   '/Users/vanessamelendez/Documents/Codex/2026-08-09/nessie-portfolio/node_modules/supports-preserve-symlinks-flag'
176 silly reify ]
177 silly reify mark retired [
177 silly reify   '/Users/vanessamelendez/Documents/Codex/2026-08-09/nessie-portfolio/node_modules/tailwindcss'
177 silly reify ]
178 silly reify mark retired [
178 silly reify   '/Users/vanessamelendez/Documents/Codex/2026-08-09/nessie-portfolio/node_modules/terser'
178 silly reify ]
179 silly reify mark retired [
179 silly reify   '/Users/vanessamelendez/Documents/Codex/2026-08-09/nessie-portfolio/node_modules/terser-webpack-plugin'
179 silly reify ]
180 silly reify mark retired [
180 silly reify   '/Users/vanessamelendez/Documents/Codex/2026-08-09/nessie-portfolio/node_modules/tiny-inflate'
180 silly reify ]
181 silly reify mark retired [
181 silly reify   '/Users/vanessamelendez/Documents/Codex/2026-08-09/nessie-portfolio/node_modules/tinyglobby'
181 silly reify ]
182 silly reify mark retired [
182 silly reify   '/Users/vanessamelendez/Documents/Codex/2026-08-09/nessie-portfolio/node_modules/tsx'
182 silly reify ]
183 silly reify mark retired [
183 silly reify   '/Users/vanessamelendez/Documents/Codex/2026-08-09/nessie-portfolio/node_modules/turbo-stream'
183 silly reify ]
184 silly reify mark retired [
184 silly reify   '/Users/vanessamelendez/Documents/Codex/2026-08-09/nessie-portfolio/node_modules/typed-array-buffer'
184 silly reify ]
185 silly reify mark retired [
185 silly reify   '/Users/vanessamelendez/Documents/Codex/2026-08-09/nessie-portfolio/node_modules/typed-array-byte-length'
185 silly reify ]
186 silly reify mark retired [
186 silly reify   '/Users/vanessamelendez/Documents/Codex/2026-08-09/nessie-portfolio/node_modules/typed-array-byte-offset'
186 silly reify ]
187 silly reify mark retired [
187 silly reify   '/Users/vanessamelendez/Documents/Codex/2026-08-09/nessie-portfolio/node_modules/typed-array-length'
187 silly reify ]
188 silly reify mark retired [
188 silly reify   '/Users/vanessamelendez/Documents/Codex/2026-08-09/nessie-portfolio/node_modules/typescript-eslint'
188 silly reify ]
189 silly reify mark retired [
189 silly reify   '/Users/vanessamelendez/Documents/Codex/2026-08-09/nessie-portfolio/node_modules/unbox-primitive'
189 silly reify ]
190 silly reify mark retired [
190 silly reify   '/Users/vanessamelendez/Documents/Codex/2026-08-09/nessie-portfolio/node_modules/undici'
190 silly reify ]
191 silly reify mark retired [
191 silly reify   '/Users/vanessamelendez/Documents/Codex/2026-08-09/nessie-portfolio/node_modules/undici-types'
191 silly reify ]
192 silly reify mark retired [
192 silly reify   '/Users/vanessamelendez/Documents/Codex/2026-08-09/nessie-portfolio/node_modules/unenv'
192 silly reify ]
193 silly reify mark retired [
193 silly reify   '/Users/vanessamelendez/Documents/Codex/2026-08-09/nessie-portfolio/node_modules/unicode-trie'
193 silly reify ]
194 silly reify mark retired [
194 silly reify   '/Users/vanessamelendez/Documents/Codex/2026-08-09/nessie-portfolio/node_modules/unpic'
194 silly reify ]
195 silly reify mark retired [
195 silly reify   '/Users/vanessamelendez/Documents/Codex/2026-08-09/nessie-portfolio/node_modules/vinext'
195 silly reify ]
196 silly reify mark retired [
196 silly reify   '/Users/vanessamelendez/Documents/Codex/2026-08-09/nessie-portfolio/node_modules/vite'
196 silly reify ]
197 silly reify mark retired [
197 silly reify   '/Users/vanessamelendez/Documents/Codex/2026-08-09/nessie-portfolio/node_modules/vite-plugin-commonjs'
197 silly reify ]
198 silly reify mark retired [
198 silly reify   '/Users/vanessamelendez/Documents/Codex/2026-08-09/nessie-portfolio/node_modules/vite-plugin-dynamic-import'
198 silly reify ]
199 silly reify mark retired [
199 silly reify   '/Users/vanessamelendez/Documents/Codex/2026-08-09/nessie-portfolio/node_modules/vitefu'
199 silly reify ]
200 silly reify mark retired [
200 silly reify   '/Users/vanessamelendez/Documents/Codex/2026-08-09/nessie-portfolio/node_modules/web-vitals'
200 silly reify ]
201 silly reify mark retired [
201 silly reify   '/Users/vanessamelendez/Documents/Codex/2026-08-09/nessie-portfolio/node_modules/webpack'
201 silly reify ]
202 silly reify mark retired [
202 silly reify   '/Users/vanessamelendez/Documents/Codex/2026-08-09/nessie-portfolio/node_modules/which-boxed-primitive'
202 silly reify ]
203 silly reify mark retired [
203 silly reify   '/Users/vanessamelendez/Documents/Codex/2026-08-09/nessie-portfolio/node_modules/which-builtin-type'
203 silly reify ]
204 silly reify mark retired [
204 silly reify   '/Users/vanessamelendez/Documents/Codex/2026-08-09/nessie-portfolio/node_modules/which-typed-array'
204 silly reify ]
205 silly reify mark retired [
205 silly reify   '/Users/vanessamelendez/Documents/Codex/2026-08-09/nessie-portfolio/node_modules/which-collection'
205 silly reify ]
206 silly reify mark retired [
206 silly reify   '/Users/vanessamelendez/Documents/Codex/2026-08-09/nessie-portfolio/node_modules/workerd'
206 silly reify ]
207 silly reify mark retired [
207 silly reify   '/Users/vanessamelendez/Documents/Codex/2026-08-09/nessie-portfolio/node_modules/wrangler'
207 silly reify ]
208 silly reify mark retired [
208 silly reify   '/Users/vanessamelendez/Documents/Codex/2026-08-09/nessie-portfolio/node_modules/ws'
208 silly reify ]
209 silly reify mark retired [
209 silly reify   '/Users/vanessamelendez/Documents/Codex/2026-08-09/nessie-portfolio/node_modules/yallist'
209 silly reify ]
210 silly reify mark retired [
210 silly reify   '/Users/vanessamelendez/Documents/Codex/2026-08-09/nessie-portfolio/node_modules/youch'
210 silly reify ]
211 silly reify mark retired [
211 silly reify   '/Users/vanessamelendez/Documents/Codex/2026-08-09/nessie-portfolio/node_modules/yoga-layout'
211 silly reify ]
212 silly reify mark retired [
212 silly reify   '/Users/vanessamelendez/Documents/Codex/2026-08-09/nessie-portfolio/node_modules/youch-core'
212 silly reify ]
213 silly reify mark retired [
213 silly reify   '/Users/vanessamelendez/Documents/Codex/2026-08-09/nessie-portfolio/node_modules/zod-validation-error'
213 silly reify ]
214 silly reify mark retired [
214 silly reify   '/Users/vanessamelendez/Documents/Codex/2026-08-09/nessie-portfolio/node_modules/zod'
214 silly reify ]
215 silly reify mark retired [
215 silly reify   '/Users/vanessamelendez/Documents/Codex/2026-08-09/nessie-portfolio/node_modules/@alloc/quick-lru'
215 silly reify ]
216 silly reify mark retired [
216 silly reify   '/Users/vanessamelendez/Documents/Codex/2026-08-09/nessie-portfolio/node_modules/@babel/code-frame'
216 silly reify ]
217 silly reify mark retired [
217 silly reify   '/Users/vanessamelendez/Documents/Codex/2026-08-09/nessie-portfolio/node_modules/@babel/generator'
217 silly reify ]
218 silly reify mark retired [
218 silly reify   '/Users/vanessamelendez/Documents/Codex/2026-08-09/nessie-portfolio/node_modules/@babel/helper-compilation-targets'
218 silly reify ]
219 silly reify mark retired [
219 silly reify   '/Users/vanessamelendez/Documents/Codex/2026-08-09/nessie-portfolio/node_modules/@babel/core'
219 silly reify ]
220 silly reify mark retired [
220 silly reify   '/Users/vanessamelendez/Documents/Codex/2026-08-09/nessie-portfolio/node_modules/@babel/helper-globals'
220 silly reify ]
221 silly reify mark retired [
221 silly reify   '/Users/vanessamelendez/Documents/Codex/2026-08-09/nessie-portfolio/node_modules/@babel/compat-data'
221 silly reify ]
222 silly reify mark retired [
222 silly reify   '/Users/vanessamelendez/Documents/Codex/2026-08-09/nessie-portfolio/node_modules/@babel/helper-module-transforms'
222 silly reify ]
223 silly reify mark retired [
223 silly reify   '/Users/vanessamelendez/Documents/Codex/2026-08-09/nessie-portfolio/node_modules/@babel/helper-module-imports'
223 silly reify ]
224 silly reify mark retired [
224 silly reify   '/Users/vanessamelendez/Documents/Codex/2026-08-09/nessie-portfolio/node_modules/@babel/helper-validator-option'
224 silly reify ]
225 silly reify mark retired [
225 silly reify   '/Users/vanessamelendez/Documents/Codex/2026-08-09/nessie-portfolio/node_modules/@babel/helpers'
225 silly reify ]
226 silly reify mark retired [
226 silly reify   '/Users/vanessamelendez/Documents/Codex/2026-08-09/nessie-portfolio/node_modules/@babel/parser'
226 silly reify ]
227 silly reify mark retired [
227 silly reify   '/Users/vanessamelendez/Documents/Codex/2026-08-09/nessie-portfolio/node_modules/@babel/template'
227 silly reify ]
228 silly reify mark retired [
228 silly reify   '/Users/vanessamelendez/Documents/Codex/2026-08-09/nessie-portfolio/node_modules/@babel/types'
228 silly reify ]
229 silly reify mark retired [
229 silly reify   '/Users/vanessamelendez/Documents/Codex/2026-08-09/nessie-portfolio/node_modules/@cloudflare/kv-asset-handler'
229 silly reify ]
230 silly reify mark retired [
230 silly reify   '/Users/vanessamelendez/Documents/Codex/2026-08-09/nessie-portfolio/node_modules/@babel/traverse'
230 silly reify ]
231 silly reify mark retired [
231 silly reify   '/Users/vanessamelendez/Documents/Codex/2026-08-09/nessie-portfolio/node_modules/@cloudflare/unenv-preset'
231 silly reify ]
232 silly reify mark retired [
232 silly reify   '/Users/vanessamelendez/Documents/Codex/2026-08-09/nessie-portfolio/node_modules/@cloudflare/workerd-darwin-arm64'
232 silly reify ]
233 silly reify mark retired [
233 silly reify   '/Users/vanessamelendez/Documents/Codex/2026-08-09/nessie-portfolio/node_modules/@cspotcode/source-map-support'
233 silly reify ]
234 silly reify mark retired [
234 silly reify   '/Users/vanessamelendez/Documents/Codex/2026-08-09/nessie-portfolio/node_modules/@drizzle-team/brocli'
234 silly reify ]
235 silly reify mark retired [
235 silly reify   '/Users/vanessamelendez/Documents/Codex/2026-08-09/nessie-portfolio/node_modules/@cloudflare/vite-plugin'
235 silly reify ]
236 silly reify mark retired [
236 silly reify   '/Users/vanessamelendez/Documents/Codex/2026-08-09/nessie-portfolio/node_modules/@emnapi/runtime'
236 silly reify ]
237 silly reify mark retired [
237 silly reify   '/Users/vanessamelendez/Documents/Codex/2026-08-09/nessie-portfolio/node_modules/@esbuild/darwin-arm64'
237 silly reify ]
238 silly reify mark retired [
238 silly reify   '/Users/vanessamelendez/Documents/Codex/2026-08-09/nessie-portfolio/node_modules/@esbuild-kit/core-utils'
238 silly reify ]
239 silly reify mark retired [
239 silly reify   '/Users/vanessamelendez/Documents/Codex/2026-08-09/nessie-portfolio/node_modules/@esbuild-kit/esm-loader'
239 silly reify ]
240 silly reify mark retired [
240 silly reify   '/Users/vanessamelendez/Documents/Codex/2026-08-09/nessie-portfolio/node_modules/@eslint/config-array'
240 silly reify ]
241 silly reify mark retired [
241 silly reify   '/Users/vanessamelendez/Documents/Codex/2026-08-09/nessie-portfolio/node_modules/@eslint/config-helpers'
241 silly reify ]
242 silly reify mark retired [
242 silly reify   '/Users/vanessamelendez/Documents/Codex/2026-08-09/nessie-portfolio/node_modules/@eslint/core'
242 silly reify ]
243 silly reify mark retired [
243 silly reify   '/Users/vanessamelendez/Documents/Codex/2026-08-09/nessie-portfolio/node_modules/@eslint/js'
243 silly reify ]
244 silly reify mark retired [
244 silly reify   '/Users/vanessamelendez/Documents/Codex/2026-08-09/nessie-portfolio/node_modules/@eslint/plugin-kit'
244 silly reify ]
245 silly reify mark retired [
245 silly reify   '/Users/vanessamelendez/Documents/Codex/2026-08-09/nessie-portfolio/node_modules/@img/sharp-darwin-arm64'
245 silly reify ]
246 silly reify mark retired [
246 silly reify   '/Users/vanessamelendez/Documents/Codex/2026-08-09/nessie-portfolio/node_modules/@img/sharp-libvips-darwin-arm64'
246 silly reify ]
247 silly reify mark retired [
247 silly reify   '/Users/vanessamelendez/Documents/Codex/2026-08-09/nessie-portfolio/node_modules/@img/colour'
247 silly reify ]
248 silly reify mark retired [
248 silly reify   '/Users/vanessamelendez/Documents/Codex/2026-08-09/nessie-portfolio/node_modules/@jridgewell/remapping'
248 silly reify ]
249 silly reify mark retired [
249 silly reify   '/Users/vanessamelendez/Documents/Codex/2026-08-09/nessie-portfolio/node_modules/@next/eslint-plugin-next'
249 silly reify ]
250 silly reify mark retired [
250 silly reify   '/Users/vanessamelendez/Documents/Codex/2026-08-09/nessie-portfolio/node_modules/@oxc-project/types'
250 silly reify ]
251 silly reify mark retired [
251 silly reify   '/Users/vanessamelendez/Documents/Codex/2026-08-09/nessie-portfolio/node_modules/@poppinss/colors'
251 silly reify ]
252 silly reify mark retired [
252 silly reify   '/Users/vanessamelendez/Documents/Codex/2026-08-09/nessie-portfolio/node_modules/@poppinss/dumper'
252 silly reify ]
253 silly reify mark retired [
253 silly reify   '/Users/vanessamelendez/Documents/Codex/2026-08-09/nessie-portfolio/node_modules/@poppinss/exception'
253 silly reify ]
254 silly reify mark retired [
254 silly reify   '/Users/vanessamelendez/Documents/Codex/2026-08-09/nessie-portfolio/node_modules/@resvg/resvg-wasm'
254 silly reify ]
255 silly reify mark retired [
255 silly reify   '/Users/vanessamelendez/Documents/Codex/2026-08-09/nessie-portfolio/node_modules/@rolldown/binding-darwin-arm64'
255 silly reify ]
256 silly reify mark retired [
256 silly reify   '/Users/vanessamelendez/Documents/Codex/2026-08-09/nessie-portfolio/node_modules/@rolldown/pluginutils'
256 silly reify ]
257 silly reify mark retired [
257 silly reify   '/Users/vanessamelendez/Documents/Codex/2026-08-09/nessie-portfolio/node_modules/@sindresorhus/is'
257 silly reify ]
258 silly reify mark retired [
258 silly reify   '/Users/vanessamelendez/Documents/Codex/2026-08-09/nessie-portfolio/node_modules/@shuding/opentype.js'
258 silly reify ]
259 silly reify mark retired [
259 silly reify   '/Users/vanessamelendez/Documents/Codex/2026-08-09/nessie-portfolio/node_modules/@tailwindcss/node'
259 silly reify ]
260 silly reify mark retired [
260 silly reify   '/Users/vanessamelendez/Documents/Codex/2026-08-09/nessie-portfolio/node_modules/@tailwindcss/oxide-darwin-arm64'
260 silly reify ]
261 silly reify mark retired [
261 silly reify   '/Users/vanessamelendez/Documents/Codex/2026-08-09/nessie-portfolio/node_modules/@tailwindcss/oxide'
261 silly reify ]
262 silly reify mark retired [
262 silly reify   '/Users/vanessamelendez/Documents/Codex/2026-08-09/nessie-portfolio/node_modules/@speed-highlight/core'
262 silly reify ]
263 silly reify mark retired [
263 silly reify   '/Users/vanessamelendez/Documents/Codex/2026-08-09/nessie-portfolio/node_modules/@tailwindcss/postcss'
263 silly reify ]
264 silly reify mark retired [
264 silly reify   '/Users/vanessamelendez/Documents/Codex/2026-08-09/nessie-portfolio/node_modules/@types/react'
264 silly reify ]
265 silly reify mark retired [
265 silly reify   '/Users/vanessamelendez/Documents/Codex/2026-08-09/nessie-portfolio/node_modules/@types/node'
265 silly reify ]
266 silly reify mark retired [
266 silly reify   '/Users/vanessamelendez/Documents/Codex/2026-08-09/nessie-portfolio/node_modules/@types/react-dom'
266 silly reify ]
267 silly reify mark retired [
267 silly reify   '/Users/vanessamelendez/Documents/Codex/2026-08-09/nessie-portfolio/node_modules/@typescript-eslint/eslint-plugin'
267 silly reify ]
268 silly reify mark retired [
268 silly reify   '/Users/vanessamelendez/Documents/Codex/2026-08-09/nessie-portfolio/node_modules/@typescript-eslint/parser'
268 silly reify ]
269 silly reify mark retired [
269 silly reify   '/Users/vanessamelendez/Documents/Codex/2026-08-09/nessie-portfolio/node_modules/@typescript-eslint/project-service'
269 silly reify ]
270 silly reify mark retired [
270 silly reify   '/Users/vanessamelendez/Documents/Codex/2026-08-09/nessie-portfolio/node_modules/@typescript-eslint/scope-manager'
270 silly reify ]
271 silly reify mark retired [
271 silly reify   '/Users/vanessamelendez/Documents/Codex/2026-08-09/nessie-portfolio/node_modules/@typescript-eslint/tsconfig-utils'
271 silly reify ]
272 silly reify mark retired [
272 silly reify   '/Users/vanessamelendez/Documents/Codex/2026-08-09/nessie-portfolio/node_modules/@typescript-eslint/type-utils'
272 silly reify ]
273 silly reify mark retired [
273 silly reify   '/Users/vanessamelendez/Documents/Codex/2026-08-09/nessie-portfolio/node_modules/@typescript-eslint/types'
273 silly reify ]
274 silly reify mark retired [
274 silly reify   '/Users/vanessamelendez/Documents/Codex/2026-08-09/nessie-portfolio/node_modules/@typescript-eslint/typescript-estree'
274 silly reify ]
275 silly reify mark retired [
275 silly reify   '/Users/vanessamelendez/Documents/Codex/2026-08-09/nessie-portfolio/node_modules/@typescript-eslint/utils'
275 silly reify ]
276 silly reify mark retired [
276 silly reify   '/Users/vanessamelendez/Documents/Codex/2026-08-09/nessie-portfolio/node_modules/@typescript-eslint/visitor-keys'
276 silly reify ]
277 silly reify mark retired [
277 silly reify   '/Users/vanessamelendez/Documents/Codex/2026-08-09/nessie-portfolio/node_modules/@unpic/core'
277 silly reify ]
278 silly reify mark retired [
278 silly reify   '/Users/vanessamelendez/Documents/Codex/2026-08-09/nessie-portfolio/node_modules/@unpic/react'
278 silly reify ]
279 silly reify mark retired [
279 silly reify   '/Users/vanessamelendez/Documents/Codex/2026-08-09/nessie-portfolio/node_modules/@vercel/og'
279 silly reify ]
280 silly reify mark retired [
280 silly reify   '/Users/vanessamelendez/Documents/Codex/2026-08-09/nessie-portfolio/node_modules/@vinext/types'
280 silly reify ]
281 silly reify mark retired [
281 silly reify   '/Users/vanessamelendez/Documents/Codex/2026-08-09/nessie-portfolio/node_modules/@vitejs/plugin-react'
281 silly reify ]
282 silly reify mark retired [
282 silly reify   '/Users/vanessamelendez/Documents/Codex/2026-08-09/nessie-portfolio/node_modules/@vitejs/plugin-rsc'
282 silly reify ]
283 silly reify mark retired [
283 silly reify   '/Users/vanessamelendez/Documents/Codex/2026-08-09/nessie-portfolio/node_modules/acorn',
283 silly reify   '/Users/vanessamelendez/Documents/Codex/2026-08-09/nessie-portfolio/node_modules/.bin/acorn'
283 silly reify ]
284 silly reify mark retired [
284 silly reify   '/Users/vanessamelendez/Documents/Codex/2026-08-09/nessie-portfolio/node_modules/browserslist',
284 silly reify   '/Users/vanessamelendez/Documents/Codex/2026-08-09/nessie-portfolio/node_modules/.bin/browserslist'
284 silly reify ]
285 silly reify mark retired [
285 silly reify   '/Users/vanessamelendez/Documents/Codex/2026-08-09/nessie-portfolio/node_modules/js-yaml',
285 silly reify   '/Users/vanessamelendez/Documents/Codex/2026-08-09/nessie-portfolio/node_modules/.bin/js-yaml'
285 silly reify ]
286 silly reify mark retired [
286 silly reify   '/Users/vanessamelendez/Documents/Codex/2026-08-09/nessie-portfolio/node_modules/json5',
286 silly reify   '/Users/vanessamelendez/Documents/Codex/2026-08-09/nessie-portfolio/node_modules/.bin/json5'
286 silly reify ]
287 silly reify mark retired [
287 silly reify   '/Users/vanessamelendez/Documents/Codex/2026-08-09/nessie-portfolio/node_modules/nanoid',
287 silly reify   '/Users/vanessamelendez/Documents/Codex/2026-08-09/nessie-portfolio/node_modules/.bin/nanoid'
287 silly reify ]
288 silly reify mark retired [
288 silly reify   '/Users/vanessamelendez/Documents/Codex/2026-08-09/nessie-portfolio/node_modules/semver',
288 silly reify   '/Users/vanessamelendez/Documents/Codex/2026-08-09/nessie-portfolio/node_modules/.bin/semver'
288 silly reify ]
289 silly reify mark retired [
289 silly reify   '/Users/vanessamelendez/Documents/Codex/2026-08-09/nessie-portfolio/node_modules/typescript',
289 silly reify   '/Users/vanessamelendez/Documents/Codex/2026-08-09/nessie-portfolio/node_modules/.bin/tsc',
289 silly reify   '/Users/vanessamelendez/Documents/Codex/2026-08-09/nessie-portfolio/node_modules/.bin/tsserver'
289 silly reify ]
290 silly reify mark retired [
290 silly reify   '/Users/vanessamelendez/Documents/Codex/2026-08-09/nessie-portfolio/node_modules/update-browserslist-db',
290 silly reify   '/Users/vanessamelendez/Documents/Codex/2026-08-09/nessie-portfolio/node_modules/.bin/update-browserslist-db'
290 silly reify ]
291 silly reify mark retired [
291 silly reify   '/Users/vanessamelendez/Documents/Codex/2026-08-09/nessie-portfolio/node_modules/which',
291 silly reify   '/Users/vanessamelendez/Documents/Codex/2026-08-09/nessie-portfolio/node_modules/.bin/node-which'
291 silly reify ]
292 silly reify moves {
292 silly reify   '/Users/vanessamelendez/Documents/Codex/2026-08-09/nessie-portfolio/node_modules/acorn-loose': '/Users/vanessamelendez/Documents/Codex/2026-08-09/nessie-portfolio/node_modules/.acorn-loose-TCaRaOz0',
292 silly reify   '/Users/vanessamelendez/Documents/Codex/2026-08-09/nessie-portfolio/node_modules/aria-query': '/Users/vanessamelendez/Documents/Codex/2026-08-09/nessie-portfolio/node_modules/.aria-query-ypeqeE6h',
292 silly reify   '/Users/vanessamelendez/Documents/Codex/2026-08-09/nessie-portfolio/node_modules/array-buffer-byte-length': '/Users/vanessamelendez/Documents/Codex/2026-08-09/nessie-portfolio/node_modules/.array-buffer-byte-length-qD6fUnLp',
292 silly reify   '/Users/vanessamelendez/Documents/Codex/2026-08-09/nessie-portfolio/node_modules/array-includes': '/Users/vanessamelendez/Documents/Codex/2026-08-09/nessie-portfolio/node_modules/.array-includes-ayGvESp3',
292 silly reify   '/Users/vanessamelendez/Documents/Codex/2026-08-09/nessie-portfolio/node_modules/array.prototype.findlast': '/Users/vanessamelendez/Documents/Codex/2026-08-09/nessie-portfolio/node_modules/.array.prototype.findlast-pAsygkpr',
292 silly reify   '/Users/vanessamelendez/Documents/Codex/2026-08-09/nessie-portfolio/node_modules/array.prototype.flatmap': '/Users/vanessamelendez/Documents/Codex/2026-08-09/nessie-portfolio/node_modules/.array.prototype.flatmap-E7APcEBb',
292 silly reify   '/Users/vanessamelendez/Documents/Codex/2026-08-09/nessie-portfolio/node_modules/array.prototype.flat': '/Users/vanessamelendez/Documents/Codex/2026-08-09/nessie-portfolio/node_modules/.array.prototype.flat-ALzUSXCM',
292 silly reify   '/Users/vanessamelendez/Documents/Codex/2026-08-09/nessie-portfolio/node_modules/array.prototype.tosorted': '/Users/vanessamelendez/Documents/Codex/2026-08-09/nessie-portfolio/node_modules/.array.prototype.tosorted-0Oeh0YJB',
292 silly reify   '/Users/vanessamelendez/Documents/Codex/2026-08-09/nessie-portfolio/node_modules/arraybuffer.prototype.slice': '/Users/vanessamelendez/Documents/Codex/2026-08-09/nessie-portfolio/node_modules/.arraybuffer.prototype.slice-pu9uy1Rn',
292 silly reify   '/Users/vanessamelendez/Documents/Codex/2026-08-09/nessie-portfolio/node_modules/async-function': '/Users/vanessamelendez/Documents/Codex/2026-08-09/nessie-portfolio/node_modules/.async-function-ck5WdUxf',
292 silly reify   '/Users/vanessamelendez/Documents/Codex/2026-08-09/nessie-portfolio/node_modules/ast-types-flow': '/Users/vanessamelendez/Documents/Codex/2026-08-09/nessie-portfolio/node_modules/.ast-types-flow-iiyPOW0q',
292 silly reify   '/Users/vanessamelendez/Documents/Codex/2026-08-09/nessie-portfolio/node_modules/available-typed-arrays': '/Users/vanessamelendez/Documents/Codex/2026-08-09/nessie-portfolio/node_modules/.available-typed-arrays-XoLnpVok',
292 silly reify   '/Users/vanessamelendez/Documents/Codex/2026-08-09/nessie-portfolio/node_modules/axe-core': '/Users/vanessamelendez/Documents/Codex/2026-08-09/nessie-portfolio/node_modules/.axe-core-KIIGPCQy',
292 silly reify   '/Users/vanessamelendez/Documents/Codex/2026-08-09/nessie-portfolio/node_modules/axobject-query': '/Users/vanessamelendez/Documents/Codex/2026-08-09/nessie-portfolio/node_modules/.axobject-query-d5uictB9',
292 silly reify   '/Users/vanessamelendez/Documents/Codex/2026-08-09/nessie-portfolio/node_modules/base64-js': '/Users/vanessamelendez/Documents/Codex/2026-08-09/nessie-portfolio/node_modules/.base64-js-d52j3x1q',
292 silly reify   '/Users/vanessamelendez/Documents/Codex/2026-08-09/nessie-portfolio/node_modules/baseline-browser-mapping': '/Users/vanessamelendez/Documents/Codex/2026-08-09/nessie-portfolio/node_modules/.baseline-browser-mapping-eynAVOh4',
292 silly reify   '/Users/vanessamelendez/Documents/Codex/2026-08-09/nessie-portfolio/node_modules/blake3-wasm': '/Users/vanessamelendez/Documents/Codex/2026-08-09/nessie-portfolio/node_modules/.blake3-wasm-BfPwCXWr',
292 silly reify   '/Users/vanessamelendez/Documents/Codex/2026-08-09/nessie-portfolio/node_modules/call-bound': '/Users/vanessamelendez/Documents/Codex/2026-08-09/nessie-portfolio/node_modules/.call-bound-64hRfmmf',
292 silly reify   '/Users/vanessamelendez/Documents/Codex/2026-08-09/nessie-portfolio/node_modules/call-bind': '/Users/vanessamelendez/Documents/Codex/2026-08-09/nessie-portfolio/node_modules/.call-bind-UUEyPgpu',
292 silly reify   '/Users/vanessamelendez/Documents/Codex/2026-08-09/nessie-portfolio/node_modules/camelize': '/Users/vanessamelendez/Documents/Codex/2026-08-09/nessie-portfolio/node_modules/.camelize-SdS6UgNf',
292 silly reify   '/Users/vanessamelendez/Documents/Codex/2026-08-09/nessie-portfolio/node_modules/caniuse-lite': '/Users/vanessamelendez/Documents/Codex/2026-08-09/nessie-portfolio/node_modules/.caniuse-lite-gRegbLBP',
292 silly reify   '/Users/vanessamelendez/Documents/Codex/2026-08-09/nessie-portfolio/node_modules/cookie': '/Users/vanessamelendez/Documents/Codex/2026-08-09/nessie-portfolio/node_modules/.cookie-dMXMlqKa',
292 silly reify   '/Users/vanessamelendez/Documents/Codex/2026-08-09/nessie-portfolio/node_modules/convert-source-map': '/Users/vanessamelendez/Documents/Codex/2026-08-09/nessie-portfolio/node_modules/.convert-source-map-5NqHtl17',
292 silly reify   '/Users/vanessamelendez/Documents/Codex/2026-08-09/nessie-portfolio/node_modules/css-box-shadow': '/Users/vanessamelendez/Documents/Codex/2026-08-09/nessie-portfolio/node_modules/.css-box-shadow-xv6ZW5YT',
292 silly reify   '/Users/vanessamelendez/Documents/Codex/2026-08-09/nessie-portfolio/node_modules/css-background-parser': '/Users/vanessamelendez/Documents/Codex/2026-08-09/nessie-portfolio/node_modules/.css-background-parser-GcTN2u10',
292 silly reify   '/Users/vanessamelendez/Documents/Codex/2026-08-09/nessie-portfolio/node_modules/css-color-keywords': '/Users/vanessamelendez/Documents/Codex/2026-08-09/nessie-portfolio/node_modules/.css-color-keywords-0ba8RMcR',
292 silly reify   '/Users/vanessamelendez/Documents/Codex/2026-08-09/nessie-portfolio/node_modules/css-gradient-parser': '/Users/vanessamelendez/Documents/Codex/2026-08-09/nessie-portfolio/node_modules/.css-gradient-parser-lLcOMJeK',
292 silly reify   '/Users/vanessamelendez/Documents/Codex/2026-08-09/nessie-portfolio/node_modules/css-to-react-native': '/Users/vanessamelendez/Documents/Codex/2026-08-09/nessie-portfolio/node_modules/.css-to-react-native-UzPmeiiW',
292 silly reify   '/Users/vanessamelendez/Documents/Codex/2026-08-09/nessie-portfolio/node_modules/damerau-levenshtein': '/Users/vanessamelendez/Documents/Codex/2026-08-09/nessie-portfolio/node_modules/.damerau-levenshtein-iMQtMiA0',
292 silly reify   '/Users/vanessamelendez/Documents/Codex/2026-08-09/nessie-portfolio/node_modules/data-view-buffer': '/Users/vanessamelendez/Documents/Codex/2026-08-09/nessie-portfolio/node_modules/.data-view-buffer-zsY6HEF4',
292 silly reify   '/Users/vanessamelendez/Documents/Codex/2026-08-09/nessie-portfolio/node_modules/data-view-byte-length': '/Users/vanessamelendez/Documents/Codex/2026-08-09/nessie-portfolio/node_modules/.data-view-byte-length-3V4CjLVj',
292 silly reify   '/Users/vanessamelendez/Documents/Codex/2026-08-09/nessie-portfolio/node_modules/data-view-byte-offset': '/Users/vanessamelendez/Documents/Codex/2026-08-09/nessie-portfolio/node_modules/.data-view-byte-offset-TLCBdRE8',
292 silly reify   '/Users/vanessamelendez/Documents/Codex/2026-08-09/nessie-portfolio/node_modules/define-properties': '/Users/vanessamelendez/Documents/Codex/2026-08-09/nessie-portfolio/node_modules/.define-properties-BWAoyYHe',
292 silly reify   '/Users/vanessamelendez/Documents/Codex/2026-08-09/nessie-portfolio/node_modules/define-data-property': '/Users/vanessamelendez/Documents/Codex/2026-08-09/nessie-portfolio/node_modules/.define-data-property-3wJVxoNo',
292 silly reify   '/Users/vanessamelendez/Documents/Codex/2026-08-09/nessie-portfolio/node_modules/doctrine': '/Users/vanessamelendez/Documents/Codex/2026-08-09/nessie-portfolio/node_modules/.doctrine-g6yKFcsE',
292 silly reify   '/Users/vanessamelendez/Documents/Codex/2026-08-09/nessie-portfolio/node_modules/drizzle-kit': '/Users/vanessamelendez/Documents/Codex/2026-08-09/nessie-portfolio/node_modules/.drizzle-kit-uZT2Oi0C',
292 silly reify   '/Users/vanessamelendez/Documents/Codex/2026-08-09/nessie-portfolio/node_modules/drizzle-orm': '/Users/vanessamelendez/Documents/Codex/2026-08-09/nessie-portfolio/node_modules/.drizzle-orm-rikypQq8',
292 silly reify   '/Users/vanessamelendez/Documents/Codex/2026-08-09/nessie-portfolio/node_modules/electron-to-chromium': '/Users/vanessamelendez/Documents/Codex/2026-08-09/nessie-portfolio/node_modules/.electron-to-chromium-5EgnRpbR',
292 silly reify   '/Users/vanessamelendez/Documents/Codex/2026-08-09/nessie-portfolio/node_modules/emoji-regex-xs': '/Users/vanessamelendez/Documents/Codex/2026-08-09/nessie-portfolio/node_modules/.emoji-regex-xs-6Al8O9xA',
292 silly reify   '/Users/vanessamelendez/Documents/Codex/2026-08-09/nessie-portfolio/node_modules/error-stack-parser-es': '/Users/vanessamelendez/Documents/Codex/2026-08-09/nessie-portfolio/node_modules/.error-stack-parser-es-DDNzdSeq',
292 silly reify   '/Users/vanessamelendez/Documents/Codex/2026-08-09/nessie-portfolio/node_modules/enhanced-resolve': '/Users/vanessamelendez/Documents/Codex/2026-08-09/nessie-portfolio/node_modules/.enhanced-resolve-HGXxibLe',
292 silly reify   '/Users/vanessamelendez/Documents/Codex/2026-08-09/nessie-portfolio/node_modules/es-abstract': '/Users/vanessamelendez/Documents/Codex/2026-08-09/nessie-portfolio/node_modules/.es-abstract-N5ygx4h0',
292 silly reify   '/Users/vanessamelendez/Documents/Codex/2026-08-09/nessie-portfolio/node_modules/es-iterator-helpers': '/Users/vanessamelendez/Documents/Codex/2026-08-09/nessie-portfolio/node_modules/.es-iterator-helpers-Rk1Q87jt',
292 silly reify   '/Users/vanessamelendez/Documents/Codex/2026-08-09/nessie-portfolio/node_modules/es-object-atoms': '/Users/vanessamelendez/Documents/Codex/2026-08-09/nessie-portfolio/node_modules/.es-object-atoms-mKdMni8U',
292 silly reify   '/Users/vanessamelendez/Documents/Codex/2026-08-09/nessie-portfolio/node_modules/es-shim-unscopables': '/Users/vanessamelendez/Documents/Codex/2026-08-09/nessie-portfolio/node_modules/.es-shim-unscopables-5SuZnXHv',
292 silly reify   '/Users/vanessamelendez/Documents/Codex/2026-08-09/nessie-portfolio/node_modules/es-to-primitive': '/Users/vanessamelendez/Documents/Codex/2026-08-09/nessie-portfolio/node_modules/.es-to-primitive-S5AVqKKW',
292 silly reify   '/Users/vanessamelendez/Documents/Codex/2026-08-09/nessie-portfolio/node_modules/esbuild': '/Users/vanessamelendez/Documents/Codex/2026-08-09/nessie-portfolio/node_modules/.esbuild-23kA2a4M',
292 silly reify   '/Users/vanessamelendez/Documents/Codex/2026-08-09/nessie-portfolio/node_modules/escape-html': '/Users/vanessamelendez/Documents/Codex/2026-08-09/nessie-portfolio/node_modules/.escape-html-AscAIAyg',
292 silly reify   '/Users/vanessamelendez/Documents/Codex/2026-08-09/nessie-portfolio/node_modules/eslint': '/Users/vanessamelendez/Documents/Codex/2026-08-09/nessie-portfolio/node_modules/.eslint-d90TikcK',
292 silly reify   '/Users/vanessamelendez/Documents/Codex/2026-08-09/nessie-portfolio/node_modules/eslint-plugin-jsx-a11y': '/Users/vanessamelendez/Documents/Codex/2026-08-09/nessie-portfolio/node_modules/.eslint-plugin-jsx-a11y-7H3CLLLM',
292 silly reify   '/Users/vanessamelendez/Documents/Codex/2026-08-09/nessie-portfolio/node_modules/eslint-plugin-react': '/Users/vanessamelendez/Documents/Codex/2026-08-09/nessie-portfolio/node_modules/.eslint-plugin-react-g90oZtS0',
292 silly reify   '/Users/vanessamelendez/Documents/Codex/2026-08-09/nessie-portfolio/node_modules/eslint-plugin-react-hooks': '/Users/vanessamelendez/Documents/Codex/2026-08-09/nessie-portfolio/node_modules/.eslint-plugin-react-hooks-6SflUclh',
292 silly reify   '/Users/vanessamelendez/Documents/Codex/2026-08-09/nessie-portfolio/node_modules/estree-walker': '/Users/vanessamelendez/Documents/Codex/2026-08-09/nessie-portfolio/node_modules/.estree-walker-bnGET1LR',
292 silly reify   '/Users/vanessamelendez/Documents/Codex/2026-08-09/nessie-portfolio/node_modules/fast-glob': '/Users/vanessamelendez/Documents/Codex/2026-08-09/nessie-portfolio/node_modules/.fast-glob-8E2EKW5C',
292 silly reify   '/Users/vanessamelendez/Documents/Codex/2026-08-09/nessie-portfolio/node_modules/fast-uri': '/Users/vanessamelendez/Documents/Codex/2026-08-09/nessie-portfolio/node_modules/.fast-uri-uYFXjgFD',
292 silly reify   '/Users/vanessamelendez/Documents/Codex/2026-08-09/nessie-portfolio/node_modules/fflate': '/Users/vanessamelendez/Documents/Codex/2026-08-09/nessie-portfolio/node_modules/.fflate-YXpEikGQ',
292 silly reify   '/Users/vanessamelendez/Documents/Codex/2026-08-09/nessie-portfolio/node_modules/for-each': '/Users/vanessamelendez/Documents/Codex/2026-08-09/nessie-portfolio/node_modules/.for-each-8WKvv33y',
292 silly reify   '/Users/vanessamelendez/Documents/Codex/2026-08-09/nessie-portfolio/node_modules/function.prototype.name': '/Users/vanessamelendez/Documents/Codex/2026-08-09/nessie-portfolio/node_modules/.function.prototype.name-D1dmhvER',
292 silly reify   '/Users/vanessamelendez/Documents/Codex/2026-08-09/nessie-portfolio/node_modules/functions-have-names': '/Users/vanessamelendez/Documents/Codex/2026-08-09/nessie-portfolio/node_modules/.functions-have-names-LC9u0ENa',
292 silly reify   '/Users/vanessamelendez/Documents/Codex/2026-08-09/nessie-portfolio/node_modules/generator-function': '/Users/vanessamelendez/Documents/Codex/2026-08-09/nessie-portfolio/node_modules/.generator-function-sAzomVUQ',
292 silly reify   '/Users/vanessamelendez/Documents/Codex/2026-08-09/nessie-portfolio/node_modules/gensync': '/Users/vanessamelendez/Documents/Codex/2026-08-09/nessie-portfolio/node_modules/.gensync-2h4iqvnB',
292 silly reify   '/Users/vanessamelendez/Documents/Codex/2026-08-09/nessie-portfolio/node_modules/get-symbol-description': '/Users/vanessamelendez/Documents/Codex/2026-08-09/nessie-portfolio/node_modules/.get-symbol-description-P8w1iHuW',
292 silly reify   '/Users/vanessamelendez/Documents/Codex/2026-08-09/nessie-portfolio/node_modules/get-tsconfig': '/Users/vanessamelendez/Documents/Codex/2026-08-09/nessie-portfolio/node_modules/.get-tsconfig-WMxz0Df6',
292 silly reify   '/Users/vanessamelendez/Documents/Codex/2026-08-09/nessie-portfolio/node_modules/globals': '/Users/vanessamelendez/Documents/Codex/2026-08-09/nessie-portfolio/node_modules/.globals-8LJZPIJL',
292 silly reify   '/Users/vanessamelendez/Documents/Codex/2026-08-09/nessie-portfolio/node_modules/globalthis': '/Users/vanessamelendez/Documents/Codex/2026-08-09/nessie-portfolio/node_modules/.globalthis-zNljBudO',
292 silly reify   '/Users/vanessamelendez/Documents/Codex/2026-08-09/nessie-portfolio/node_modules/has-bigints': '/Users/vanessamelendez/Documents/Codex/2026-08-09/nessie-portfolio/node_modules/.has-bigints-QALIMZ6J',
292 silly reify   '/Users/vanessamelendez/Documents/Codex/2026-08-09/nessie-portfolio/node_modules/has-property-descriptors': '/Users/vanessamelendez/Documents/Codex/2026-08-09/nessie-portfolio/node_modules/.has-property-descriptors-Q0LDXoY4',
292 silly reify   '/Users/vanessamelendez/Documents/Codex/2026-08-09/nessie-portfolio/node_modules/has-proto': '/Users/vanessamelendez/Documents/Codex/2026-08-09/nessie-portfolio/node_modules/.has-proto-LgXHRQFU',
292 silly reify   '/Users/vanessamelendez/Documents/Codex/2026-08-09/nessie-portfolio/node_modules/hasown': '/Users/vanessamelendez/Documents/Codex/2026-08-09/nessie-portfolio/node_modules/.hasown-nL9kkeDA',
292 silly reify   '/Users/vanessamelendez/Documents/Codex/2026-08-09/nessie-portfolio/node_modules/hermes-estree': '/Users/vanessamelendez/Documents/Codex/2026-08-09/nessie-portfolio/node_modules/.hermes-estree-zzMxFgTP',
292 silly reify   '/Users/vanessamelendez/Documents/Codex/2026-08-09/nessie-portfolio/node_modules/hermes-parser': '/Users/vanessamelendez/Documents/Codex/2026-08-09/nessie-portfolio/node_modules/.hermes-parser-BBs5scHE',
292 silly reify   '/Users/vanessamelendez/Documents/Codex/2026-08-09/nessie-portfolio/node_modules/hex-rgb': '/Users/vanessamelendez/Documents/Codex/2026-08-09/nessie-portfolio/node_modules/.hex-rgb-7VsOZXVj',
292 silly reify   '/Users/vanessamelendez/Documents/Codex/2026-08-09/nessie-portfolio/node_modules/internal-slot': '/Users/vanessamelendez/Documents/Codex/2026-08-09/nessie-portfolio/node_modules/.internal-slot-I0cTottB',
292 silly reify   '/Users/vanessamelendez/Documents/Codex/2026-08-09/nessie-portfolio/node_modules/ipaddr.js': '/Users/vanessamelendez/Documents/Codex/2026-08-09/nessie-portfolio/node_modules/.ipaddr.js-8ZEPjjbP',
292 silly reify   '/Users/vanessamelendez/Documents/Codex/2026-08-09/nessie-portfolio/node_modules/is-array-buffer': '/Users/vanessamelendez/Documents/Codex/2026-08-09/nessie-portfolio/node_modules/.is-array-buffer-gBXnlkfE',
292 silly reify   '/Users/vanessamelendez/Documents/Codex/2026-08-09/nessie-portfolio/node_modules/image-size': '/Users/vanessamelendez/Documents/Codex/2026-08-09/nessie-portfolio/node_modules/.image-size-hTt4AH1p',
292 silly reify   '/Users/vanessamelendez/Documents/Codex/2026-08-09/nessie-portfolio/node_modules/is-async-function': '/Users/vanessamelendez/Documents/Codex/2026-08-09/nessie-portfolio/node_modules/.is-async-function-23GjAQAS',
292 silly reify   '/Users/vanessamelendez/Documents/Codex/2026-08-09/nessie-portfolio/node_modules/is-bigint': '/Users/vanessamelendez/Documents/Codex/2026-08-09/nessie-portfolio/node_modules/.is-bigint-ays88kPw',
292 silly reify   '/Users/vanessamelendez/Documents/Codex/2026-08-09/nessie-portfolio/node_modules/is-boolean-object': '/Users/vanessamelendez/Documents/Codex/2026-08-09/nessie-portfolio/node_modules/.is-boolean-object-m0iuXjVK',
292 silly reify   '/Users/vanessamelendez/Documents/Codex/2026-08-09/nessie-portfolio/node_modules/is-core-module': '/Users/vanessamelendez/Documents/Codex/2026-08-09/nessie-portfolio/node_modules/.is-core-module-QumeQk0P',
292 silly reify   '/Users/vanessamelendez/Documents/Codex/2026-08-09/nessie-portfolio/node_modules/is-callable': '/Users/vanessamelendez/Documents/Codex/2026-08-09/nessie-portfolio/node_modules/.is-callable-5tq9Ckg2',
292 silly reify   '/Users/vanessamelendez/Documents/Codex/2026-08-09/nessie-portfolio/node_modules/is-data-view': '/Users/vanessamelendez/Documents/Codex/2026-08-09/nessie-portfolio/node_modules/.is-data-view-ZF89lkBI',
292 silly reify   '/Users/vanessamelendez/Documents/Codex/2026-08-09/nessie-portfolio/node_modules/is-date-object': '/Users/vanessamelendez/Documents/Codex/2026-08-09/nessie-portfolio/node_modules/.is-date-object-eJZ3vPer',
292 silly reify   '/Users/vanessamelendez/Documents/Codex/2026-08-09/nessie-portfolio/node_modules/is-generator-function': '/Users/vanessamelendez/Documents/Codex/2026-08-09/nessie-portfolio/node_modules/.is-generator-function-5PGi1rY4',
292 silly reify   '/Users/vanessamelendez/Documents/Codex/2026-08-09/nessie-portfolio/node_modules/is-map': '/Users/vanessamelendez/Documents/Codex/2026-08-09/nessie-portfolio/node_modules/.is-map-tDibgNGM',
292 silly reify   '/Users/vanessamelendez/Documents/Codex/2026-08-09/nessie-portfolio/node_modules/is-finalizationregistry': '/Users/vanessamelendez/Documents/Codex/2026-08-09/nessie-portfolio/node_modules/.is-finalizationregistry-BaU3BoIJ',
292 silly reify   '/Users/vanessamelendez/Documents/Codex/2026-08-09/nessie-portfolio/node_modules/is-negative-zero': '/Users/vanessamelendez/Documents/Codex/2026-08-09/nessie-portfolio/node_modules/.is-negative-zero-sqvdcypn',
292 silly reify   '/Users/vanessamelendez/Documents/Codex/2026-08-09/nessie-portfolio/node_modules/is-number-object': '/Users/vanessamelendez/Documents/Codex/2026-08-09/nessie-portfolio/node_modules/.is-number-object-7QDchbQv',
292 silly reify   '/Users/vanessamelendez/Documents/Codex/2026-08-09/nessie-portfolio/node_modules/is-regex': '/Users/vanessamelendez/Documents/Codex/2026-08-09/nessie-portfolio/node_modules/.is-regex-4O28m8S4',
292 silly reify   '/Users/vanessamelendez/Documents/Codex/2026-08-09/nessie-portfolio/node_modules/is-string': '/Users/vanessamelendez/Documents/Codex/2026-08-09/nessie-portfolio/node_modules/.is-string-kxB3DTzJ',
292 silly reify   '/Users/vanessamelendez/Documents/Codex/2026-08-09/nessie-portfolio/node_modules/is-shared-array-buffer': '/Users/vanessamelendez/Documents/Codex/2026-08-09/nessie-portfolio/node_modules/.is-shared-array-buffer-mLhxpaEn',
292 silly reify   '/Users/vanessamelendez/Documents/Codex/2026-08-09/nessie-portfolio/node_modules/is-symbol': '/Users/vanessamelendez/Documents/Codex/2026-08-09/nessie-portfolio/node_modules/.is-symbol-XbcouwRq',
292 silly reify   '/Users/vanessamelendez/Documents/Codex/2026-08-09/nessie-portfolio/node_modules/is-typed-array': '/Users/vanessamelendez/Documents/Codex/2026-08-09/nessie-portfolio/node_modules/.is-typed-array-RNQWHUiU',
292 silly reify   '/Users/vanessamelendez/Documents/Codex/2026-08-09/nessie-portfolio/node_modules/is-set': '/Users/vanessamelendez/Documents/Codex/2026-08-09/nessie-portfolio/node_modules/.is-set-ZiLrEp5U',
292 silly reify   '/Users/vanessamelendez/Documents/Codex/2026-08-09/nessie-portfolio/node_modules/is-weakmap': '/Users/vanessamelendez/Documents/Codex/2026-08-09/nessie-portfolio/node_modules/.is-weakmap-KgcgVRlt',
292 silly reify   '/Users/vanessamelendez/Documents/Codex/2026-08-09/nessie-portfolio/node_modules/is-weakref': '/Users/vanessamelendez/Documents/Codex/2026-08-09/nessie-portfolio/node_modules/.is-weakref-RsqqYcu1',
292 silly reify   '/Users/vanessamelendez/Documents/Codex/2026-08-09/nessie-portfolio/node_modules/is-weakset': '/Users/vanessamelendez/Documents/Codex/2026-08-09/nessie-portfolio/node_modules/.is-weakset-ROx9pLWN',
292 silly reify   '/Users/vanessamelendez/Documents/Codex/2026-08-09/nessie-portfolio/node_modules/isarray': '/Users/vanessamelendez/Documents/Codex/2026-08-09/nessie-portfolio/node_modules/.isarray-FAJl7ga3',
292 silly reify   '/Users/vanessamelendez/Documents/Codex/2026-08-09/nessie-portfolio/node_modules/iterator.prototype': '/Users/vanessamelendez/Documents/Codex/2026-08-09/nessie-portfolio/node_modules/.iterator.prototype-3KxSyIsJ',
292 silly reify   '/Users/vanessamelendez/Documents/Codex/2026-08-09/nessie-portfolio/node_modules/jiti': '/Users/vanessamelendez/Documents/Codex/2026-08-09/nessie-portfolio/node_modules/.jiti-H9QtNgXz',
292 silly reify   '/Users/vanessamelendez/Documents/Codex/2026-08-09/nessie-portfolio/node_modules/js-tokens': '/Users/vanessamelendez/Documents/Codex/2026-08-09/nessie-portfolio/node_modules/.js-tokens-WY0lquEK',
292 silly reify   '/Users/vanessamelendez/Documents/Codex/2026-08-09/nessie-portfolio/node_modules/jsesc': '/Users/vanessamelendez/Documents/Codex/2026-08-09/nessie-portfolio/node_modules/.jsesc-RpDNaH1a',
292 silly reify   '/Users/vanessamelendez/Documents/Codex/2026-08-09/nessie-portfolio/node_modules/jsx-ast-utils': '/Users/vanessamelendez/Documents/Codex/2026-08-09/nessie-portfolio/node_modules/.jsx-ast-utils-tW5rnbRs',
292 silly reify   '/Users/vanessamelendez/Documents/Codex/2026-08-09/nessie-portfolio/node_modules/language-subtag-registry': '/Users/vanessamelendez/Documents/Codex/2026-08-09/nessie-portfolio/node_modules/.language-subtag-registry-mVNu4TyQ',
292 silly reify   '/Users/vanessamelendez/Documents/Codex/2026-08-09/nessie-portfolio/node_modules/kleur': '/Users/vanessamelendez/Documents/Codex/2026-08-09/nessie-portfolio/node_modules/.kleur-5vOxOypN',
292 silly reify   '/Users/vanessamelendez/Documents/Codex/2026-08-09/nessie-portfolio/node_modules/language-tags': '/Users/vanessamelendez/Documents/Codex/2026-08-09/nessie-portfolio/node_modules/.language-tags-WKZOEvMB',
292 silly reify   '/Users/vanessamelendez/Documents/Codex/2026-08-09/nessie-portfolio/node_modules/lightningcss': '/Users/vanessamelendez/Documents/Codex/2026-08-09/nessie-portfolio/node_modules/.lightningcss-sFXeM3lp',
292 silly reify   '/Users/vanessamelendez/Documents/Codex/2026-08-09/nessie-portfolio/node_modules/lightningcss-darwin-arm64': '/Users/vanessamelendez/Documents/Codex/2026-08-09/nessie-portfolio/node_modules/.lightningcss-darwin-arm64-UgQflBMF',
292 silly reify   '/Users/vanessamelendez/Documents/Codex/2026-08-09/nessie-portfolio/node_modules/linebreak': '/Users/vanessamelendez/Documents/Codex/2026-08-09/nessie-portfolio/node_modules/.linebreak-8dD2gqPx',
292 silly reify   '/Users/vanessamelendez/Documents/Codex/2026-08-09/nessie-portfolio/node_modules/loose-envify': '/Users/vanessamelendez/Documents/Codex/2026-08-09/nessie-portfolio/node_modules/.loose-envify-pijdl170',
292 silly reify   '/Users/vanessamelendez/Documents/Codex/2026-08-09/nessie-portfolio/node_modules/lru-cache': '/Users/vanessamelendez/Documents/Codex/2026-08-09/nessie-portfolio/node_modules/.lru-cache-InbdnthO',
292 silly reify   '/Users/vanessamelendez/Documents/Codex/2026-08-09/nessie-portfolio/node_modules/magic-string': '/Users/vanessamelendez/Documents/Codex/2026-08-09/nessie-portfolio/node_modules/.magic-string-vBu95R2A',
292 silly reify   '/Users/vanessamelendez/Documents/Codex/2026-08-09/nessie-portfolio/node_modules/miniflare': '/Users/vanessamelendez/Documents/Codex/2026-08-09/nessie-portfolio/node_modules/.miniflare-BQjKorIS',
292 silly reify   '/Users/vanessamelendez/Documents/Codex/2026-08-09/nessie-portfolio/node_modules/node-exports-info': '/Users/vanessamelendez/Documents/Codex/2026-08-09/nessie-portfolio/node_modules/.node-exports-info-kjAfxRs9',
292 silly reify   '/Users/vanessamelendez/Documents/Codex/2026-08-09/nessie-portfolio/node_modules/node-releases': '/Users/vanessamelendez/Documents/Codex/2026-08-09/nessie-portfolio/node_modules/.node-releases-VJf7MKTI',
292 silly reify   '/Users/vanessamelendez/Documents/Codex/2026-08-09/nessie-portfolio/node_modules/object-inspect': '/Users/vanessamelendez/Documents/Codex/2026-08-09/nessie-portfolio/node_modules/.object-inspect-0y6UsGVj',
292 silly reify   '/Users/vanessamelendez/Documents/Codex/2026-08-09/nessie-portfolio/node_modules/object-keys': '/Users/vanessamelendez/Documents/Codex/2026-08-09/nessie-portfolio/node_modules/.object-keys-AVJiqExB',
292 silly reify   '/Users/vanessamelendez/Documents/Codex/2026-08-09/nessie-portfolio/node_modules/object.assign': '/Users/vanessamelendez/Documents/Codex/2026-08-09/nessie-portfolio/node_modules/.object.assign-swgGz39F',
292 silly reify   '/Users/vanessamelendez/Documents/Codex/2026-08-09/nessie-portfolio/node_modules/object.entries': '/Users/vanessamelendez/Documents/Codex/2026-08-09/nessie-portfolio/node_modules/.object.entries-TaBnb4QD',
292 silly reify   '/Users/vanessamelendez/Documents/Codex/2026-08-09/nessie-portfolio/node_modules/object.fromentries': '/Users/vanessamelendez/Documents/Codex/2026-08-09/nessie-portfolio/node_modules/.object.fromentries-stbjojRZ',
292 silly reify   '/Users/vanessamelendez/Documents/Codex/2026-08-09/nessie-portfolio/node_modules/object.values': '/Users/vanessamelendez/Documents/Codex/2026-08-09/nessie-portfolio/node_modules/.object.values-eTGEflOA',
292 silly reify   '/Users/vanessamelendez/Documents/Codex/2026-08-09/nessie-portfolio/node_modules/own-keys': '/Users/vanessamelendez/Documents/Codex/2026-08-09/nessie-portfolio/node_modules/.own-keys-IiDpnqZr',
292 silly reify   '/Users/vanessamelendez/Documents/Codex/2026-08-09/nessie-portfolio/node_modules/pako': '/Users/vanessamelendez/Documents/Codex/2026-08-09/nessie-portfolio/node_modules/.pako-d8i3tFmK',
292 silly reify   '/Users/vanessamelendez/Documents/Codex/2026-08-09/nessie-portfolio/node_modules/parse-css-color': '/Users/vanessamelendez/Documents/Codex/2026-08-09/nessie-portfolio/node_modules/.parse-css-color-KnySXxLu',
292 silly reify   '/Users/vanessamelendez/Documents/Codex/2026-08-09/nessie-portfolio/node_modules/path-parse': '/Users/vanessamelendez/Documents/Codex/2026-08-09/nessie-portfolio/node_modules/.path-parse-TziKZoUr',
292 silly reify   '/Users/vanessamelendez/Documents/Codex/2026-08-09/nessie-portfolio/node_modules/path-to-regexp': '/Users/vanessamelendez/Documents/Codex/2026-08-09/nessie-portfolio/node_modules/.path-to-regexp-Ltz5r7oM',
292 silly reify   '/Users/vanessamelendez/Documents/Codex/2026-08-09/nessie-portfolio/node_modules/pathe': '/Users/vanessamelendez/Documents/Codex/2026-08-09/nessie-portfolio/node_modules/.pathe-2SZ4vKHC',
292 silly reify   '/Users/vanessamelendez/Documents/Codex/2026-08-09/nessie-portfolio/node_modules/possible-typed-array-names': '/Users/vanessamelendez/Documents/Codex/2026-08-09/nessie-portfolio/node_modules/.possible-typed-array-names-T7clf1Nx',
292 silly reify   '/Users/vanessamelendez/Documents/Codex/2026-08-09/nessie-portfolio/node_modules/postcss': '/Users/vanessamelendez/Documents/Codex/2026-08-09/nessie-portfolio/node_modules/.postcss-TojWqxrr',
292 silly reify   '/Users/vanessamelendez/Documents/Codex/2026-08-09/nessie-portfolio/node_modules/prop-types': '/Users/vanessamelendez/Documents/Codex/2026-08-09/nessie-portfolio/node_modules/.prop-types-0nHW7ws0',
292 silly reify   '/Users/vanessamelendez/Documents/Codex/2026-08-09/nessie-portfolio/node_modules/react': '/Users/vanessamelendez/Documents/Codex/2026-08-09/nessie-portfolio/node_modules/.react-yy8RsTE1',
292 silly reify   '/Users/vanessamelendez/Documents/Codex/2026-08-09/nessie-portfolio/node_modules/react-dom': '/Users/vanessamelendez/Documents/Codex/2026-08-09/nessie-portfolio/node_modules/.react-dom-n9xjVT42',
292 silly reify   '/Users/vanessamelendez/Documents/Codex/2026-08-09/nessie-portfolio/node_modules/react-is': '/Users/vanessamelendez/Documents/Codex/2026-08-09/nessie-portfolio/node_modules/.react-is-7ZtIKT1I',
292 silly reify   '/Users/vanessamelendez/Documents/Codex/2026-08-09/nessie-portfolio/node_modules/react-server-dom-webpack': '/Users/vanessamelendez/Documents/Codex/2026-08-09/nessie-portfolio/node_modules/.react-server-dom-webpack-7LrRI3aJ',
292 silly reify   '/Users/vanessamelendez/Documents/Codex/2026-08-09/nessie-portfolio/node_modules/reflect.getprototypeof': '/Users/vanessamelendez/Documents/Codex/2026-08-09/nessie-portfolio/node_modules/.reflect.getprototypeof-qiqh3Tih',
292 silly reify   '/Users/vanessamelendez/Documents/Codex/2026-08-09/nessie-portfolio/node_modules/regexp.prototype.flags': '/Users/vanessamelendez/Documents/Codex/2026-08-09/nessie-portfolio/node_modules/.regexp.prototype.flags-0ftnC02f',
292 silly reify   '/Users/vanessamelendez/Documents/Codex/2026-08-09/nessie-portfolio/node_modules/resolve': '/Users/vanessamelendez/Documents/Codex/2026-08-09/nessie-portfolio/node_modules/.resolve-GMdC3XzR',
292 silly reify   '/Users/vanessamelendez/Documents/Codex/2026-08-09/nessie-portfolio/node_modules/resolve-pkg-maps': '/Users/vanessamelendez/Documents/Codex/2026-08-09/nessie-portfolio/node_modules/.resolve-pkg-maps-6ZGBHKwz',
292 silly reify   '/Users/vanessamelendez/Documents/Codex/2026-08-09/nessie-portfolio/node_modules/rolldown': '/Users/vanessamelendez/Documents/Codex/2026-08-09/nessie-portfolio/node_modules/.rolldown-FPCv2jRW',
292 silly reify   '/Users/vanessamelendez/Documents/Codex/2026-08-09/nessie-portfolio/node_modules/safe-array-concat': '/Users/vanessamelendez/Documents/Codex/2026-08-09/nessie-portfolio/node_modules/.safe-array-concat-10udqwEo',
292 silly reify   '/Users/vanessamelendez/Documents/Codex/2026-08-09/nessie-portfolio/node_modules/safe-push-apply': '/Users/vanessamelendez/Documents/Codex/2026-08-09/nessie-portfolio/node_modules/.safe-push-apply-MCY9APjF',
292 silly reify   '/Users/vanessamelendez/Documents/Codex/2026-08-09/nessie-portfolio/node_modules/safe-regex-test': '/Users/vanessamelendez/Documents/Codex/2026-08-09/nessie-portfolio/node_modules/.safe-regex-test-No4YX19k',
292 silly reify   '/Users/vanessamelendez/Documents/Codex/2026-08-09/nessie-portfolio/node_modules/satori': '/Users/vanessamelendez/Documents/Codex/2026-08-09/nessie-portfolio/node_modules/.satori-jdyNBVbD',
292 silly reify   '/Users/vanessamelendez/Documents/Codex/2026-08-09/nessie-portfolio/node_modules/set-function-length': '/Users/vanessamelendez/Documents/Codex/2026-08-09/nessie-portfolio/node_modules/.set-function-length-eICS3qDA',
292 silly reify   '/Users/vanessamelendez/Documents/Codex/2026-08-09/nessie-portfolio/node_modules/set-function-name': '/Users/vanessamelendez/Documents/Codex/2026-08-09/nessie-portfolio/node_modules/.set-function-name-OnjBcrtN',
292 silly reify   '/Users/vanessamelendez/Documents/Codex/2026-08-09/nessie-portfolio/node_modules/set-proto': '/Users/vanessamelendez/Documents/Codex/2026-08-09/nessie-portfolio/node_modules/.set-proto-faTQNcZS',
292 silly reify   '/Users/vanessamelendez/Documents/Codex/2026-08-09/nessie-portfolio/node_modules/sharp': '/Users/vanessamelendez/Documents/Codex/2026-08-09/nessie-portfolio/node_modules/.sharp-JxkXh1rz',
292 silly reify   '/Users/vanessamelendez/Documents/Codex/2026-08-09/nessie-portfolio/node_modules/side-channel': '/Users/vanessamelendez/Documents/Codex/2026-08-09/nessie-portfolio/node_modules/.side-channel-WyWvZELX',
292 silly reify   '/Users/vanessamelendez/Documents/Codex/2026-08-09/nessie-portfolio/node_modules/side-channel-list': '/Users/vanessamelendez/Documents/Codex/2026-08-09/nessie-portfolio/node_modules/.side-channel-list-sP7FrmTn',
292 silly reify   '/Users/vanessamelendez/Documents/Codex/2026-08-09/nessie-portfolio/node_modules/side-channel-map': '/Users/vanessamelendez/Documents/Codex/2026-08-09/nessie-portfolio/node_modules/.side-channel-map-GgWgjkEy',
292 silly reify   '/Users/vanessamelendez/Documents/Codex/2026-08-09/nessie-portfolio/node_modules/side-channel-weakmap': '/Users/vanessamelendez/Documents/Codex/2026-08-09/nessie-portfolio/node_modules/.side-channel-weakmap-UDktKcqO',
292 silly reify   '/Users/vanessamelendez/Documents/Codex/2026-08-09/nessie-portfolio/node_modules/srvx': '/Users/vanessamelendez/Documents/Codex/2026-08-09/nessie-portfolio/node_modules/.srvx-lYRYNQo7',
292 silly reify   '/Users/vanessamelendez/Documents/Codex/2026-08-09/nessie-portfolio/node_modules/stop-iteration-iterator': '/Users/vanessamelendez/Documents/Codex/2026-08-09/nessie-portfolio/node_modules/.stop-iteration-iterator-t1g84zxz',
292 silly reify   '/Users/vanessamelendez/Documents/Codex/2026-08-09/nessie-portfolio/node_modules/string.prototype.codepointat': '/Users/vanessamelendez/Documents/Codex/2026-08-09/nessie-portfolio/node_modules/.string.prototype.codepointat-OGaRWtIm',
292 silly reify   '/Users/vanessamelendez/Documents/Codex/2026-08-09/nessie-portfolio/node_modules/string.prototype.includes': '/Users/vanessamelendez/Documents/Codex/2026-08-09/nessie-portfolio/node_modules/.string.prototype.includes-aFzIqQNC',
292 silly reify   '/Users/vanessamelendez/Documents/Codex/2026-08-09/nessie-portfolio/node_modules/string.prototype.matchall': '/Users/vanessamelendez/Documents/Codex/2026-08-09/nessie-portfolio/node_modules/.string.prototype.matchall-VlVYL8Dq',
292 silly reify   '/Users/vanessamelendez/Documents/Codex/2026-08-09/nessie-portfolio/node_modules/string.prototype.repeat': '/Users/vanessamelendez/Documents/Codex/2026-08-09/nessie-portfolio/node_modules/.string.prototype.repeat-bZ3beJVj',
292 silly reify   '/Users/vanessamelendez/Documents/Codex/2026-08-09/nessie-portfolio/node_modules/string.prototype.trim': '/Users/vanessamelendez/Documents/Codex/2026-08-09/nessie-portfolio/node_modules/.string.prototype.trim-D2CdaspV',
292 silly reify   '/Users/vanessamelendez/Documents/Codex/2026-08-09/nessie-portfolio/node_modules/string.prototype.trimend': '/Users/vanessamelendez/Documents/Codex/2026-08-09/nessie-portfolio/node_modules/.string.prototype.trimend-yrFsKYna',
292 silly reify   '/Users/vanessamelendez/Documents/Codex/2026-08-09/nessie-portfolio/node_modules/string.prototype.trimstart': '/Users/vanessamelendez/Documents/Codex/2026-08-09/nessie-portfolio/node_modules/.string.prototype.trimstart-QLVwD24H',
292 silly reify   '/Users/vanessamelendez/Documents/Codex/2026-08-09/nessie-portfolio/node_modules/strip-literal': '/Users/vanessamelendez/Documents/Codex/2026-08-09/nessie-portfolio/node_modules/.strip-literal-QGc2ctrK',
292 silly reify   '/Users/vanessamelendez/Documents/Codex/2026-08-09/nessie-portfolio/node_modules/supports-preserve-symlinks-flag': '/Users/vanessamelendez/Documents/Codex/2026-08-09/nessie-portfolio/node_modules/.supports-preserve-symlinks-flag-ytkXA8mO',
292 silly reify   '/Users/vanessamelendez/Documents/Codex/2026-08-09/nessie-portfolio/node_modules/tailwindcss': '/Users/vanessamelendez/Documents/Codex/2026-08-09/nessie-portfolio/node_modules/.tailwindcss-3nbaqsx7',
292 silly reify   '/Users/vanessamelendez/Documents/Codex/2026-08-09/nessie-portfolio/node_modules/terser': '/Users/vanessamelendez/Documents/Codex/2026-08-09/nessie-portfolio/node_modules/.terser-p6RLfK04',
292 silly reify   '/Users/vanessamelendez/Documents/Codex/2026-08-09/nessie-portfolio/node_modules/terser-webpack-plugin': '/Users/vanessamelendez/Documents/Codex/2026-08-09/nessie-portfolio/node_modules/.terser-webpack-plugin-6DZOFRxY',
292 silly reify   '/Users/vanessamelendez/Documents/Codex/2026-08-09/nessie-portfolio/node_modules/tiny-inflate': '/Users/vanessamelendez/Documents/Codex/2026-08-09/nessie-portfolio/node_modules/.tiny-inflate-7Bq7Mgh1',
292 silly reify   '/Users/vanessamelendez/Documents/Codex/2026-08-09/nessie-portfolio/node_modules/tinyglobby': '/Users/vanessamelendez/Documents/Codex/2026-08-09/nessie-portfolio/node_modules/.tinyglobby-3JvqY0zo',
292 silly reify   '/Users/vanessamelendez/Documents/Codex/2026-08-09/nessie-portfolio/node_modules/tsx': '/Users/vanessamelendez/Documents/Codex/2026-08-09/nessie-portfolio/node_modules/.tsx-IZQNgOwk',
292 silly reify   '/Users/vanessamelendez/Documents/Codex/2026-08-09/nessie-portfolio/node_modules/turbo-stream': '/Users/vanessamelendez/Documents/Codex/2026-08-09/nessie-portfolio/node_modules/.turbo-stream-mpHUAwJ1',
292 silly reify   '/Users/vanessamelendez/Documents/Codex/2026-08-09/nessie-portfolio/node_modules/typed-array-buffer': '/Users/vanessamelendez/Documents/Codex/2026-08-09/nessie-portfolio/node_modules/.typed-array-buffer-gtd71quK',
292 silly reify   '/Users/vanessamelendez/Documents/Codex/2026-08-09/nessie-portfolio/node_modules/typed-array-byte-length': '/Users/vanessamelendez/Documents/Codex/2026-08-09/nessie-portfolio/node_modules/.typed-array-byte-length-tamWfOo7',
292 silly reify   '/Users/vanessamelendez/Documents/Codex/2026-08-09/nessie-portfolio/node_modules/typed-array-byte-offset': '/Users/vanessamelendez/Documents/Codex/2026-08-09/nessie-portfolio/node_modules/.typed-array-byte-offset-J7WDRvZw',
292 silly reify   '/Users/vanessamelendez/Documents/Codex/2026-08-09/nessie-portfolio/node_modules/typed-array-length': '/Users/vanessamelendez/Documents/Codex/2026-08-09/nessie-portfolio/node_modules/.typed-array-length-DEe0ICAH',
292 silly reify   '/Users/vanessamelendez/Documents/Codex/2026-08-09/nessie-portfolio/node_modules/typescript-eslint': '/Users/vanessamelendez/Documents/Codex/2026-08-09/nessie-portfolio/node_modules/.typescript-eslint-SYAU5m20',
292 silly reify   '/Users/vanessamelendez/Documents/Codex/2026-08-09/nessie-portfolio/node_modules/unbox-primitive': '/Users/vanessamelendez/Documents/Codex/2026-08-09/nessie-portfolio/node_modules/.unbox-primitive-ybprC0qi',
292 silly reify   '/Users/vanessamelendez/Documents/Codex/2026-08-09/nessie-portfolio/node_modules/undici': '/Users/vanessamelendez/Documents/Codex/2026-08-09/nessie-portfolio/node_modules/.undici-2eb4uCfF',
292 silly reify   '/Users/vanessamelendez/Documents/Codex/2026-08-09/nessie-portfolio/node_modules/undici-types': '/Users/vanessamelendez/Documents/Codex/2026-08-09/nessie-portfolio/node_modules/.undici-types-zESR7Idq',
292 silly reify   '/Users/vanessamelendez/Documents/Codex/2026-08-09/nessie-portfolio/node_modules/unenv': '/Users/vanessamelendez/Documents/Codex/2026-08-09/nessie-portfolio/node_modules/.unenv-9NtKHrQR',
292 silly reify   '/Users/vanessamelendez/Documents/Codex/2026-08-09/nessie-portfolio/node_modules/unicode-trie': '/Users/vanessamelendez/Documents/Codex/2026-08-09/nessie-portfolio/node_modules/.unicode-trie-7Wn8xHMY',
292 silly reify   '/Users/vanessamelendez/Documents/Codex/2026-08-09/nessie-portfolio/node_modules/unpic': '/Users/vanessamelendez/Documents/Codex/2026-08-09/nessie-portfolio/node_modules/.unpic-Q6ew1QKV',
292 silly reify   '/Users/vanessamelendez/Documents/Codex/2026-08-09/nessie-portfolio/node_modules/vinext': '/Users/vanessamelendez/Documents/Codex/2026-08-09/nessie-portfolio/node_modules/.vinext-xeZ1USF5',
292 silly reify   '/Users/vanessamelendez/Documents/Codex/2026-08-09/nessie-portfolio/node_modules/vite': '/Users/vanessamelendez/Documents/Codex/2026-08-09/nessie-portfolio/node_modules/.vite-QI40XkFe',
292 silly reify   '/Users/vanessamelendez/Documents/Codex/2026-08-09/nessie-portfolio/node_modules/vite-plugin-commonjs': '/Users/vanessamelendez/Documents/Codex/2026-08-09/nessie-portfolio/node_modules/.vite-plugin-commonjs-Qqa1k6p7',
292 silly reify   '/Users/vanessamelendez/Documents/Codex/2026-08-09/nessie-portfolio/node_modules/vite-plugin-dynamic-import': '/Users/vanessamelendez/Documents/Codex/2026-08-09/nessie-portfolio/node_modules/.vite-plugin-dynamic-import-WeBB18Il',
292 silly reify   '/Users/vanessamelendez/Documents/Codex/2026-08-09/nessie-portfolio/node_modules/vitefu': '/Users/vanessamelendez/Documents/Codex/2026-08-09/nessie-portfolio/node_modules/.vitefu-drrkqR5c',
292 silly reify   '/Users/vanessamelendez/Documents/Codex/2026-08-09/nessie-portfolio/node_modules/web-vitals': '/Users/vanessamelendez/Documents/Codex/2026-08-09/nessie-portfolio/node_modules/.web-vitals-QCiXOAYE',
292 silly reify   '/Users/vanessamelendez/Documents/Codex/2026-08-09/nessie-portfolio/node_modules/webpack': '/Users/vanessamelendez/Documents/Codex/2026-08-09/nessie-portfolio/node_modules/.webpack-wXrEDnDF',
292 silly reify   '/Users/vanessamelendez/Documents/Codex/2026-08-09/nessie-portfolio/node_modules/which-boxed-primitive': '/Users/vanessamelendez/Documents/Codex/2026-08-09/nessie-portfolio/node_modules/.which-boxed-primitive-flatHUH4',
292 silly reify   '/Users/vanessamelendez/Documents/Codex/2026-08-09/nessie-portfolio/node_modules/which-builtin-type': '/Users/vanessamelendez/Documents/Codex/2026-08-09/nessie-portfolio/node_modules/.which-builtin-type-CQ5Apvnk',
292 silly reify   '/Users/vanessamelendez/Documents/Codex/2026-08-09/nessie-portfolio/node_modules/which-typed-array': '/Users/vanessamelendez/Documents/Codex/2026-08-09/nessie-portfolio/node_modules/.which-typed-array-DpYpkTQ1',
292 silly reify   '/Users/vanessamelendez/Documents/Codex/2026-08-09/nessie-portfolio/node_modules/which-collection': '/Users/vanessamelendez/Documents/Codex/2026-08-09/nessie-portfolio/node_modules/.which-collection-8xlW19Qo',
292 silly reify   '/Users/vanessamelendez/Documents/Codex/2026-08-09/nessie-portfolio/node_modules/workerd': '/Users/vanessamelendez/Documents/Codex/2026-08-09/nessie-portfolio/node_modules/.workerd-5umu6Piv',
292 silly reify   '/Users/vanessamelendez/Documents/Codex/2026-08-09/nessie-portfolio/node_modules/wrangler': '/Users/vanessamelendez/Documents/Codex/2026-08-09/nessie-portfolio/node_modules/.wrangler-rPYuPmhi',
292 silly reify   '/Users/vanessamelendez/Documents/Codex/2026-08-09/nessie-portfolio/node_modules/ws': '/Users/vanessamelendez/Documents/Codex/2026-08-09/nessie-portfolio/node_modules/.ws-uEr0p34F',
292 silly reify   '/Users/vanessamelendez/Documents/Codex/2026-08-09/nessie-portfolio/node_modules/yallist': '/Users/vanessamelendez/Documents/Codex/2026-08-09/nessie-portfolio/node_modules/.yallist-vEoqMemO',
292 silly reify   '/Users/vanessamelendez/Documents/Codex/2026-08-09/nessie-portfolio/node_modules/youch': '/Users/vanessamelendez/Documents/Codex/2026-08-09/nessie-portfolio/node_modules/.youch-hg58H072',
292 silly reify   '/Users/vanessamelendez/Documents/Codex/2026-08-09/nessie-portfolio/node_modules/yoga-layout': '/Users/vanessamelendez/Documents/Codex/2026-08-09/nessie-portfolio/node_modules/.yoga-layout-q4Go5hKR',
292 silly reify   '/Users/vanessamelendez/Documents/Codex/2026-08-09/nessie-portfolio/node_modules/youch-core': '/Users/vanessamelendez/Documents/Codex/2026-08-09/nessie-portfolio/node_modules/.youch-core-wiomKikJ',
292 silly reify   '/Users/vanessamelendez/Documents/Codex/2026-08-09/nessie-portfolio/node_modules/zod-validation-error': '/Users/vanessamelendez/Documents/Codex/2026-08-09/nessie-portfolio/node_modules/.zod-validation-error-B4PwV6vy',
292 silly reify   '/Users/vanessamelendez/Documents/Codex/2026-08-09/nessie-portfolio/node_modules/zod': '/Users/vanessamelendez/Documents/Codex/2026-08-09/nessie-portfolio/node_modules/.zod-g1jvrMAQ',
292 silly reify   '/Users/vanessamelendez/Documents/Codex/2026-08-09/nessie-portfolio/node_modules/@alloc/quick-lru': '/Users/vanessamelendez/Documents/Codex/2026-08-09/nessie-portfolio/node_modules/@alloc/.quick-lru-5ZOt6RHQ',
292 silly reify   '/Users/vanessamelendez/Documents/Codex/2026-08-09/nessie-portfolio/node_modules/@babel/code-frame': '/Users/vanessamelendez/Documents/Codex/2026-08-09/nessie-portfolio/node_modules/@babel/.code-frame-ufptQ4br',
292 silly reify   '/Users/vanessamelendez/Documents/Codex/2026-08-09/nessie-portfolio/node_modules/@babel/generator': '/Users/vanessamelendez/Documents/Codex/2026-08-09/nessie-portfolio/node_modules/@babel/.generator-fnXrzJs3',
292 silly reify   '/Users/vanessamelendez/Documents/Codex/2026-08-09/nessie-portfolio/node_modules/@babel/helper-compilation-targets': '/Users/vanessamelendez/Documents/Codex/2026-08-09/nessie-portfolio/node_modules/@babel/.helper-compilation-targets-Q6wDLe6Q',
292 silly reify   '/Users/vanessamelendez/Documents/Codex/2026-08-09/nessie-portfolio/node_modules/@babel/core': '/Users/vanessamelendez/Documents/Codex/2026-08-09/nessie-portfolio/node_modules/@babel/.core-RfSW7zkj',
292 silly reify   '/Users/vanessamelendez/Documents/Codex/2026-08-09/nessie-portfolio/node_modules/@babel/helper-globals': '/Users/vanessamelendez/Documents/Codex/2026-08-09/nessie-portfolio/node_modules/@babel/.helper-globals-qhBhBtmw',
292 silly reify   '/Users/vanessamelendez/Documents/Codex/2026-08-09/nessie-portfolio/node_modules/@babel/compat-data': '/Users/vanessamelendez/Documents/Codex/2026-08-09/nessie-portfolio/node_modules/@babel/.compat-data-EQXmWA85',
292 silly reify   '/Users/vanessamelendez/Documents/Codex/2026-08-09/nessie-portfolio/node_modules/@babel/helper-module-transforms': '/Users/vanessamelendez/Documents/Codex/2026-08-09/nessie-portfolio/node_modules/@babel/.helper-module-transforms-KbquuTMn',
292 silly reify   '/Users/vanessamelendez/Documents/Codex/2026-08-09/nessie-portfolio/node_modules/@babel/helper-module-imports': '/Users/vanessamelendez/Documents/Codex/2026-08-09/nessie-portfolio/node_modules/@babel/.helper-module-imports-1EgydppI',
292 silly reify   '/Users/vanessamelendez/Documents/Codex/2026-08-09/nessie-portfolio/node_modules/@babel/helper-validator-option': '/Users/vanessamelendez/Documents/Codex/2026-08-09/nessie-portfolio/node_modules/@babel/.helper-validator-option-5ZqPZiIr',
292 silly reify   '/Users/vanessamelendez/Documents/Codex/2026-08-09/nessie-portfolio/node_modules/@babel/helpers': '/Users/vanessamelendez/Documents/Codex/2026-08-09/nessie-portfolio/node_modules/@babel/.helpers-U0qPiIih',
292 silly reify   '/Users/vanessamelendez/Documents/Codex/2026-08-09/nessie-portfolio/node_modules/@babel/parser': '/Users/vanessamelendez/Documents/Codex/2026-08-09/nessie-portfolio/node_modules/@babel/.parser-Tx5v8OFQ',
292 silly reify   '/Users/vanessamelendez/Documents/Codex/2026-08-09/nessie-portfolio/node_modules/@babel/template': '/Users/vanessamelendez/Documents/Codex/2026-08-09/nessie-portfolio/node_modules/@babel/.template-1rIM3VYQ',
292 silly reify   '/Users/vanessamelendez/Documents/Codex/2026-08-09/nessie-portfolio/node_modules/@babel/types': '/Users/vanessamelendez/Documents/Codex/2026-08-09/nessie-portfolio/node_modules/@babel/.types-nDDff0lq',
292 silly reify   '/Users/vanessamelendez/Documents/Codex/2026-08-09/nessie-portfolio/node_modules/@cloudflare/kv-asset-handler': '/Users/vanessamelendez/Documents/Codex/2026-08-09/nessie-portfolio/node_modules/@cloudflare/.kv-asset-handler-su1ujPtP',
292 silly reify   '/Users/vanessamelendez/Documents/Codex/2026-08-09/nessie-portfolio/node_modules/@babel/traverse': '/Users/vanessamelendez/Documents/Codex/2026-08-09/nessie-portfolio/node_modules/@babel/.traverse-lZvkRZLx',
292 silly reify   '/Users/vanessamelendez/Documents/Codex/2026-08-09/nessie-portfolio/node_modules/@cloudflare/unenv-preset': '/Users/vanessamelendez/Documents/Codex/2026-08-09/nessie-portfolio/node_modules/@cloudflare/.unenv-preset-NLvtyPIR',
292 silly reify   '/Users/vanessamelendez/Documents/Codex/2026-08-09/nessie-portfolio/node_modules/@cloudflare/workerd-darwin-arm64': '/Users/vanessamelendez/Documents/Codex/2026-08-09/nessie-portfolio/node_modules/@cloudflare/.workerd-darwin-arm64-BC4GodA9',
292 silly reify   '/Users/vanessamelendez/Documents/Codex/2026-08-09/nessie-portfolio/node_modules/@cspotcode/source-map-support': '/Users/vanessamelendez/Documents/Codex/2026-08-09/nessie-portfolio/node_modules/@cspotcode/.source-map-support-xrH0wopz',
292 silly reify   '/Users/vanessamelendez/Documents/Codex/2026-08-09/nessie-portfolio/node_modules/@drizzle-team/brocli': '/Users/vanessamelendez/Documents/Codex/2026-08-09/nessie-portfolio/node_modules/@drizzle-team/.brocli-7PEylCRu',
292 silly reify   '/Users/vanessamelendez/Documents/Codex/2026-08-09/nessie-portfolio/node_modules/@cloudflare/vite-plugin': '/Users/vanessamelendez/Documents/Codex/2026-08-09/nessie-portfolio/node_modules/@cloudflare/.vite-plugin-J9uCkMce',
292 silly reify   '/Users/vanessamelendez/Documents/Codex/2026-08-09/nessie-portfolio/node_modules/@emnapi/runtime': '/Users/vanessamelendez/Documents/Codex/2026-08-09/nessie-portfolio/node_modules/@emnapi/.runtime-xyZkofdB',
292 silly reify   '/Users/vanessamelendez/Documents/Codex/2026-08-09/nessie-portfolio/node_modules/@esbuild/darwin-arm64': '/Users/vanessamelendez/Documents/Codex/2026-08-09/nessie-portfolio/node_modules/@esbuild/.darwin-arm64-7rwTg8Bs',
292 silly reify   '/Users/vanessamelendez/Documents/Codex/2026-08-09/nessie-portfolio/node_modules/@esbuild-kit/core-utils': '/Users/vanessamelendez/Documents/Codex/2026-08-09/nessie-portfolio/node_modules/@esbuild-kit/.core-utils-jxvukyOv',
292 silly reify   '/Users/vanessamelendez/Documents/Codex/2026-08-09/nessie-portfolio/node_modules/@esbuild-kit/esm-loader': '/Users/vanessamelendez/Documents/Codex/2026-08-09/nessie-portfolio/node_modules/@esbuild-kit/.esm-loader-NklblWvU',
292 silly reify   '/Users/vanessamelendez/Documents/Codex/2026-08-09/nessie-portfolio/node_modules/@eslint/config-array': '/Users/vanessamelendez/Documents/Codex/2026-08-09/nessie-portfolio/node_modules/@eslint/.config-array-VfhDUQvz',
292 silly reify   '/Users/vanessamelendez/Documents/Codex/2026-08-09/nessie-portfolio/node_modules/@eslint/config-helpers': '/Users/vanessamelendez/Documents/Codex/2026-08-09/nessie-portfolio/node_modules/@eslint/.config-helpers-FjtLw4sl',
292 silly reify   '/Users/vanessamelendez/Documents/Codex/2026-08-09/nessie-portfolio/node_modules/@eslint/core': '/Users/vanessamelendez/Documents/Codex/2026-08-09/nessie-portfolio/node_modules/@eslint/.core-qbHHuIGF',
292 silly reify   '/Users/vanessamelendez/Documents/Codex/2026-08-09/nessie-portfolio/node_modules/@eslint/js': '/Users/vanessamelendez/Documents/Codex/2026-08-09/nessie-portfolio/node_modules/@eslint/.js-9K0dngMb',
292 silly reify   '/Users/vanessamelendez/Documents/Codex/2026-08-09/nessie-portfolio/node_modules/@eslint/plugin-kit': '/Users/vanessamelendez/Documents/Codex/2026-08-09/nessie-portfolio/node_modules/@eslint/.plugin-kit-jEFP4XyH',
292 silly reify   '/Users/vanessamelendez/Documents/Codex/2026-08-09/nessie-portfolio/node_modules/@img/sharp-darwin-arm64': '/Users/vanessamelendez/Documents/Codex/2026-08-09/nessie-portfolio/node_modules/@img/.sharp-darwin-arm64-bxhOUBhU',
292 silly reify   '/Users/vanessamelendez/Documents/Codex/2026-08-09/nessie-portfolio/node_modules/@img/sharp-libvips-darwin-arm64': '/Users/vanessamelendez/Documents/Codex/2026-08-09/nessie-portfolio/node_modules/@img/.sharp-libvips-darwin-arm64-Tgpu0Vum',
292 silly reify   '/Users/vanessamelendez/Documents/Codex/2026-08-09/nessie-portfolio/node_modules/@img/colour': '/Users/vanessamelendez/Documents/Codex/2026-08-09/nessie-portfolio/node_modules/@img/.colour-coGN507w',
292 silly reify   '/Users/vanessamelendez/Documents/Codex/2026-08-09/nessie-portfolio/node_modules/@jridgewell/remapping': '/Users/vanessamelendez/Documents/Codex/2026-08-09/nessie-portfolio/node_modules/@jridgewell/.remapping-MZrdeQwx',
292 silly reify   '/Users/vanessamelendez/Documents/Codex/2026-08-09/nessie-portfolio/node_modules/@next/eslint-plugin-next': '/Users/vanessamelendez/Documents/Codex/2026-08-09/nessie-portfolio/node_modules/@next/.eslint-plugin-next-Pvmiq6Z5',
292 silly reify   '/Users/vanessamelendez/Documents/Codex/2026-08-09/nessie-portfolio/node_modules/@oxc-project/types': '/Users/vanessamelendez/Documents/Codex/2026-08-09/nessie-portfolio/node_modules/@oxc-project/.types-KYxdCdzN',
292 silly reify   '/Users/vanessamelendez/Documents/Codex/2026-08-09/nessie-portfolio/node_modules/@poppinss/colors': '/Users/vanessamelendez/Documents/Codex/2026-08-09/nessie-portfolio/node_modules/@poppinss/.colors-AcYIG1mO',
292 silly reify   '/Users/vanessamelendez/Documents/Codex/2026-08-09/nessie-portfolio/node_modules/@poppinss/dumper': '/Users/vanessamelendez/Documents/Codex/2026-08-09/nessie-portfolio/node_modules/@poppinss/.dumper-lIeWfoLs',
292 silly reify   '/Users/vanessamelendez/Documents/Codex/2026-08-09/nessie-portfolio/node_modules/@poppinss/exception': '/Users/vanessamelendez/Documents/Codex/2026-08-09/nessie-portfolio/node_modules/@poppinss/.exception-VqeAntK9',
292 silly reify   '/Users/vanessamelendez/Documents/Codex/2026-08-09/nessie-portfolio/node_modules/@resvg/resvg-wasm': '/Users/vanessamelendez/Documents/Codex/2026-08-09/nessie-portfolio/node_modules/@resvg/.resvg-wasm-jwL1MX79',
292 silly reify   '/Users/vanessamelendez/Documents/Codex/2026-08-09/nessie-portfolio/node_modules/@rolldown/binding-darwin-arm64': '/Users/vanessamelendez/Documents/Codex/2026-08-09/nessie-portfolio/node_modules/@rolldown/.binding-darwin-arm64-iQcQ83mT',
292 silly reify   '/Users/vanessamelendez/Documents/Codex/2026-08-09/nessie-portfolio/node_modules/@rolldown/pluginutils': '/Users/vanessamelendez/Documents/Codex/2026-08-09/nessie-portfolio/node_modules/@rolldown/.pluginutils-OXiuk2sD',
292 silly reify   '/Users/vanessamelendez/Documents/Codex/2026-08-09/nessie-portfolio/node_modules/@sindresorhus/is': '/Users/vanessamelendez/Documents/Codex/2026-08-09/nessie-portfolio/node_modules/@sindresorhus/.is-lwPIgH6h',
292 silly reify   '/Users/vanessamelendez/Documents/Codex/2026-08-09/nessie-portfolio/node_modules/@shuding/opentype.js': '/Users/vanessamelendez/Documents/Codex/2026-08-09/nessie-portfolio/node_modules/@shuding/.opentype.js-CdjNSh2M',
292 silly reify   '/Users/vanessamelendez/Documents/Codex/2026-08-09/nessie-portfolio/node_modules/@tailwindcss/node': '/Users/vanessamelendez/Documents/Codex/2026-08-09/nessie-portfolio/node_modules/@tailwindcss/.node-ZtCARsVA',
292 silly reify   '/Users/vanessamelendez/Documents/Codex/2026-08-09/nessie-portfolio/node_modules/@tailwindcss/oxide-darwin-arm64': '/Users/vanessamelendez/Documents/Codex/2026-08-09/nessie-portfolio/node_modules/@tailwindcss/.oxide-darwin-arm64-TxPB3lkj',
292 silly reify   '/Users/vanessamelendez/Documents/Codex/2026-08-09/nessie-portfolio/node_modules/@tailwindcss/oxide': '/Users/vanessamelendez/Documents/Codex/2026-08-09/nessie-portfolio/node_modules/@tailwindcss/.oxide-ibPf5ZEY',
292 silly reify   '/Users/vanessamelendez/Documents/Codex/2026-08-09/nessie-portfolio/node_modules/@speed-highlight/core': '/Users/vanessamelendez/Documents/Codex/2026-08-09/nessie-portfolio/node_modules/@speed-highlight/.core-MJ46vgRJ',
292 silly reify   '/Users/vanessamelendez/Documents/Codex/2026-08-09/nessie-portfolio/node_modules/@tailwindcss/postcss': '/Users/vanessamelendez/Documents/Codex/2026-08-09/nessie-portfolio/node_modules/@tailwindcss/.postcss-0VS3MUFm',
292 silly reify   '/Users/vanessamelendez/Documents/Codex/2026-08-09/nessie-portfolio/node_modules/@types/react': '/Users/vanessamelendez/Documents/Codex/2026-08-09/nessie-portfolio/node_modules/@types/.react-f4Sc95QJ',
292 silly reify   '/Users/vanessamelendez/Documents/Codex/2026-08-09/nessie-portfolio/node_modules/@types/node': '/Users/vanessamelendez/Documents/Codex/2026-08-09/nessie-portfolio/node_modules/@types/.node-y8lK9ui4',
292 silly reify   '/Users/vanessamelendez/Documents/Codex/2026-08-09/nessie-portfolio/node_modules/@types/react-dom': '/Users/vanessamelendez/Documents/Codex/2026-08-09/nessie-portfolio/node_modules/@types/.react-dom-nsUXLKLn',
292 silly reify   '/Users/vanessamelendez/Documents/Codex/2026-08-09/nessie-portfolio/node_modules/@typescript-eslint/eslint-plugin': '/Users/vanessamelendez/Documents/Codex/2026-08-09/nessie-portfolio/node_modules/@typescript-eslint/.eslint-plugin-ZQcsisn9',
292 silly reify   '/Users/vanessamelendez/Documents/Codex/2026-08-09/nessie-portfolio/node_modules/@typescript-eslint/parser': '/Users/vanessamelendez/Documents/Codex/2026-08-09/nessie-portfolio/node_modules/@typescript-eslint/.parser-WIJBVeAO',
292 silly reify   '/Users/vanessamelendez/Documents/Codex/2026-08-09/nessie-portfolio/node_modules/@typescript-eslint/project-service': '/Users/vanessamelendez/Documents/Codex/2026-08-09/nessie-portfolio/node_modules/@typescript-eslint/.project-service-PMfh9sx1',
292 silly reify   '/Users/vanessamelendez/Documents/Codex/2026-08-09/nessie-portfolio/node_modules/@typescript-eslint/scope-manager': '/Users/vanessamelendez/Documents/Codex/2026-08-09/nessie-portfolio/node_modules/@typescript-eslint/.scope-manager-jt8Y1zYI',
292 silly reify   '/Users/vanessamelendez/Documents/Codex/2026-08-09/nessie-portfolio/node_modules/@typescript-eslint/tsconfig-utils': '/Users/vanessamelendez/Documents/Codex/2026-08-09/nessie-portfolio/node_modules/@typescript-eslint/.tsconfig-utils-W6xo1Nxd',
292 silly reify   '/Users/vanessamelendez/Documents/Codex/2026-08-09/nessie-portfolio/node_modules/@typescript-eslint/type-utils': '/Users/vanessamelendez/Documents/Codex/2026-08-09/nessie-portfolio/node_modules/@typescript-eslint/.type-utils-hL0EAPFD',
292 silly reify   '/Users/vanessamelendez/Documents/Codex/2026-08-09/nessie-portfolio/node_modules/@typescript-eslint/types': '/Users/vanessamelendez/Documents/Codex/2026-08-09/nessie-portfolio/node_modules/@typescript-eslint/.types-GFXufRD9',
292 silly reify   '/Users/vanessamelendez/Documents/Codex/2026-08-09/nessie-portfolio/node_modules/@typescript-eslint/typescript-estree': '/Users/vanessamelendez/Documents/Codex/2026-08-09/nessie-portfolio/node_modules/@typescript-eslint/.typescript-estree-68rDYT2A',
292 silly reify   '/Users/vanessamelendez/Documents/Codex/2026-08-09/nessie-portfolio/node_modules/@typescript-eslint/utils': '/Users/vanessamelendez/Documents/Codex/2026-08-09/nessie-portfolio/node_modules/@typescript-eslint/.utils-ebcTMQJY',
292 silly reify   '/Users/vanessamelendez/Documents/Codex/2026-08-09/nessie-portfolio/node_modules/@typescript-eslint/visitor-keys': '/Users/vanessamelendez/Documents/Codex/2026-08-09/nessie-portfolio/node_modules/@typescript-eslint/.visitor-keys-xGEw05c1',
292 silly reify   '/Users/vanessamelendez/Documents/Codex/2026-08-09/nessie-portfolio/node_modules/@unpic/core': '/Users/vanessamelendez/Documents/Codex/2026-08-09/nessie-portfolio/node_modules/@unpic/.core-rbRA2EjQ',
292 silly reify   '/Users/vanessamelendez/Documents/Codex/2026-08-09/nessie-portfolio/node_modules/@unpic/react': '/Users/vanessamelendez/Documents/Codex/2026-08-09/nessie-portfolio/node_modules/@unpic/.react-2afBcuNL',
292 silly reify   '/Users/vanessamelendez/Documents/Codex/2026-08-09/nessie-portfolio/node_modules/@vercel/og': '/Users/vanessamelendez/Documents/Codex/2026-08-09/nessie-portfolio/node_modules/@vercel/.og-YJAeHYGp',
292 silly reify   '/Users/vanessamelendez/Documents/Codex/2026-08-09/nessie-portfolio/node_modules/@vinext/types': '/Users/vanessamelendez/Documents/Codex/2026-08-09/nessie-portfolio/node_modules/@vinext/.types-MhzJ3YjI',
292 silly reify   '/Users/vanessamelendez/Documents/Codex/2026-08-09/nessie-portfolio/node_modules/@vitejs/plugin-react': '/Users/vanessamelendez/Documents/Codex/2026-08-09/nessie-portfolio/node_modules/@vitejs/.plugin-react-BIuZZFzi',
292 silly reify   '/Users/vanessamelendez/Documents/Codex/2026-08-09/nessie-portfolio/node_modules/@vitejs/plugin-rsc': '/Users/vanessamelendez/Documents/Codex/2026-08-09/nessie-portfolio/node_modules/@vitejs/.plugin-rsc-e6djJVa7',
292 silly reify   '/Users/vanessamelendez/Documents/Codex/2026-08-09/nessie-portfolio/node_modules/acorn': '/Users/vanessamelendez/Documents/Codex/2026-08-09/nessie-portfolio/node_modules/.acorn-6Lqu4W91',
292 silly reify   '/Users/vanessamelendez/Documents/Codex/2026-08-09/nessie-portfolio/node_modules/.bin/acorn': '/Users/vanessamelendez/Documents/Codex/2026-08-09/nessie-portfolio/node_modules/.bin/.acorn-eiUsFbQK',
292 silly reify   '/Users/vanessamelendez/Documents/Codex/2026-08-09/nessie-portfolio/node_modules/browserslist': '/Users/vanessamelendez/Documents/Codex/2026-08-09/nessie-portfolio/node_modules/.browserslist-fP4LDP56',
292 silly reify   '/Users/vanessamelendez/Documents/Codex/2026-08-09/nessie-portfolio/node_modules/.bin/browserslist': '/Users/vanessamelendez/Documents/Codex/2026-08-09/nessie-portfolio/node_modules/.bin/.browserslist-xRE5W8aH',
292 silly reify   '/Users/vanessamelendez/Documents/Codex/2026-08-09/nessie-portfolio/node_modules/js-yaml': '/Users/vanessamelendez/Documents/Codex/2026-08-09/nessie-portfolio/node_modules/.js-yaml-R706oRER',
292 silly reify   '/Users/vanessamelendez/Documents/Codex/2026-08-09/nessie-portfolio/node_modules/.bin/js-yaml': '/Users/vanessamelendez/Documents/Codex/2026-08-09/nessie-portfolio/node_modules/.bin/.js-yaml-5rYwxwQZ',
292 silly reify   '/Users/vanessamelendez/Documents/Codex/2026-08-09/nessie-portfolio/node_modules/json5': '/Users/vanessamelendez/Documents/Codex/2026-08-09/nessie-portfolio/node_modules/.json5-yGEmMXZE',
292 silly reify   '/Users/vanessamelendez/Documents/Codex/2026-08-09/nessie-portfolio/node_modules/.bin/json5': '/Users/vanessamelendez/Documents/Codex/2026-08-09/nessie-portfolio/node_modules/.bin/.json5-5jpHXvX8',
292 silly reify   '/Users/vanessamelendez/Documents/Codex/2026-08-09/nessie-portfolio/node_modules/nanoid': '/Users/vanessamelendez/Documents/Codex/2026-08-09/nessie-portfolio/node_modules/.nanoid-EIkMsgZf',
292 silly reify   '/Users/vanessamelendez/Documents/Codex/2026-08-09/nessie-portfolio/node_modules/.bin/nanoid': '/Users/vanessamelendez/Documents/Codex/2026-08-09/nessie-portfolio/node_modules/.bin/.nanoid-ddEjuLNH',
292 silly reify   '/Users/vanessamelendez/Documents/Codex/2026-08-09/nessie-portfolio/node_modules/semver': '/Users/vanessamelendez/Documents/Codex/2026-08-09/nessie-portfolio/node_modules/.semver-50ft9ARX',
292 silly reify   '/Users/vanessamelendez/Documents/Codex/2026-08-09/nessie-portfolio/node_modules/.bin/semver': '/Users/vanessamelendez/Documents/Codex/2026-08-09/nessie-portfolio/node_modules/.bin/.semver-ejtOJyHh',
292 silly reify   '/Users/vanessamelendez/Documents/Codex/2026-08-09/nessie-portfolio/node_modules/typescript': '/Users/vanessamelendez/Documents/Codex/2026-08-09/nessie-portfolio/node_modules/.typescript-q3Z1BRJx',
292 silly reify   '/Users/vanessamelendez/Documents/Codex/2026-08-09/nessie-portfolio/node_modules/.bin/tsc': '/Users/vanessamelendez/Documents/Codex/2026-08-09/nessie-portfolio/node_modules/.bin/.tsc-dxUapV3R',
292 silly reify   '/Users/vanessamelendez/Documents/Codex/2026-08-09/nessie-portfolio/node_modules/.bin/tsserver': '/Users/vanessamelendez/Documents/Codex/2026-08-09/nessie-portfolio/node_modules/.bin/.tsserver-OdSa1vaf',
292 silly reify   '/Users/vanessamelendez/Documents/Codex/2026-08-09/nessie-portfolio/node_modules/update-browserslist-db': '/Users/vanessamelendez/Documents/Codex/2026-08-09/nessie-portfolio/node_modules/.update-browserslist-db-3us4HwQG',
292 silly reify   '/Users/vanessamelendez/Documents/Codex/2026-08-09/nessie-portfolio/node_modules/.bin/update-browserslist-db': '/Users/vanessamelendez/Documents/Codex/2026-08-09/nessie-portfolio/node_modules/.bin/.update-browserslist-db-z7X4ljzT',
292 silly reify   '/Users/vanessamelendez/Documents/Codex/2026-08-09/nessie-portfolio/node_modules/which': '/Users/vanessamelendez/Documents/Codex/2026-08-09/nessie-portfolio/node_modules/.which-R5AbTSLF',
292 silly reify   '/Users/vanessamelendez/Documents/Codex/2026-08-09/nessie-portfolio/node_modules/.bin/node-which': '/Users/vanessamelendez/Documents/Codex/2026-08-09/nessie-portfolio/node_modules/.bin/.node-which-0flWWDJo'
292 silly reify }
293 http cache update-browserslist-db@https://registry.npmjs.org/update-browserslist-db/-/update-browserslist-db-1.2.3.tgz 0ms (cache hit)
294 http cache which@https://registry.npmjs.org/which/-/which-2.0.2.tgz 0ms (cache hit)
295 http cache nanoid@https://registry.npmjs.org/nanoid/-/nanoid-3.3.12.tgz 0ms (cache hit)
296 http cache typescript@https://registry.npmjs.org/typescript/-/typescript-5.9.3.tgz 0ms (cache hit)
297 http cache json5@https://registry.npmjs.org/json5/-/json5-2.2.3.tgz 0ms (cache hit)
298 http cache js-yaml@https://registry.npmjs.org/js-yaml/-/js-yaml-4.1.1.tgz 0ms (cache hit)
299 http cache browserslist@https://registry.npmjs.org/browserslist/-/browserslist-4.28.2.tgz 0ms (cache hit)
300 http cache @vitejs/plugin-react@https://registry.npmjs.org/@vitejs/plugin-react/-/plugin-react-6.0.2.tgz 0ms (cache hit)
301 http cache @vitejs/plugin-rsc@https://registry.npmjs.org/@vitejs/plugin-rsc/-/plugin-rsc-0.5.26.tgz 0ms (cache hit)
302 http cache semver@https://registry.npmjs.org/semver/-/semver-6.3.1.tgz 0ms (cache hit)
303 http cache acorn@https://registry.npmjs.org/acorn/-/acorn-8.16.0.tgz 0ms (cache hit)
304 http cache @vercel/og@https://registry.npmjs.org/@vercel/og/-/og-0.8.6.tgz 0ms (cache hit)
305 http cache @unpic/core@https://registry.npmjs.org/@unpic/core/-/core-1.0.3.tgz 0ms (cache hit)
306 http cache @vinext/types@https://registry.npmjs.org/@vinext/types/-/types-1.0.0-beta.2.tgz 0ms (cache hit)
307 http cache @typescript-eslint/utils@https://registry.npmjs.org/@typescript-eslint/utils/-/utils-8.59.3.tgz 0ms (cache hit)
308 http cache @typescript-eslint/typescript-estree@https://registry.npmjs.org/@typescript-eslint/typescript-estree/-/typescript-estree-8.59.3.tgz 0ms (cache hit)
309 http cache @typescript-eslint/scope-manager@https://registry.npmjs.org/@typescript-eslint/scope-manager/-/scope-manager-8.59.3.tgz 0ms (cache hit)
310 http cache @typescript-eslint/types@https://registry.npmjs.org/@typescript-eslint/types/-/types-8.59.3.tgz 0ms (cache hit)
311 http cache @typescript-eslint/project-service@https://registry.npmjs.org/@typescript-eslint/project-service/-/project-service-8.59.3.tgz 0ms (cache hit)
312 http cache @typescript-eslint/visitor-keys@https://registry.npmjs.org/@typescript-eslint/visitor-keys/-/visitor-keys-8.59.3.tgz 0ms (cache hit)
313 http cache @typescript-eslint/tsconfig-utils@https://registry.npmjs.org/@typescript-eslint/tsconfig-utils/-/tsconfig-utils-8.59.3.tgz 0ms (cache hit)
314 http cache @typescript-eslint/eslint-plugin@https://registry.npmjs.org/@typescript-eslint/eslint-plugin/-/eslint-plugin-8.59.3.tgz 0ms (cache hit)
315 http cache @types/react-dom@https://registry.npmjs.org/@types/react-dom/-/react-dom-19.2.3.tgz 0ms (cache hit)
316 http cache @typescript-eslint/type-utils@https://registry.npmjs.org/@typescript-eslint/type-utils/-/type-utils-8.59.3.tgz 0ms (cache hit)
317 http cache @types/node@https://registry.npmjs.org/@types/node/-/node-22.19.19.tgz 0ms (cache hit)
318 http cache @types/react@https://registry.npmjs.org/@types/react/-/react-19.2.14.tgz 0ms (cache hit)
319 http cache @speed-highlight/core@https://registry.npmjs.org/@speed-highlight/core/-/core-1.2.15.tgz 0ms (cache hit)
320 http cache @tailwindcss/oxide-darwin-arm64@https://registry.npmjs.org/@tailwindcss/oxide-darwin-arm64/-/oxide-darwin-arm64-4.2.1.tgz 0ms (cache hit)
321 http cache @tailwindcss/oxide@https://registry.npmjs.org/@tailwindcss/oxide/-/oxide-4.2.1.tgz 0ms (cache hit)
322 http cache @typescript-eslint/parser@https://registry.npmjs.org/@typescript-eslint/parser/-/parser-8.59.3.tgz 0ms (cache hit)
323 http cache @shuding/opentype.js@https://registry.npmjs.org/@shuding/opentype.js/-/opentype.js-1.4.0-beta.0.tgz 0ms (cache hit)
324 http cache @tailwindcss/node@https://registry.npmjs.org/@tailwindcss/node/-/node-4.2.1.tgz 0ms (cache hit)
325 http cache @rolldown/pluginutils@https://registry.npmjs.org/@rolldown/pluginutils/-/pluginutils-1.0.1.tgz 0ms (cache hit)
326 http cache @resvg/resvg-wasm@https://registry.npmjs.org/@resvg/resvg-wasm/-/resvg-wasm-2.4.0.tgz 0ms (cache hit)
327 http cache @tailwindcss/postcss@https://registry.npmjs.org/@tailwindcss/postcss/-/postcss-4.2.1.tgz 0ms (cache hit)
328 http cache @poppinss/exception@https://registry.npmjs.org/@poppinss/exception/-/exception-1.2.3.tgz 0ms (cache hit)
329 http cache @rolldown/binding-darwin-arm64@https://registry.npmjs.org/@rolldown/binding-darwin-arm64/-/binding-darwin-arm64-1.0.1.tgz 0ms (cache hit)
330 http cache @poppinss/dumper@https://registry.npmjs.org/@poppinss/dumper/-/dumper-0.6.5.tgz 0ms (cache hit)
331 http cache @sindresorhus/is@https://registry.npmjs.org/@sindresorhus/is/-/is-7.2.0.tgz 0ms (cache hit)
332 http cache @poppinss/colors@https://registry.npmjs.org/@poppinss/colors/-/colors-4.1.6.tgz 0ms (cache hit)
333 http cache @oxc-project/types@https://registry.npmjs.org/@oxc-project/types/-/types-0.130.0.tgz 0ms (cache hit)
334 http cache @jridgewell/remapping@https://registry.npmjs.org/@jridgewell/remapping/-/remapping-2.3.5.tgz 0ms (cache hit)
335 http cache @img/colour@https://registry.npmjs.org/@img/colour/-/colour-1.1.0.tgz 0ms (cache hit)
336 http cache @next/eslint-plugin-next@https://registry.npmjs.org/@next/eslint-plugin-next/-/eslint-plugin-next-16.2.6.tgz 0ms (cache hit)
337 http cache @img/sharp-libvips-darwin-arm64@https://registry.npmjs.org/@img/sharp-libvips-darwin-arm64/-/sharp-libvips-darwin-arm64-1.2.4.tgz 0ms (cache hit)
338 http cache @eslint/config-helpers@https://registry.npmjs.org/@eslint/config-helpers/-/config-helpers-0.4.2.tgz 0ms (cache hit)
339 http cache @eslint/js@https://registry.npmjs.org/@eslint/js/-/js-9.39.4.tgz 0ms (cache hit)
340 http cache @eslint/plugin-kit@https://registry.npmjs.org/@eslint/plugin-kit/-/plugin-kit-0.4.1.tgz 0ms (cache hit)
341 http cache @eslint/config-array@https://registry.npmjs.org/@eslint/config-array/-/config-array-0.21.2.tgz 0ms (cache hit)
342 http cache @esbuild/darwin-arm64@https://registry.npmjs.org/@esbuild/darwin-arm64/-/darwin-arm64-0.28.0.tgz 0ms (cache hit)
343 http cache @img/sharp-darwin-arm64@https://registry.npmjs.org/@img/sharp-darwin-arm64/-/sharp-darwin-arm64-0.34.5.tgz 0ms (cache hit)
344 http cache @esbuild-kit/core-utils@https://registry.npmjs.org/@esbuild-kit/core-utils/-/core-utils-3.3.2.tgz 0ms (cache hit)
345 http cache @emnapi/runtime@https://registry.npmjs.org/@emnapi/runtime/-/runtime-1.10.0.tgz 0ms (cache hit)
346 http cache @eslint/core@https://registry.npmjs.org/@eslint/core/-/core-0.17.0.tgz 0ms (cache hit)
347 http cache @drizzle-team/brocli@https://registry.npmjs.org/@drizzle-team/brocli/-/brocli-0.10.2.tgz 0ms (cache hit)
348 http cache @cloudflare/vite-plugin@https://registry.npmjs.org/@cloudflare/vite-plugin/-/vite-plugin-1.37.1.tgz 0ms (cache hit)
349 http cache @cspotcode/source-map-support@https://registry.npmjs.org/@cspotcode/source-map-support/-/source-map-support-0.8.1.tgz 0ms (cache hit)
350 http cache @cloudflare/unenv-preset@https://registry.npmjs.org/@cloudflare/unenv-preset/-/unenv-preset-2.16.1.tgz 0ms (cache hit)
351 http cache @babel/traverse@https://registry.npmjs.org/@babel/traverse/-/traverse-7.29.0.tgz 0ms (cache hit)
352 http cache @cloudflare/kv-asset-handler@https://registry.npmjs.org/@cloudflare/kv-asset-handler/-/kv-asset-handler-0.5.0.tgz 0ms (cache hit)
353 http cache @babel/parser@https://registry.npmjs.org/@babel/parser/-/parser-7.29.3.tgz 0ms (cache hit)
354 http cache @babel/template@https://registry.npmjs.org/@babel/template/-/template-7.28.6.tgz 0ms (cache hit)
355 http cache @cloudflare/workerd-darwin-arm64@https://registry.npmjs.org/@cloudflare/workerd-darwin-arm64/-/workerd-darwin-arm64-1.20260515.1.tgz 0ms (cache hit)
356 http cache @babel/helper-validator-option@https://registry.npmjs.org/@babel/helper-validator-option/-/helper-validator-option-7.27.1.tgz 0ms (cache hit)
357 http cache @babel/helper-module-transforms@https://registry.npmjs.org/@babel/helper-module-transforms/-/helper-module-transforms-7.28.6.tgz 0ms (cache hit)
358 http cache @babel/compat-data@https://registry.npmjs.org/@babel/compat-data/-/compat-data-7.29.3.tgz 0ms (cache hit)
359 http cache @babel/helper-module-imports@https://registry.npmjs.org/@babel/helper-module-imports/-/helper-module-imports-7.28.6.tgz 0ms (cache hit)
360 http cache @babel/core@https://registry.npmjs.org/@babel/core/-/core-7.29.0.tgz 0ms (cache hit)
361 http cache @babel/helper-globals@https://registry.npmjs.org/@babel/helper-globals/-/helper-globals-7.28.0.tgz 0ms (cache hit)
362 http cache @alloc/quick-lru@https://registry.npmjs.org/@alloc/quick-lru/-/quick-lru-5.2.0.tgz 0ms (cache hit)
363 http cache @babel/types@https://registry.npmjs.org/@babel/types/-/types-7.29.0.tgz 0ms (cache hit)
364 http cache @babel/generator@https://registry.npmjs.org/@babel/generator/-/generator-7.29.1.tgz 0ms (cache hit)
365 http cache @babel/code-frame@https://registry.npmjs.org/@babel/code-frame/-/code-frame-7.29.0.tgz 0ms (cache hit)
366 http cache yoga-layout@https://registry.npmjs.org/yoga-layout/-/yoga-layout-3.2.1.tgz 0ms (cache hit)
367 http cache zod@https://registry.npmjs.org/zod/-/zod-4.4.3.tgz 0ms (cache hit)
368 http cache zod-validation-error@https://registry.npmjs.org/zod-validation-error/-/zod-validation-error-4.0.2.tgz 0ms (cache hit)
369 http cache @babel/helper-compilation-targets@https://registry.npmjs.org/@babel/helper-compilation-targets/-/helper-compilation-targets-7.28.6.tgz 0ms (cache hit)
370 http cache yallist@https://registry.npmjs.org/yallist/-/yallist-3.1.1.tgz 0ms (cache hit)
371 http cache ws@https://registry.npmjs.org/ws/-/ws-8.18.0.tgz 0ms (cache hit)
372 http cache youch@https://registry.npmjs.org/youch/-/youch-4.1.0-beta.10.tgz 0ms (cache hit)
373 http cache youch-core@https://registry.npmjs.org/youch-core/-/youch-core-0.3.3.tgz 0ms (cache hit)
374 http cache which-builtin-type@https://registry.npmjs.org/which-builtin-type/-/which-builtin-type-1.2.1.tgz 0ms (cache hit)
375 http cache wrangler@https://registry.npmjs.org/wrangler/-/wrangler-4.92.0.tgz 0ms (cache hit)
376 http cache which-collection@https://registry.npmjs.org/which-collection/-/which-collection-1.0.2.tgz 0ms (cache hit)
377 http cache which-boxed-primitive@https://registry.npmjs.org/which-boxed-primitive/-/which-boxed-primitive-1.1.1.tgz 0ms (cache hit)
378 http cache which-typed-array@https://registry.npmjs.org/which-typed-array/-/which-typed-array-1.1.20.tgz 0ms (cache hit)
379 http cache vite-plugin-dynamic-import@https://registry.npmjs.org/vite-plugin-dynamic-import/-/vite-plugin-dynamic-import-1.6.0.tgz 0ms (cache hit)
380 http cache @esbuild-kit/esm-loader@https://registry.npmjs.org/@esbuild-kit/esm-loader/-/esm-loader-2.6.5.tgz 0ms (cache hit)
381 http cache web-vitals@https://registry.npmjs.org/web-vitals/-/web-vitals-4.2.4.tgz 0ms (cache hit)
382 http cache vinext@https://registry.npmjs.org/vinext/-/vinext-1.0.0-beta.2.tgz 0ms (cache hit)
383 http cache workerd@https://registry.npmjs.org/workerd/-/workerd-1.20260515.1.tgz 0ms (cache hit)
384 http cache vite@https://registry.npmjs.org/vite/-/vite-8.0.13.tgz 0ms (cache hit)
385 http cache vite-plugin-commonjs@https://registry.npmjs.org/vite-plugin-commonjs/-/vite-plugin-commonjs-0.10.4.tgz 0ms (cache hit)
386 http cache webpack@https://registry.npmjs.org/webpack/-/webpack-5.106.2.tgz 0ms (cache hit)
387 http cache vitefu@https://registry.npmjs.org/vitefu/-/vitefu-1.1.3.tgz 0ms (cache hit)
388 http cache unenv@https://registry.npmjs.org/unenv/-/unenv-2.0.0-rc.24.tgz 0ms (cache hit)
389 http cache unpic@https://registry.npmjs.org/unpic/-/unpic-4.2.2.tgz 0ms (cache hit)
390 http cache unicode-trie@https://registry.npmjs.org/unicode-trie/-/unicode-trie-2.0.0.tgz 0ms (cache hit)
391 http cache undici-types@https://registry.npmjs.org/undici-types/-/undici-types-6.21.0.tgz 0ms (cache hit)
392 http cache typescript-eslint@https://registry.npmjs.org/typescript-eslint/-/typescript-eslint-8.59.3.tgz 0ms (cache hit)
393 http cache undici@https://registry.npmjs.org/undici/-/undici-7.24.8.tgz 0ms (cache hit)
394 http cache unbox-primitive@https://registry.npmjs.org/unbox-primitive/-/unbox-primitive-1.1.0.tgz 0ms (cache hit)
395 http cache typed-array-byte-length@https://registry.npmjs.org/typed-array-byte-length/-/typed-array-byte-length-1.0.3.tgz 0ms (cache hit)
396 http cache typed-array-buffer@https://registry.npmjs.org/typed-array-buffer/-/typed-array-buffer-1.0.3.tgz 0ms (cache hit)
397 http cache @babel/helpers@https://registry.npmjs.org/@babel/helpers/-/helpers-7.29.2.tgz 0ms (cache hit)
398 http cache @unpic/react@https://registry.npmjs.org/@unpic/react/-/react-1.0.2.tgz 0ms (cache hit)
399 http cache tinyglobby@https://registry.npmjs.org/tinyglobby/-/tinyglobby-0.2.16.tgz 0ms (cache hit)
400 http cache tsx@https://registry.npmjs.org/tsx/-/tsx-4.22.1.tgz 0ms (cache hit)
401 http cache typed-array-length@https://registry.npmjs.org/typed-array-length/-/typed-array-length-1.0.7.tgz 0ms (cache hit)
402 http cache tiny-inflate@https://registry.npmjs.org/tiny-inflate/-/tiny-inflate-1.0.3.tgz 0ms (cache hit)
403 http cache terser-webpack-plugin@https://registry.npmjs.org/terser-webpack-plugin/-/terser-webpack-plugin-5.6.0.tgz 0ms (cache hit)
404 http cache terser@https://registry.npmjs.org/terser/-/terser-5.47.1.tgz 0ms (cache hit)
405 http cache tailwindcss@https://registry.npmjs.org/tailwindcss/-/tailwindcss-4.2.1.tgz 0ms (cache hit)
406 http cache string.prototype.trimstart@https://registry.npmjs.org/string.prototype.trimstart/-/string.prototype.trimstart-1.0.8.tgz 0ms (cache hit)
407 http cache strip-literal@https://registry.npmjs.org/strip-literal/-/strip-literal-3.1.0.tgz 0ms (cache hit)
408 http cache string.prototype.trim@https://registry.npmjs.org/string.prototype.trim/-/string.prototype.trim-1.2.10.tgz 0ms (cache hit)
409 http cache turbo-stream@https://registry.npmjs.org/turbo-stream/-/turbo-stream-3.2.0.tgz 0ms (cache hit)
410 http cache string.prototype.trimend@https://registry.npmjs.org/string.prototype.trimend/-/string.prototype.trimend-1.0.9.tgz 0ms (cache hit)
411 http cache typed-array-byte-offset@https://registry.npmjs.org/typed-array-byte-offset/-/typed-array-byte-offset-1.0.4.tgz 0ms (cache hit)
412 http cache string.prototype.repeat@https://registry.npmjs.org/string.prototype.repeat/-/string.prototype.repeat-1.0.0.tgz 0ms (cache hit)
413 http cache supports-preserve-symlinks-flag@https://registry.npmjs.org/supports-preserve-symlinks-flag/-/supports-preserve-symlinks-flag-1.0.0.tgz 0ms (cache hit)
414 http cache string.prototype.matchall@https://registry.npmjs.org/string.prototype.matchall/-/string.prototype.matchall-4.0.12.tgz 0ms (cache hit)
415 http cache string.prototype.codepointat@https://registry.npmjs.org/string.prototype.codepointat/-/string.prototype.codepointat-0.2.1.tgz 0ms (cache hit)
416 http cache string.prototype.includes@https://registry.npmjs.org/string.prototype.includes/-/string.prototype.includes-2.0.1.tgz 0ms (cache hit)
417 http cache stop-iteration-iterator@https://registry.npmjs.org/stop-iteration-iterator/-/stop-iteration-iterator-1.1.0.tgz 0ms (cache hit)
418 http cache srvx@https://registry.npmjs.org/srvx/-/srvx-0.11.15.tgz 0ms (cache hit)
419 http cache side-channel-list@https://registry.npmjs.org/side-channel-list/-/side-channel-list-1.0.1.tgz 0ms (cache hit)
420 http cache side-channel-weakmap@https://registry.npmjs.org/side-channel-weakmap/-/side-channel-weakmap-1.0.2.tgz 0ms (cache hit)
421 http cache set-proto@https://registry.npmjs.org/set-proto/-/set-proto-1.0.0.tgz 0ms (cache hit)
422 http cache side-channel-map@https://registry.npmjs.org/side-channel-map/-/side-channel-map-1.0.1.tgz 0ms (cache hit)
423 http cache side-channel@https://registry.npmjs.org/side-channel/-/side-channel-1.1.0.tgz 0ms (cache hit)
424 http cache set-function-name@https://registry.npmjs.org/set-function-name/-/set-function-name-2.0.2.tgz 0ms (cache hit)
425 http cache set-function-length@https://registry.npmjs.org/set-function-length/-/set-function-length-1.2.2.tgz 0ms (cache hit)
426 http cache safe-regex-test@https://registry.npmjs.org/safe-regex-test/-/safe-regex-test-1.1.0.tgz 0ms (cache hit)
427 http cache sharp@https://registry.npmjs.org/sharp/-/sharp-0.34.5.tgz 0ms (cache hit)
428 http cache safe-push-apply@https://registry.npmjs.org/safe-push-apply/-/safe-push-apply-1.0.0.tgz 0ms (cache hit)
429 http cache rolldown@https://registry.npmjs.org/rolldown/-/rolldown-1.0.1.tgz 0ms (cache hit)
430 http cache resolve@https://registry.npmjs.org/resolve/-/resolve-2.0.0-next.7.tgz 0ms (cache hit)
431 http cache regexp.prototype.flags@https://registry.npmjs.org/regexp.prototype.flags/-/regexp.prototype.flags-1.5.4.tgz 0ms (cache hit)
432 http cache satori@https://registry.npmjs.org/satori/-/satori-0.16.0.tgz 0ms (cache hit)
433 http cache safe-array-concat@https://registry.npmjs.org/safe-array-concat/-/safe-array-concat-1.1.4.tgz 0ms (cache hit)
434 http cache reflect.getprototypeof@https://registry.npmjs.org/reflect.getprototypeof/-/reflect.getprototypeof-1.0.10.tgz 0ms (cache hit)
435 http cache resolve-pkg-maps@https://registry.npmjs.org/resolve-pkg-maps/-/resolve-pkg-maps-1.0.0.tgz 0ms (cache hit)
436 http cache react-is@https://registry.npmjs.org/react-is/-/react-is-16.13.1.tgz 0ms (cache hit)
437 http cache prop-types@https://registry.npmjs.org/prop-types/-/prop-types-15.8.1.tgz 0ms (cache hit)
438 http cache postcss@https://registry.npmjs.org/postcss/-/postcss-8.5.14.tgz 0ms (cache hit)
439 http cache react-server-dom-webpack@https://registry.npmjs.org/react-server-dom-webpack/-/react-server-dom-webpack-19.2.6.tgz 0ms (cache hit)
440 http cache pathe@https://registry.npmjs.org/pathe/-/pathe-2.0.3.tgz 0ms (cache hit)
441 http cache path-to-regexp@https://registry.npmjs.org/path-to-regexp/-/path-to-regexp-6.3.0.tgz 0ms (cache hit)
442 http cache parse-css-color@https://registry.npmjs.org/parse-css-color/-/parse-css-color-0.2.1.tgz 0ms (cache hit)
443 http cache react-dom@https://registry.npmjs.org/react-dom/-/react-dom-19.2.6.tgz 0ms (cache hit)
444 http cache path-parse@https://registry.npmjs.org/path-parse/-/path-parse-1.0.7.tgz 0ms (cache hit)
445 http cache possible-typed-array-names@https://registry.npmjs.org/possible-typed-array-names/-/possible-typed-array-names-1.1.0.tgz 0ms (cache hit)
446 http cache own-keys@https://registry.npmjs.org/own-keys/-/own-keys-1.0.1.tgz 0ms (cache hit)
447 http cache pako@https://registry.npmjs.org/pako/-/pako-0.2.9.tgz 0ms (cache hit)
448 http cache object.values@https://registry.npmjs.org/object.values/-/object.values-1.2.1.tgz 0ms (cache hit)
449 http cache object.fromentries@https://registry.npmjs.org/object.fromentries/-/object.fromentries-2.0.8.tgz 0ms (cache hit)
450 http cache object.entries@https://registry.npmjs.org/object.entries/-/object.entries-1.1.9.tgz 0ms (cache hit)
451 http cache object-keys@https://registry.npmjs.org/object-keys/-/object-keys-1.1.1.tgz 0ms (cache hit)
452 http cache object-inspect@https://registry.npmjs.org/object-inspect/-/object-inspect-1.13.4.tgz 0ms (cache hit)
453 http cache node-releases@https://registry.npmjs.org/node-releases/-/node-releases-2.0.44.tgz 0ms (cache hit)
454 http cache node-exports-info@https://registry.npmjs.org/node-exports-info/-/node-exports-info-1.6.0.tgz 0ms (cache hit)
455 http cache magic-string@https://registry.npmjs.org/magic-string/-/magic-string-0.30.21.tgz 0ms (cache hit)
456 http cache object.assign@https://registry.npmjs.org/object.assign/-/object.assign-4.1.7.tgz 0ms (cache hit)
457 http cache miniflare@https://registry.npmjs.org/miniflare/-/miniflare-4.20260515.0.tgz 0ms (cache hit)
458 http cache lightningcss-darwin-arm64@https://registry.npmjs.org/lightningcss-darwin-arm64/-/lightningcss-darwin-arm64-1.31.1.tgz 0ms (cache hit)
459 http cache linebreak@https://registry.npmjs.org/linebreak/-/linebreak-1.1.0.tgz 0ms (cache hit)
460 http cache loose-envify@https://registry.npmjs.org/loose-envify/-/loose-envify-1.4.0.tgz 0ms (cache hit)
461 http cache lightningcss@https://registry.npmjs.org/lightningcss/-/lightningcss-1.31.1.tgz 0ms (cache hit)
462 http cache react@https://registry.npmjs.org/react/-/react-19.2.6.tgz 0ms (cache hit)
463 http cache language-subtag-registry@https://registry.npmjs.org/language-subtag-registry/-/language-subtag-registry-0.3.23.tgz 0ms (cache hit)
464 http cache language-tags@https://registry.npmjs.org/language-tags/-/language-tags-1.0.9.tgz 0ms (cache hit)
465 http cache jsx-ast-utils@https://registry.npmjs.org/jsx-ast-utils/-/jsx-ast-utils-3.3.5.tgz 0ms (cache hit)
466 http cache lru-cache@https://registry.npmjs.org/lru-cache/-/lru-cache-5.1.1.tgz 0ms (cache hit)
467 http cache jsesc@https://registry.npmjs.org/jsesc/-/jsesc-3.1.0.tgz 0ms (cache hit)
468 http cache kleur@https://registry.npmjs.org/kleur/-/kleur-4.1.5.tgz 0ms (cache hit)
469 http cache js-tokens@https://registry.npmjs.org/js-tokens/-/js-tokens-4.0.0.tgz 0ms (cache hit)
470 http cache isarray@https://registry.npmjs.org/isarray/-/isarray-2.0.5.tgz 0ms (cache hit)
471 http cache iterator.prototype@https://registry.npmjs.org/iterator.prototype/-/iterator.prototype-1.1.5.tgz 0ms (cache hit)
472 http cache is-weakset@https://registry.npmjs.org/is-weakset/-/is-weakset-2.0.4.tgz 0ms (cache hit)
473 http cache is-typed-array@https://registry.npmjs.org/is-typed-array/-/is-typed-array-1.1.15.tgz 0ms (cache hit)
474 http cache jiti@https://registry.npmjs.org/jiti/-/jiti-2.7.0.tgz 0ms (cache hit)
475 http cache is-set@https://registry.npmjs.org/is-set/-/is-set-2.0.3.tgz 0ms (cache hit)
476 http cache is-weakref@https://registry.npmjs.org/is-weakref/-/is-weakref-1.1.1.tgz 0ms (cache hit)
477 http cache is-weakmap@https://registry.npmjs.org/is-weakmap/-/is-weakmap-2.0.2.tgz 0ms (cache hit)
478 http cache is-shared-array-buffer@https://registry.npmjs.org/is-shared-array-buffer/-/is-shared-array-buffer-1.0.4.tgz 0ms (cache hit)
479 http cache is-regex@https://registry.npmjs.org/is-regex/-/is-regex-1.2.1.tgz 0ms (cache hit)
480 http cache is-string@https://registry.npmjs.org/is-string/-/is-string-1.1.1.tgz 0ms (cache hit)
481 http cache is-symbol@https://registry.npmjs.org/is-symbol/-/is-symbol-1.1.1.tgz 0ms (cache hit)
482 http cache is-negative-zero@https://registry.npmjs.org/is-negative-zero/-/is-negative-zero-2.0.3.tgz 0ms (cache hit)
483 http cache is-finalizationregistry@https://registry.npmjs.org/is-finalizationregistry/-/is-finalizationregistry-1.1.1.tgz 0ms (cache hit)
484 http cache is-map@https://registry.npmjs.org/is-map/-/is-map-2.0.3.tgz 0ms (cache hit)
485 http cache is-generator-function@https://registry.npmjs.org/is-generator-function/-/is-generator-function-1.1.2.tgz 0ms (cache hit)
486 http cache is-data-view@https://registry.npmjs.org/is-data-view/-/is-data-view-1.0.2.tgz 0ms (cache hit)
487 http cache is-number-object@https://registry.npmjs.org/is-number-object/-/is-number-object-1.1.1.tgz 0ms (cache hit)
488 http cache is-date-object@https://registry.npmjs.org/is-date-object/-/is-date-object-1.1.0.tgz 0ms (cache hit)
489 http cache is-boolean-object@https://registry.npmjs.org/is-boolean-object/-/is-boolean-object-1.2.2.tgz 0ms (cache hit)
490 http cache is-callable@https://registry.npmjs.org/is-callable/-/is-callable-1.2.7.tgz 0ms (cache hit)
491 http cache is-core-module@https://registry.npmjs.org/is-core-module/-/is-core-module-2.16.2.tgz 0ms (cache hit)
492 http cache is-async-function@https://registry.npmjs.org/is-async-function/-/is-async-function-2.1.1.tgz 0ms (cache hit)
493 http cache is-array-buffer@https://registry.npmjs.org/is-array-buffer/-/is-array-buffer-3.0.5.tgz 0ms (cache hit)
494 http cache is-bigint@https://registry.npmjs.org/is-bigint/-/is-bigint-1.1.0.tgz 0ms (cache hit)
495 http cache internal-slot@https://registry.npmjs.org/internal-slot/-/internal-slot-1.1.0.tgz 0ms (cache hit)
496 http cache ipaddr.js@https://registry.npmjs.org/ipaddr.js/-/ipaddr.js-2.4.0.tgz 0ms (cache hit)
497 http cache hex-rgb@https://registry.npmjs.org/hex-rgb/-/hex-rgb-4.3.0.tgz 0ms (cache hit)
498 http cache hasown@https://registry.npmjs.org/hasown/-/hasown-2.0.3.tgz 0ms (cache hit)
499 http cache hermes-estree@https://registry.npmjs.org/hermes-estree/-/hermes-estree-0.25.1.tgz 0ms (cache hit)
500 http cache hermes-parser@https://registry.npmjs.org/hermes-parser/-/hermes-parser-0.25.1.tgz 0ms (cache hit)
501 http cache image-size@https://registry.npmjs.org/image-size/-/image-size-2.0.2.tgz 0ms (cache hit)
502 http cache has-bigints@https://registry.npmjs.org/has-bigints/-/has-bigints-1.1.0.tgz 0ms (cache hit)
503 http cache has-property-descriptors@https://registry.npmjs.org/has-property-descriptors/-/has-property-descriptors-1.0.2.tgz 0ms (cache hit)
504 http cache globals@https://registry.npmjs.org/globals/-/globals-16.4.0.tgz 0ms (cache hit)
505 http cache get-tsconfig@https://registry.npmjs.org/get-tsconfig/-/get-tsconfig-4.14.0.tgz 0ms (cache hit)
506 http cache get-symbol-description@https://registry.npmjs.org/get-symbol-description/-/get-symbol-description-1.1.0.tgz 0ms (cache hit)
507 http cache gensync@https://registry.npmjs.org/gensync/-/gensync-1.0.0-beta.2.tgz 0ms (cache hit)
508 http cache generator-function@https://registry.npmjs.org/generator-function/-/generator-function-2.0.1.tgz 0ms (cache hit)
509 http cache for-each@https://registry.npmjs.org/for-each/-/for-each-0.3.5.tgz 0ms (cache hit)
510 http cache globalthis@https://registry.npmjs.org/globalthis/-/globalthis-1.0.4.tgz 0ms (cache hit)
511 http cache function.prototype.name@https://registry.npmjs.org/function.prototype.name/-/function.prototype.name-1.1.8.tgz 0ms (cache hit)
512 http cache fflate@https://registry.npmjs.org/fflate/-/fflate-0.7.4.tgz 0ms (cache hit)
513 http cache functions-have-names@https://registry.npmjs.org/functions-have-names/-/functions-have-names-1.2.3.tgz 0ms (cache hit)
514 http cache has-proto@https://registry.npmjs.org/has-proto/-/has-proto-1.2.0.tgz 0ms (cache hit)
515 http cache estree-walker@https://registry.npmjs.org/estree-walker/-/estree-walker-3.0.3.tgz 0ms (cache hit)
516 http cache fast-glob@https://registry.npmjs.org/fast-glob/-/fast-glob-3.3.1.tgz 0ms (cache hit)
517 http cache fast-uri@https://registry.npmjs.org/fast-uri/-/fast-uri-3.1.2.tgz 0ms (cache hit)
518 http cache eslint-plugin-react-hooks@https://registry.npmjs.org/eslint-plugin-react-hooks/-/eslint-plugin-react-hooks-7.1.1.tgz 0ms (cache hit)
519 http cache eslint@https://registry.npmjs.org/eslint/-/eslint-9.39.4.tgz 0ms (cache hit)
520 http cache esbuild@https://registry.npmjs.org/esbuild/-/esbuild-0.28.0.tgz 0ms (cache hit)
521 http cache es-to-primitive@https://registry.npmjs.org/es-to-primitive/-/es-to-primitive-1.3.0.tgz 0ms (cache hit)
522 http cache es-shim-unscopables@https://registry.npmjs.org/es-shim-unscopables/-/es-shim-unscopables-1.1.0.tgz 0ms (cache hit)
523 http cache es-object-atoms@https://registry.npmjs.org/es-object-atoms/-/es-object-atoms-1.1.1.tgz 0ms (cache hit)
524 http cache escape-html@https://registry.npmjs.org/escape-html/-/escape-html-1.0.3.tgz 0ms (cache hit)
525 http cache eslint-plugin-jsx-a11y@https://registry.npmjs.org/eslint-plugin-jsx-a11y/-/eslint-plugin-jsx-a11y-6.10.2.tgz 0ms (cache hit)
526 http cache eslint-plugin-react@https://registry.npmjs.org/eslint-plugin-react/-/eslint-plugin-react-7.37.5.tgz 0ms (cache hit)
527 http cache es-abstract@https://registry.npmjs.org/es-abstract/-/es-abstract-1.24.2.tgz 0ms (cache hit)
528 http cache enhanced-resolve@https://registry.npmjs.org/enhanced-resolve/-/enhanced-resolve-5.21.3.tgz 0ms (cache hit)
529 http cache es-iterator-helpers@https://registry.npmjs.org/es-iterator-helpers/-/es-iterator-helpers-1.3.2.tgz 0ms (cache hit)
530 http cache error-stack-parser-es@https://registry.npmjs.org/error-stack-parser-es/-/error-stack-parser-es-1.0.5.tgz 0ms (cache hit)
531 http cache drizzle-orm@https://registry.npmjs.org/drizzle-orm/-/drizzle-orm-0.45.2.tgz 0ms (cache hit)
532 http cache doctrine@https://registry.npmjs.org/doctrine/-/doctrine-2.1.0.tgz 0ms (cache hit)
533 http cache emoji-regex-xs@https://registry.npmjs.org/emoji-regex-xs/-/emoji-regex-xs-2.0.1.tgz 0ms (cache hit)
534 http cache define-properties@https://registry.npmjs.org/define-properties/-/define-properties-1.2.1.tgz 0ms (cache hit)
535 http cache define-data-property@https://registry.npmjs.org/define-data-property/-/define-data-property-1.1.4.tgz 0ms (cache hit)
536 http cache data-view-byte-length@https://registry.npmjs.org/data-view-byte-length/-/data-view-byte-length-1.0.2.tgz 0ms (cache hit)
537 http cache drizzle-kit@https://registry.npmjs.org/drizzle-kit/-/drizzle-kit-0.31.10.tgz 0ms (cache hit)
538 http cache electron-to-chromium@https://registry.npmjs.org/electron-to-chromium/-/electron-to-chromium-1.5.358.tgz 0ms (cache hit)
539 http cache css-to-react-native@https://registry.npmjs.org/css-to-react-native/-/css-to-react-native-3.2.0.tgz 0ms (cache hit)
540 http cache data-view-byte-offset@https://registry.npmjs.org/data-view-byte-offset/-/data-view-byte-offset-1.0.1.tgz 0ms (cache hit)
541 http cache data-view-buffer@https://registry.npmjs.org/data-view-buffer/-/data-view-buffer-1.0.2.tgz 0ms (cache hit)
542 http cache damerau-levenshtein@https://registry.npmjs.org/damerau-levenshtein/-/damerau-levenshtein-1.0.8.tgz 0ms (cache hit)
543 http cache css-background-parser@https://registry.npmjs.org/css-background-parser/-/css-background-parser-0.1.0.tgz 0ms (cache hit)
544 http cache css-color-keywords@https://registry.npmjs.org/css-color-keywords/-/css-color-keywords-1.0.0.tgz 0ms (cache hit)
545 http cache css-gradient-parser@https://registry.npmjs.org/css-gradient-parser/-/css-gradient-parser-0.0.16.tgz 0ms (cache hit)
546 http cache convert-source-map@https://registry.npmjs.org/convert-source-map/-/convert-source-map-2.0.0.tgz 0ms (cache hit)
547 http cache caniuse-lite@https://registry.npmjs.org/caniuse-lite/-/caniuse-lite-1.0.30001793.tgz 0ms (cache hit)
548 http cache cookie@https://registry.npmjs.org/cookie/-/cookie-1.1.1.tgz 0ms (cache hit)
549 http cache call-bind@https://registry.npmjs.org/call-bind/-/call-bind-1.0.9.tgz 0ms (cache hit)
550 http cache camelize@https://registry.npmjs.org/camelize/-/camelize-1.0.1.tgz 0ms (cache hit)
551 http cache blake3-wasm@https://registry.npmjs.org/blake3-wasm/-/blake3-wasm-2.1.5.tgz 0ms (cache hit)
552 http cache baseline-browser-mapping@https://registry.npmjs.org/baseline-browser-mapping/-/baseline-browser-mapping-2.10.30.tgz 0ms (cache hit)
553 http cache call-bound@https://registry.npmjs.org/call-bound/-/call-bound-1.0.4.tgz 0ms (cache hit)
554 http cache base64-js@https://registry.npmjs.org/base64-js/-/base64-js-0.0.8.tgz 0ms (cache hit)
555 http cache axobject-query@https://registry.npmjs.org/axobject-query/-/axobject-query-4.1.0.tgz 0ms (cache hit)
556 http cache axe-core@https://registry.npmjs.org/axe-core/-/axe-core-4.11.4.tgz 0ms (cache hit)
557 http cache available-typed-arrays@https://registry.npmjs.org/available-typed-arrays/-/available-typed-arrays-1.0.7.tgz 0ms (cache hit)
558 http cache arraybuffer.prototype.slice@https://registry.npmjs.org/arraybuffer.prototype.slice/-/arraybuffer.prototype.slice-1.0.4.tgz 0ms (cache hit)
559 http cache ast-types-flow@https://registry.npmjs.org/ast-types-flow/-/ast-types-flow-0.0.8.tgz 0ms (cache hit)
560 http cache array.prototype.flat@https://registry.npmjs.org/array.prototype.flat/-/array.prototype.flat-1.3.3.tgz 0ms (cache hit)
561 http cache array.prototype.tosorted@https://registry.npmjs.org/array.prototype.tosorted/-/array.prototype.tosorted-1.1.4.tgz 0ms (cache hit)
562 http cache array.prototype.flatmap@https://registry.npmjs.org/array.prototype.flatmap/-/array.prototype.flatmap-1.3.3.tgz 0ms (cache hit)
563 http cache array-includes@https://registry.npmjs.org/array-includes/-/array-includes-3.1.9.tgz 0ms (cache hit)
564 http cache css-box-shadow@https://registry.npmjs.org/css-box-shadow/-/css-box-shadow-1.0.0-3.tgz 0ms (cache hit)
565 http cache async-function@https://registry.npmjs.org/async-function/-/async-function-1.0.0.tgz 0ms (cache hit)
566 http cache aria-query@https://registry.npmjs.org/aria-query/-/aria-query-5.3.2.tgz 0ms (cache hit)
567 http cache array.prototype.findlast@https://registry.npmjs.org/array.prototype.findlast/-/array.prototype.findlast-1.2.5.tgz 0ms (cache hit)
568 http cache array-buffer-byte-length@https://registry.npmjs.org/array-buffer-byte-length/-/array-buffer-byte-length-1.0.2.tgz 0ms (cache hit)
569 http cache @rolldown/pluginutils@https://registry.npmjs.org/@rolldown/pluginutils/-/pluginutils-1.0.0-rc.18.tgz 0ms (cache hit)
570 http cache eslint-visitor-keys@https://registry.npmjs.org/eslint-visitor-keys/-/eslint-visitor-keys-5.0.1.tgz 0ms (cache hit)
571 http cache acorn-loose@https://registry.npmjs.org/acorn-loose/-/acorn-loose-8.5.2.tgz 0ms (cache hit)
572 http cache semver@https://registry.npmjs.org/semver/-/semver-7.8.0.tgz 0ms (cache hit)
573 http cache ignore@https://registry.npmjs.org/ignore/-/ignore-7.0.5.tgz 0ms (cache hit)
574 http cache brace-expansion@https://registry.npmjs.org/brace-expansion/-/brace-expansion-5.0.6.tgz 0ms (cache hit)
575 http cache supports-color@https://registry.npmjs.org/supports-color/-/supports-color-10.2.2.tgz 0ms (cache hit)
576 http cache balanced-match@https://registry.npmjs.org/balanced-match/-/balanced-match-4.0.4.tgz 0ms (cache hit)
577 http cache esbuild@https://registry.npmjs.org/esbuild/-/esbuild-0.27.3.tgz 0ms (cache hit)
578 http cache @esbuild/darwin-arm64@https://registry.npmjs.org/@esbuild/darwin-arm64/-/darwin-arm64-0.18.20.tgz 0ms (cache hit)
579 http cache esbuild@https://registry.npmjs.org/esbuild/-/esbuild-0.18.20.tgz 0ms (cache hit)
580 http cache @esbuild/darwin-arm64@https://registry.npmjs.org/@esbuild/darwin-arm64/-/darwin-arm64-0.27.3.tgz 0ms (cache hit)
581 http cache minimatch@https://registry.npmjs.org/minimatch/-/minimatch-10.2.5.tgz 0ms (cache hit)
582 http cache glob-parent@https://registry.npmjs.org/glob-parent/-/glob-parent-5.1.2.tgz 0ms (cache hit)
583 http cache @jridgewell/trace-mapping@https://registry.npmjs.org/@jridgewell/trace-mapping/-/trace-mapping-0.3.9.tgz 0ms (cache hit)
584 http cache es-module-lexer@https://registry.npmjs.org/es-module-lexer/-/es-module-lexer-1.7.0.tgz 0ms (cache hit)
585 http cache lightningcss@https://registry.npmjs.org/lightningcss/-/lightningcss-1.32.0.tgz 0ms (cache hit)
586 http cache lightningcss-darwin-arm64@https://registry.npmjs.org/lightningcss-darwin-arm64/-/lightningcss-darwin-arm64-1.32.0.tgz 0ms (cache hit)
587 http cache fast-glob@https://registry.npmjs.org/fast-glob/-/fast-glob-3.3.3.tgz 0ms (cache hit)
588 http cache estraverse@https://registry.npmjs.org/estraverse/-/estraverse-4.3.0.tgz 0ms (cache hit)
589 http cache js-tokens@https://registry.npmjs.org/js-tokens/-/js-tokens-9.0.1.tgz 0ms (cache hit)
590 http cache picomatch@https://registry.npmjs.org/picomatch/-/picomatch-4.0.4.tgz 0ms (cache hit)
591 http cache picomatch@https://registry.npmjs.org/picomatch/-/picomatch-4.0.4.tgz 0ms (cache hit)
592 http cache eslint-scope@https://registry.npmjs.org/eslint-scope/-/eslint-scope-5.1.1.tgz 0ms (cache hit)
593 http cache fdir@https://registry.npmjs.org/fdir/-/fdir-6.5.0.tgz 0ms (cache hit)
594 http cache glob-parent@https://registry.npmjs.org/glob-parent/-/glob-parent-5.1.2.tgz 0ms (cache hit)
595 http cache @esbuild/darwin-arm64@https://registry.npmjs.org/@esbuild/darwin-arm64/-/darwin-arm64-0.25.12.tgz 0ms (cache hit)
596 silly tarball no local data for update-browserslist-db@https://registry.npmjs.org/update-browserslist-db/-/update-browserslist-db-1.2.3.tgz. Extracting by manifest.
597 silly tarball no local data for which@https://registry.npmjs.org/which/-/which-2.0.2.tgz. Extracting by manifest.
598 silly tarball no local data for nanoid@https://registry.npmjs.org/nanoid/-/nanoid-3.3.12.tgz. Extracting by manifest.
599 silly tarball no local data for typescript@https://registry.npmjs.org/typescript/-/typescript-5.9.3.tgz. Extracting by manifest.
600 silly tarball no local data for json5@https://registry.npmjs.org/json5/-/json5-2.2.3.tgz. Extracting by manifest.
601 silly tarball no local data for js-yaml@https://registry.npmjs.org/js-yaml/-/js-yaml-4.1.1.tgz. Extracting by manifest.
602 silly tarball no local data for browserslist@https://registry.npmjs.org/browserslist/-/browserslist-4.28.2.tgz. Extracting by manifest.
603 silly tarball no local data for @vitejs/plugin-react@https://registry.npmjs.org/@vitejs/plugin-react/-/plugin-react-6.0.2.tgz. Extracting by manifest.
604 silly tarball no local data for @vitejs/plugin-rsc@https://registry.npmjs.org/@vitejs/plugin-rsc/-/plugin-rsc-0.5.26.tgz. Extracting by manifest.
605 silly tarball no local data for semver@https://registry.npmjs.org/semver/-/semver-6.3.1.tgz. Extracting by manifest.
606 silly tarball no local data for acorn@https://registry.npmjs.org/acorn/-/acorn-8.16.0.tgz. Extracting by manifest.
607 silly tarball no local data for @vercel/og@https://registry.npmjs.org/@vercel/og/-/og-0.8.6.tgz. Extracting by manifest.
608 http cache semver@https://registry.npmjs.org/semver/-/semver-7.8.0.tgz 0ms (cache hit)
609 silly tarball no local data for @unpic/core@https://registry.npmjs.org/@unpic/core/-/core-1.0.3.tgz. Extracting by manifest.
610 silly tarball no local data for @vinext/types@https://registry.npmjs.org/@vinext/types/-/types-1.0.0-beta.2.tgz. Extracting by manifest.
611 silly tarball no local data for @typescript-eslint/utils@https://registry.npmjs.org/@typescript-eslint/utils/-/utils-8.59.3.tgz. Extracting by manifest.
612 silly tarball no local data for @typescript-eslint/typescript-estree@https://registry.npmjs.org/@typescript-eslint/typescript-estree/-/typescript-estree-8.59.3.tgz. Extracting by manifest.
613 silly tarball no local data for @typescript-eslint/scope-manager@https://registry.npmjs.org/@typescript-eslint/scope-manager/-/scope-manager-8.59.3.tgz. Extracting by manifest.
614 silly tarball no local data for @typescript-eslint/types@https://registry.npmjs.org/@typescript-eslint/types/-/types-8.59.3.tgz. Extracting by manifest.
615 silly tarball no local data for @typescript-eslint/project-service@https://registry.npmjs.org/@typescript-eslint/project-service/-/project-service-8.59.3.tgz. Extracting by manifest.
616 silly tarball no local data for @typescript-eslint/visitor-keys@https://registry.npmjs.org/@typescript-eslint/visitor-keys/-/visitor-keys-8.59.3.tgz. Extracting by manifest.
617 silly tarball no local data for @typescript-eslint/tsconfig-utils@https://registry.npmjs.org/@typescript-eslint/tsconfig-utils/-/tsconfig-utils-8.59.3.tgz. Extracting by manifest.
618 silly tarball no local data for @typescript-eslint/eslint-plugin@https://registry.npmjs.org/@typescript-eslint/eslint-plugin/-/eslint-plugin-8.59.3.tgz. Extracting by manifest.
619 silly tarball no local data for @types/react-dom@https://registry.npmjs.org/@types/react-dom/-/react-dom-19.2.3.tgz. Extracting by manifest.
620 silly tarball no local data for @typescript-eslint/type-utils@https://registry.npmjs.org/@typescript-eslint/type-utils/-/type-utils-8.59.3.tgz. Extracting by manifest.
621 silly tarball no local data for @types/node@https://registry.npmjs.org/@types/node/-/node-22.19.19.tgz. Extracting by manifest.
622 silly tarball no local data for @types/react@https://registry.npmjs.org/@types/react/-/react-19.2.14.tgz. Extracting by manifest.
623 silly tarball no local data for @speed-highlight/core@https://registry.npmjs.org/@speed-highlight/core/-/core-1.2.15.tgz. Extracting by manifest.
624 silly tarball no local data for @tailwindcss/oxide-darwin-arm64@https://registry.npmjs.org/@tailwindcss/oxide-darwin-arm64/-/oxide-darwin-arm64-4.2.1.tgz. Extracting by manifest.
625 silly tarball no local data for @tailwindcss/oxide@https://registry.npmjs.org/@tailwindcss/oxide/-/oxide-4.2.1.tgz. Extracting by manifest.
626 silly tarball no local data for @typescript-eslint/parser@https://registry.npmjs.org/@typescript-eslint/parser/-/parser-8.59.3.tgz. Extracting by manifest.
627 silly tarball no local data for @shuding/opentype.js@https://registry.npmjs.org/@shuding/opentype.js/-/opentype.js-1.4.0-beta.0.tgz. Extracting by manifest.
628 silly tarball no local data for @tailwindcss/node@https://registry.npmjs.org/@tailwindcss/node/-/node-4.2.1.tgz. Extracting by manifest.
629 silly tarball no local data for @rolldown/pluginutils@https://registry.npmjs.org/@rolldown/pluginutils/-/pluginutils-1.0.1.tgz. Extracting by manifest.
630 silly tarball no local data for @resvg/resvg-wasm@https://registry.npmjs.org/@resvg/resvg-wasm/-/resvg-wasm-2.4.0.tgz. Extracting by manifest.
631 silly tarball no local data for @tailwindcss/postcss@https://registry.npmjs.org/@tailwindcss/postcss/-/postcss-4.2.1.tgz. Extracting by manifest.
632 silly tarball no local data for @poppinss/exception@https://registry.npmjs.org/@poppinss/exception/-/exception-1.2.3.tgz. Extracting by manifest.
633 silly tarball no local data for @rolldown/binding-darwin-arm64@https://registry.npmjs.org/@rolldown/binding-darwin-arm64/-/binding-darwin-arm64-1.0.1.tgz. Extracting by manifest.
634 silly tarball no local data for @poppinss/dumper@https://registry.npmjs.org/@poppinss/dumper/-/dumper-0.6.5.tgz. Extracting by manifest.
635 silly tarball no local data for @sindresorhus/is@https://registry.npmjs.org/@sindresorhus/is/-/is-7.2.0.tgz. Extracting by manifest.
636 silly tarball no local data for @poppinss/colors@https://registry.npmjs.org/@poppinss/colors/-/colors-4.1.6.tgz. Extracting by manifest.
637 silly tarball no local data for @oxc-project/types@https://registry.npmjs.org/@oxc-project/types/-/types-0.130.0.tgz. Extracting by manifest.
638 silly tarball no local data for @jridgewell/remapping@https://registry.npmjs.org/@jridgewell/remapping/-/remapping-2.3.5.tgz. Extracting by manifest.
639 silly tarball no local data for @img/colour@https://registry.npmjs.org/@img/colour/-/colour-1.1.0.tgz. Extracting by manifest.
640 silly tarball no local data for @next/eslint-plugin-next@https://registry.npmjs.org/@next/eslint-plugin-next/-/eslint-plugin-next-16.2.6.tgz. Extracting by manifest.
641 silly tarball no local data for @img/sharp-libvips-darwin-arm64@https://registry.npmjs.org/@img/sharp-libvips-darwin-arm64/-/sharp-libvips-darwin-arm64-1.2.4.tgz. Extracting by manifest.
642 silly tarball no local data for @eslint/config-helpers@https://registry.npmjs.org/@eslint/config-helpers/-/config-helpers-0.4.2.tgz. Extracting by manifest.
643 silly tarball no local data for @eslint/js@https://registry.npmjs.org/@eslint/js/-/js-9.39.4.tgz. Extracting by manifest.
644 silly tarball no local data for @eslint/plugin-kit@https://registry.npmjs.org/@eslint/plugin-kit/-/plugin-kit-0.4.1.tgz. Extracting by manifest.
645 http cache esbuild@https://registry.npmjs.org/esbuild/-/esbuild-0.25.12.tgz 0ms (cache hit)
646 silly tarball no local data for @eslint/config-array@https://registry.npmjs.org/@eslint/config-array/-/config-array-0.21.2.tgz. Extracting by manifest.
647 silly tarball no local data for @esbuild/darwin-arm64@https://registry.npmjs.org/@esbuild/darwin-arm64/-/darwin-arm64-0.28.0.tgz. Extracting by manifest.
648 silly tarball no local data for @img/sharp-darwin-arm64@https://registry.npmjs.org/@img/sharp-darwin-arm64/-/sharp-darwin-arm64-0.34.5.tgz. Extracting by manifest.
649 silly tarball no local data for @esbuild-kit/core-utils@https://registry.npmjs.org/@esbuild-kit/core-utils/-/core-utils-3.3.2.tgz. Extracting by manifest.
650 silly tarball no local data for @emnapi/runtime@https://registry.npmjs.org/@emnapi/runtime/-/runtime-1.10.0.tgz. Extracting by manifest.
651 silly tarball no local data for @eslint/core@https://registry.npmjs.org/@eslint/core/-/core-0.17.0.tgz. Extracting by manifest.
652 silly tarball no local data for @drizzle-team/brocli@https://registry.npmjs.org/@drizzle-team/brocli/-/brocli-0.10.2.tgz. Extracting by manifest.
653 silly tarball no local data for @cloudflare/vite-plugin@https://registry.npmjs.org/@cloudflare/vite-plugin/-/vite-plugin-1.37.1.tgz. Extracting by manifest.
654 silly tarball no local data for @cspotcode/source-map-support@https://registry.npmjs.org/@cspotcode/source-map-support/-/source-map-support-0.8.1.tgz. Extracting by manifest.
655 silly tarball no local data for @cloudflare/unenv-preset@https://registry.npmjs.org/@cloudflare/unenv-preset/-/unenv-preset-2.16.1.tgz. Extracting by manifest.
656 silly tarball no local data for @babel/traverse@https://registry.npmjs.org/@babel/traverse/-/traverse-7.29.0.tgz. Extracting by manifest.
657 silly tarball no local data for @cloudflare/kv-asset-handler@https://registry.npmjs.org/@cloudflare/kv-asset-handler/-/kv-asset-handler-0.5.0.tgz. Extracting by manifest.
658 silly tarball no local data for @babel/parser@https://registry.npmjs.org/@babel/parser/-/parser-7.29.3.tgz. Extracting by manifest.
659 silly tarball no local data for @babel/template@https://registry.npmjs.org/@babel/template/-/template-7.28.6.tgz. Extracting by manifest.
660 silly tarball no local data for @cloudflare/workerd-darwin-arm64@https://registry.npmjs.org/@cloudflare/workerd-darwin-arm64/-/workerd-darwin-arm64-1.20260515.1.tgz. Extracting by manifest.
661 silly tarball no local data for @babel/helper-validator-option@https://registry.npmjs.org/@babel/helper-validator-option/-/helper-validator-option-7.27.1.tgz. Extracting by manifest.
662 silly tarball no local data for @babel/helper-module-transforms@https://registry.npmjs.org/@babel/helper-module-transforms/-/helper-module-transforms-7.28.6.tgz. Extracting by manifest.
663 silly tarball no local data for @babel/compat-data@https://registry.npmjs.org/@babel/compat-data/-/compat-data-7.29.3.tgz. Extracting by manifest.
664 silly tarball no local data for @babel/helper-module-imports@https://registry.npmjs.org/@babel/helper-module-imports/-/helper-module-imports-7.28.6.tgz. Extracting by manifest.
665 silly tarball no local data for @babel/core@https://registry.npmjs.org/@babel/core/-/core-7.29.0.tgz. Extracting by manifest.
666 silly tarball no local data for @babel/helper-globals@https://registry.npmjs.org/@babel/helper-globals/-/helper-globals-7.28.0.tgz. Extracting by manifest.
667 silly tarball no local data for @alloc/quick-lru@https://registry.npmjs.org/@alloc/quick-lru/-/quick-lru-5.2.0.tgz. Extracting by manifest.
668 silly tarball no local data for @babel/types@https://registry.npmjs.org/@babel/types/-/types-7.29.0.tgz. Extracting by manifest.
669 silly tarball no local data for @babel/generator@https://registry.npmjs.org/@babel/generator/-/generator-7.29.1.tgz. Extracting by manifest.
670 silly tarball no local data for @babel/code-frame@https://registry.npmjs.org/@babel/code-frame/-/code-frame-7.29.0.tgz. Extracting by manifest.
671 silly tarball no local data for yoga-layout@https://registry.npmjs.org/yoga-layout/-/yoga-layout-3.2.1.tgz. Extracting by manifest.
672 silly tarball no local data for zod@https://registry.npmjs.org/zod/-/zod-4.4.3.tgz. Extracting by manifest.
673 silly tarball no local data for zod-validation-error@https://registry.npmjs.org/zod-validation-error/-/zod-validation-error-4.0.2.tgz. Extracting by manifest.
674 silly tarball no local data for @babel/helper-compilation-targets@https://registry.npmjs.org/@babel/helper-compilation-targets/-/helper-compilation-targets-7.28.6.tgz. Extracting by manifest.
675 silly tarball no local data for yallist@https://registry.npmjs.org/yallist/-/yallist-3.1.1.tgz. Extracting by manifest.
676 silly tarball no local data for ws@https://registry.npmjs.org/ws/-/ws-8.18.0.tgz. Extracting by manifest.
677 silly tarball no local data for youch@https://registry.npmjs.org/youch/-/youch-4.1.0-beta.10.tgz. Extracting by manifest.
678 silly tarball no local data for youch-core@https://registry.npmjs.org/youch-core/-/youch-core-0.3.3.tgz. Extracting by manifest.
679 silly tarball no local data for which-builtin-type@https://registry.npmjs.org/which-builtin-type/-/which-builtin-type-1.2.1.tgz. Extracting by manifest.
680 silly tarball no local data for wrangler@https://registry.npmjs.org/wrangler/-/wrangler-4.92.0.tgz. Extracting by manifest.
681 silly tarball no local data for which-collection@https://registry.npmjs.org/which-collection/-/which-collection-1.0.2.tgz. Extracting by manifest.
682 silly tarball no local data for which-boxed-primitive@https://registry.npmjs.org/which-boxed-primitive/-/which-boxed-primitive-1.1.1.tgz. Extracting by manifest.
683 silly tarball no local data for which-typed-array@https://registry.npmjs.org/which-typed-array/-/which-typed-array-1.1.20.tgz. Extracting by manifest.
684 silly tarball no local data for vite-plugin-dynamic-import@https://registry.npmjs.org/vite-plugin-dynamic-import/-/vite-plugin-dynamic-import-1.6.0.tgz. Extracting by manifest.
685 silly tarball no local data for @esbuild-kit/esm-loader@https://registry.npmjs.org/@esbuild-kit/esm-loader/-/esm-loader-2.6.5.tgz. Extracting by manifest.
686 silly tarball no local data for web-vitals@https://registry.npmjs.org/web-vitals/-/web-vitals-4.2.4.tgz. Extracting by manifest.
687 silly tarball no local data for vinext@https://registry.npmjs.org/vinext/-/vinext-1.0.0-beta.2.tgz. Extracting by manifest.
688 silly tarball no local data for workerd@https://registry.npmjs.org/workerd/-/workerd-1.20260515.1.tgz. Extracting by manifest.
689 silly tarball no local data for vite@https://registry.npmjs.org/vite/-/vite-8.0.13.tgz. Extracting by manifest.
690 silly tarball no local data for vite-plugin-commonjs@https://registry.npmjs.org/vite-plugin-commonjs/-/vite-plugin-commonjs-0.10.4.tgz. Extracting by manifest.
691 silly tarball no local data for webpack@https://registry.npmjs.org/webpack/-/webpack-5.106.2.tgz. Extracting by manifest.
692 silly tarball no local data for vitefu@https://registry.npmjs.org/vitefu/-/vitefu-1.1.3.tgz. Extracting by manifest.
693 silly tarball no local data for unenv@https://registry.npmjs.org/unenv/-/unenv-2.0.0-rc.24.tgz. Extracting by manifest.
694 silly tarball no local data for unpic@https://registry.npmjs.org/unpic/-/unpic-4.2.2.tgz. Extracting by manifest.
695 silly tarball no local data for unicode-trie@https://registry.npmjs.org/unicode-trie/-/unicode-trie-2.0.0.tgz. Extracting by manifest.
696 silly tarball no local data for undici-types@https://registry.npmjs.org/undici-types/-/undici-types-6.21.0.tgz. Extracting by manifest.
697 silly tarball no local data for typescript-eslint@https://registry.npmjs.org/typescript-eslint/-/typescript-eslint-8.59.3.tgz. Extracting by manifest.
698 silly tarball no local data for undici@https://registry.npmjs.org/undici/-/undici-7.24.8.tgz. Extracting by manifest.
699 silly tarball no local data for unbox-primitive@https://registry.npmjs.org/unbox-primitive/-/unbox-primitive-1.1.0.tgz. Extracting by manifest.
700 silly tarball no local data for typed-array-byte-length@https://registry.npmjs.org/typed-array-byte-length/-/typed-array-byte-length-1.0.3.tgz. Extracting by manifest.
701 silly tarball no local data for typed-array-buffer@https://registry.npmjs.org/typed-array-buffer/-/typed-array-buffer-1.0.3.tgz. Extracting by manifest.
702 silly tarball no local data for @babel/helpers@https://registry.npmjs.org/@babel/helpers/-/helpers-7.29.2.tgz. Extracting by manifest.
703 silly tarball no local data for @unpic/react@https://registry.npmjs.org/@unpic/react/-/react-1.0.2.tgz. Extracting by manifest.
704 silly tarball no local data for tinyglobby@https://registry.npmjs.org/tinyglobby/-/tinyglobby-0.2.16.tgz. Extracting by manifest.
705 silly tarball no local data for tsx@https://registry.npmjs.org/tsx/-/tsx-4.22.1.tgz. Extracting by manifest.
706 silly tarball no local data for typed-array-length@https://registry.npmjs.org/typed-array-length/-/typed-array-length-1.0.7.tgz. Extracting by manifest.
707 silly tarball no local data for tiny-inflate@https://registry.npmjs.org/tiny-inflate/-/tiny-inflate-1.0.3.tgz. Extracting by manifest.
708 silly tarball no local data for terser-webpack-plugin@https://registry.npmjs.org/terser-webpack-plugin/-/terser-webpack-plugin-5.6.0.tgz. Extracting by manifest.
709 silly tarball no local data for terser@https://registry.npmjs.org/terser/-/terser-5.47.1.tgz. Extracting by manifest.
710 silly tarball no local data for tailwindcss@https://registry.npmjs.org/tailwindcss/-/tailwindcss-4.2.1.tgz. Extracting by manifest.
711 silly tarball no local data for string.prototype.trimstart@https://registry.npmjs.org/string.prototype.trimstart/-/string.prototype.trimstart-1.0.8.tgz. Extracting by manifest.
712 silly tarball no local data for strip-literal@https://registry.npmjs.org/strip-literal/-/strip-literal-3.1.0.tgz. Extracting by manifest.
713 silly tarball no local data for string.prototype.trim@https://registry.npmjs.org/string.prototype.trim/-/string.prototype.trim-1.2.10.tgz. Extracting by manifest.
714 silly tarball no local data for turbo-stream@https://registry.npmjs.org/turbo-stream/-/turbo-stream-3.2.0.tgz. Extracting by manifest.
715 silly tarball no local data for string.prototype.trimend@https://registry.npmjs.org/string.prototype.trimend/-/string.prototype.trimend-1.0.9.tgz. Extracting by manifest.
716 silly tarball no local data for typed-array-byte-offset@https://registry.npmjs.org/typed-array-byte-offset/-/typed-array-byte-offset-1.0.4.tgz. Extracting by manifest.
717 silly tarball no local data for string.prototype.repeat@https://registry.npmjs.org/string.prototype.repeat/-/string.prototype.repeat-1.0.0.tgz. Extracting by manifest.
718 silly tarball no local data for supports-preserve-symlinks-flag@https://registry.npmjs.org/supports-preserve-symlinks-flag/-/supports-preserve-symlinks-flag-1.0.0.tgz. Extracting by manifest.
719 silly tarball no local data for string.prototype.matchall@https://registry.npmjs.org/string.prototype.matchall/-/string.prototype.matchall-4.0.12.tgz. Extracting by manifest.
720 silly tarball no local data for string.prototype.codepointat@https://registry.npmjs.org/string.prototype.codepointat/-/string.prototype.codepointat-0.2.1.tgz. Extracting by manifest.
721 silly tarball no local data for string.prototype.includes@https://registry.npmjs.org/string.prototype.includes/-/string.prototype.includes-2.0.1.tgz. Extracting by manifest.
722 silly tarball no local data for stop-iteration-iterator@https://registry.npmjs.org/stop-iteration-iterator/-/stop-iteration-iterator-1.1.0.tgz. Extracting by manifest.
723 silly tarball no local data for srvx@https://registry.npmjs.org/srvx/-/srvx-0.11.15.tgz. Extracting by manifest.
724 silly tarball no local data for side-channel-list@https://registry.npmjs.org/side-channel-list/-/side-channel-list-1.0.1.tgz. Extracting by manifest.
725 silly tarball no local data for side-channel-weakmap@https://registry.npmjs.org/side-channel-weakmap/-/side-channel-weakmap-1.0.2.tgz. Extracting by manifest.
726 silly tarball no local data for set-proto@https://registry.npmjs.org/set-proto/-/set-proto-1.0.0.tgz. Extracting by manifest.
727 silly tarball no local data for side-channel-map@https://registry.npmjs.org/side-channel-map/-/side-channel-map-1.0.1.tgz. Extracting by manifest.
728 silly tarball no local data for side-channel@https://registry.npmjs.org/side-channel/-/side-channel-1.1.0.tgz. Extracting by manifest.
729 silly tarball no local data for set-function-name@https://registry.npmjs.org/set-function-name/-/set-function-name-2.0.2.tgz. Extracting by manifest.
730 silly tarball no local data for set-function-length@https://registry.npmjs.org/set-function-length/-/set-function-length-1.2.2.tgz. Extracting by manifest.
731 silly tarball no local data for safe-regex-test@https://registry.npmjs.org/safe-regex-test/-/safe-regex-test-1.1.0.tgz. Extracting by manifest.
732 silly tarball no local data for sharp@https://registry.npmjs.org/sharp/-/sharp-0.34.5.tgz. Extracting by manifest.
733 silly tarball no local data for safe-push-apply@https://registry.npmjs.org/safe-push-apply/-/safe-push-apply-1.0.0.tgz. Extracting by manifest.
734 silly tarball no local data for rolldown@https://registry.npmjs.org/rolldown/-/rolldown-1.0.1.tgz. Extracting by manifest.
735 silly tarball no local data for resolve@https://registry.npmjs.org/resolve/-/resolve-2.0.0-next.7.tgz. Extracting by manifest.
736 silly tarball no local data for regexp.prototype.flags@https://registry.npmjs.org/regexp.prototype.flags/-/regexp.prototype.flags-1.5.4.tgz. Extracting by manifest.
737 silly tarball no local data for satori@https://registry.npmjs.org/satori/-/satori-0.16.0.tgz. Extracting by manifest.
738 silly tarball no local data for safe-array-concat@https://registry.npmjs.org/safe-array-concat/-/safe-array-concat-1.1.4.tgz. Extracting by manifest.
739 silly tarball no local data for reflect.getprototypeof@https://registry.npmjs.org/reflect.getprototypeof/-/reflect.getprototypeof-1.0.10.tgz. Extracting by manifest.
740 silly tarball no local data for resolve-pkg-maps@https://registry.npmjs.org/resolve-pkg-maps/-/resolve-pkg-maps-1.0.0.tgz. Extracting by manifest.
741 silly tarball no local data for react-is@https://registry.npmjs.org/react-is/-/react-is-16.13.1.tgz. Extracting by manifest.
742 silly tarball no local data for prop-types@https://registry.npmjs.org/prop-types/-/prop-types-15.8.1.tgz. Extracting by manifest.
743 silly tarball no local data for postcss@https://registry.npmjs.org/postcss/-/postcss-8.5.14.tgz. Extracting by manifest.
744 silly tarball no local data for react-server-dom-webpack@https://registry.npmjs.org/react-server-dom-webpack/-/react-server-dom-webpack-19.2.6.tgz. Extracting by manifest.
745 silly tarball no local data for pathe@https://registry.npmjs.org/pathe/-/pathe-2.0.3.tgz. Extracting by manifest.
746 silly tarball no local data for path-to-regexp@https://registry.npmjs.org/path-to-regexp/-/path-to-regexp-6.3.0.tgz. Extracting by manifest.
747 silly tarball no local data for parse-css-color@https://registry.npmjs.org/parse-css-color/-/parse-css-color-0.2.1.tgz. Extracting by manifest.
748 silly tarball no local data for react-dom@https://registry.npmjs.org/react-dom/-/react-dom-19.2.6.tgz. Extracting by manifest.
749 silly tarball no local data for path-parse@https://registry.npmjs.org/path-parse/-/path-parse-1.0.7.tgz. Extracting by manifest.
750 silly tarball no local data for possible-typed-array-names@https://registry.npmjs.org/possible-typed-array-names/-/possible-typed-array-names-1.1.0.tgz. Extracting by manifest.
751 silly tarball no local data for own-keys@https://registry.npmjs.org/own-keys/-/own-keys-1.0.1.tgz. Extracting by manifest.
752 silly tarball no local data for pako@https://registry.npmjs.org/pako/-/pako-0.2.9.tgz. Extracting by manifest.
753 silly tarball no local data for object.values@https://registry.npmjs.org/object.values/-/object.values-1.2.1.tgz. Extracting by manifest.
754 silly tarball no local data for object.fromentries@https://registry.npmjs.org/object.fromentries/-/object.fromentries-2.0.8.tgz. Extracting by manifest.
755 silly tarball no local data for object.entries@https://registry.npmjs.org/object.entries/-/object.entries-1.1.9.tgz. Extracting by manifest.
756 silly tarball no local data for object-keys@https://registry.npmjs.org/object-keys/-/object-keys-1.1.1.tgz. Extracting by manifest.
757 silly tarball no local data for object-inspect@https://registry.npmjs.org/object-inspect/-/object-inspect-1.13.4.tgz. Extracting by manifest.
758 silly tarball no local data for node-releases@https://registry.npmjs.org/node-releases/-/node-releases-2.0.44.tgz. Extracting by manifest.
759 silly tarball no local data for node-exports-info@https://registry.npmjs.org/node-exports-info/-/node-exports-info-1.6.0.tgz. Extracting by manifest.
760 silly tarball no local data for magic-string@https://registry.npmjs.org/magic-string/-/magic-string-0.30.21.tgz. Extracting by manifest.
761 silly tarball no local data for object.assign@https://registry.npmjs.org/object.assign/-/object.assign-4.1.7.tgz. Extracting by manifest.
762 silly tarball no local data for miniflare@https://registry.npmjs.org/miniflare/-/miniflare-4.20260515.0.tgz. Extracting by manifest.
763 silly tarball no local data for lightningcss-darwin-arm64@https://registry.npmjs.org/lightningcss-darwin-arm64/-/lightningcss-darwin-arm64-1.31.1.tgz. Extracting by manifest.
764 silly tarball no local data for linebreak@https://registry.npmjs.org/linebreak/-/linebreak-1.1.0.tgz. Extracting by manifest.
765 silly tarball no local data for loose-envify@https://registry.npmjs.org/loose-envify/-/loose-envify-1.4.0.tgz. Extracting by manifest.
766 silly tarball no local data for lightningcss@https://registry.npmjs.org/lightningcss/-/lightningcss-1.31.1.tgz. Extracting by manifest.
767 silly tarball no local data for react@https://registry.npmjs.org/react/-/react-19.2.6.tgz. Extracting by manifest.
768 silly tarball no local data for language-subtag-registry@https://registry.npmjs.org/language-subtag-registry/-/language-subtag-registry-0.3.23.tgz. Extracting by manifest.
769 silly tarball no local data for language-tags@https://registry.npmjs.org/language-tags/-/language-tags-1.0.9.tgz. Extracting by manifest.
770 silly tarball no local data for jsx-ast-utils@https://registry.npmjs.org/jsx-ast-utils/-/jsx-ast-utils-3.3.5.tgz. Extracting by manifest.
771 silly tarball no local data for lru-cache@https://registry.npmjs.org/lru-cache/-/lru-cache-5.1.1.tgz. Extracting by manifest.
772 silly tarball no local data for jsesc@https://registry.npmjs.org/jsesc/-/jsesc-3.1.0.tgz. Extracting by manifest.
773 silly tarball no local data for kleur@https://registry.npmjs.org/kleur/-/kleur-4.1.5.tgz. Extracting by manifest.
774 silly tarball no local data for js-tokens@https://registry.npmjs.org/js-tokens/-/js-tokens-4.0.0.tgz. Extracting by manifest.
775 silly tarball no local data for isarray@https://registry.npmjs.org/isarray/-/isarray-2.0.5.tgz. Extracting by manifest.
776 silly tarball no local data for iterator.prototype@https://registry.npmjs.org/iterator.prototype/-/iterator.prototype-1.1.5.tgz. Extracting by manifest.
777 silly tarball no local data for is-weakset@https://registry.npmjs.org/is-weakset/-/is-weakset-2.0.4.tgz. Extracting by manifest.
778 silly tarball no local data for is-typed-array@https://registry.npmjs.org/is-typed-array/-/is-typed-array-1.1.15.tgz. Extracting by manifest.
779 silly tarball no local data for jiti@https://registry.npmjs.org/jiti/-/jiti-2.7.0.tgz. Extracting by manifest.
780 silly tarball no local data for is-set@https://registry.npmjs.org/is-set/-/is-set-2.0.3.tgz. Extracting by manifest.
781 silly tarball no local data for is-weakref@https://registry.npmjs.org/is-weakref/-/is-weakref-1.1.1.tgz. Extracting by manifest.
782 silly tarball no local data for is-weakmap@https://registry.npmjs.org/is-weakmap/-/is-weakmap-2.0.2.tgz. Extracting by manifest.
783 silly tarball no local data for is-shared-array-buffer@https://registry.npmjs.org/is-shared-array-buffer/-/is-shared-array-buffer-1.0.4.tgz. Extracting by manifest.
784 silly tarball no local data for is-regex@https://registry.npmjs.org/is-regex/-/is-regex-1.2.1.tgz. Extracting by manifest.
785 silly tarball no local data for is-string@https://registry.npmjs.org/is-string/-/is-string-1.1.1.tgz. Extracting by manifest.
786 silly tarball no local data for is-symbol@https://registry.npmjs.org/is-symbol/-/is-symbol-1.1.1.tgz. Extracting by manifest.
787 silly tarball no local data for is-negative-zero@https://registry.npmjs.org/is-negative-zero/-/is-negative-zero-2.0.3.tgz. Extracting by manifest.
788 silly tarball no local data for is-finalizationregistry@https://registry.npmjs.org/is-finalizationregistry/-/is-finalizationregistry-1.1.1.tgz. Extracting by manifest.
789 silly tarball no local data for is-map@https://registry.npmjs.org/is-map/-/is-map-2.0.3.tgz. Extracting by manifest.
790 silly tarball no local data for is-generator-function@https://registry.npmjs.org/is-generator-function/-/is-generator-function-1.1.2.tgz. Extracting by manifest.
791 silly tarball no local data for is-data-view@https://registry.npmjs.org/is-data-view/-/is-data-view-1.0.2.tgz. Extracting by manifest.
792 silly tarball no local data for is-number-object@https://registry.npmjs.org/is-number-object/-/is-number-object-1.1.1.tgz. Extracting by manifest.
793 silly tarball no local data for is-date-object@https://registry.npmjs.org/is-date-object/-/is-date-object-1.1.0.tgz. Extracting by manifest.
794 silly tarball no local data for is-boolean-object@https://registry.npmjs.org/is-boolean-object/-/is-boolean-object-1.2.2.tgz. Extracting by manifest.
795 silly tarball no local data for is-callable@https://registry.npmjs.org/is-callable/-/is-callable-1.2.7.tgz. Extracting by manifest.
796 silly tarball no local data for is-core-module@https://registry.npmjs.org/is-core-module/-/is-core-module-2.16.2.tgz. Extracting by manifest.
797 silly tarball no local data for is-async-function@https://registry.npmjs.org/is-async-function/-/is-async-function-2.1.1.tgz. Extracting by manifest.
798 silly tarball no local data for is-array-buffer@https://registry.npmjs.org/is-array-buffer/-/is-array-buffer-3.0.5.tgz. Extracting by manifest.
799 silly tarball no local data for is-bigint@https://registry.npmjs.org/is-bigint/-/is-bigint-1.1.0.tgz. Extracting by manifest.
800 silly tarball no local data for internal-slot@https://registry.npmjs.org/internal-slot/-/internal-slot-1.1.0.tgz. Extracting by manifest.
801 silly tarball no local data for ipaddr.js@https://registry.npmjs.org/ipaddr.js/-/ipaddr.js-2.4.0.tgz. Extracting by manifest.
802 silly tarball no local data for hex-rgb@https://registry.npmjs.org/hex-rgb/-/hex-rgb-4.3.0.tgz. Extracting by manifest.
803 silly tarball no local data for hasown@https://registry.npmjs.org/hasown/-/hasown-2.0.3.tgz. Extracting by manifest.
804 silly tarball no local data for hermes-estree@https://registry.npmjs.org/hermes-estree/-/hermes-estree-0.25.1.tgz. Extracting by manifest.
805 silly tarball no local data for hermes-parser@https://registry.npmjs.org/hermes-parser/-/hermes-parser-0.25.1.tgz. Extracting by manifest.
806 silly tarball no local data for image-size@https://registry.npmjs.org/image-size/-/image-size-2.0.2.tgz. Extracting by manifest.
807 silly tarball no local data for has-bigints@https://registry.npmjs.org/has-bigints/-/has-bigints-1.1.0.tgz. Extracting by manifest.
808 silly tarball no local data for has-property-descriptors@https://registry.npmjs.org/has-property-descriptors/-/has-property-descriptors-1.0.2.tgz. Extracting by manifest.
809 silly tarball no local data for globals@https://registry.npmjs.org/globals/-/globals-16.4.0.tgz. Extracting by manifest.
810 silly tarball no local data for get-tsconfig@https://registry.npmjs.org/get-tsconfig/-/get-tsconfig-4.14.0.tgz. Extracting by manifest.
811 silly tarball no local data for get-symbol-description@https://registry.npmjs.org/get-symbol-description/-/get-symbol-description-1.1.0.tgz. Extracting by manifest.
812 silly tarball no local data for gensync@https://registry.npmjs.org/gensync/-/gensync-1.0.0-beta.2.tgz. Extracting by manifest.
813 silly tarball no local data for generator-function@https://registry.npmjs.org/generator-function/-/generator-function-2.0.1.tgz. Extracting by manifest.
814 silly tarball no local data for for-each@https://registry.npmjs.org/for-each/-/for-each-0.3.5.tgz. Extracting by manifest.
815 silly tarball no local data for globalthis@https://registry.npmjs.org/globalthis/-/globalthis-1.0.4.tgz. Extracting by manifest.
816 silly tarball no local data for function.prototype.name@https://registry.npmjs.org/function.prototype.name/-/function.prototype.name-1.1.8.tgz. Extracting by manifest.
817 silly tarball no local data for fflate@https://registry.npmjs.org/fflate/-/fflate-0.7.4.tgz. Extracting by manifest.
818 silly tarball no local data for functions-have-names@https://registry.npmjs.org/functions-have-names/-/functions-have-names-1.2.3.tgz. Extracting by manifest.
819 silly tarball no local data for has-proto@https://registry.npmjs.org/has-proto/-/has-proto-1.2.0.tgz. Extracting by manifest.
820 silly tarball no local data for estree-walker@https://registry.npmjs.org/estree-walker/-/estree-walker-3.0.3.tgz. Extracting by manifest.
821 silly tarball no local data for fast-glob@https://registry.npmjs.org/fast-glob/-/fast-glob-3.3.1.tgz. Extracting by manifest.
822 silly tarball no local data for fast-uri@https://registry.npmjs.org/fast-uri/-/fast-uri-3.1.2.tgz. Extracting by manifest.
823 silly tarball no local data for eslint-plugin-react-hooks@https://registry.npmjs.org/eslint-plugin-react-hooks/-/eslint-plugin-react-hooks-7.1.1.tgz. Extracting by manifest.
824 silly tarball no local data for eslint@https://registry.npmjs.org/eslint/-/eslint-9.39.4.tgz. Extracting by manifest.
825 silly tarball no local data for esbuild@https://registry.npmjs.org/esbuild/-/esbuild-0.28.0.tgz. Extracting by manifest.
826 silly tarball no local data for es-to-primitive@https://registry.npmjs.org/es-to-primitive/-/es-to-primitive-1.3.0.tgz. Extracting by manifest.
827 silly tarball no local data for es-shim-unscopables@https://registry.npmjs.org/es-shim-unscopables/-/es-shim-unscopables-1.1.0.tgz. Extracting by manifest.
828 silly tarball no local data for es-object-atoms@https://registry.npmjs.org/es-object-atoms/-/es-object-atoms-1.1.1.tgz. Extracting by manifest.
829 silly tarball no local data for escape-html@https://registry.npmjs.org/escape-html/-/escape-html-1.0.3.tgz. Extracting by manifest.
830 silly tarball no local data for eslint-plugin-jsx-a11y@https://registry.npmjs.org/eslint-plugin-jsx-a11y/-/eslint-plugin-jsx-a11y-6.10.2.tgz. Extracting by manifest.
831 silly tarball no local data for eslint-plugin-react@https://registry.npmjs.org/eslint-plugin-react/-/eslint-plugin-react-7.37.5.tgz. Extracting by manifest.
832 silly tarball no local data for es-abstract@https://registry.npmjs.org/es-abstract/-/es-abstract-1.24.2.tgz. Extracting by manifest.
833 silly tarball no local data for enhanced-resolve@https://registry.npmjs.org/enhanced-resolve/-/enhanced-resolve-5.21.3.tgz. Extracting by manifest.
834 silly tarball no local data for es-iterator-helpers@https://registry.npmjs.org/es-iterator-helpers/-/es-iterator-helpers-1.3.2.tgz. Extracting by manifest.
835 silly tarball no local data for error-stack-parser-es@https://registry.npmjs.org/error-stack-parser-es/-/error-stack-parser-es-1.0.5.tgz. Extracting by manifest.
836 silly tarball no local data for drizzle-orm@https://registry.npmjs.org/drizzle-orm/-/drizzle-orm-0.45.2.tgz. Extracting by manifest.
837 silly tarball no local data for doctrine@https://registry.npmjs.org/doctrine/-/doctrine-2.1.0.tgz. Extracting by manifest.
838 silly tarball no local data for emoji-regex-xs@https://registry.npmjs.org/emoji-regex-xs/-/emoji-regex-xs-2.0.1.tgz. Extracting by manifest.
839 silly tarball no local data for define-properties@https://registry.npmjs.org/define-properties/-/define-properties-1.2.1.tgz. Extracting by manifest.
840 silly tarball no local data for define-data-property@https://registry.npmjs.org/define-data-property/-/define-data-property-1.1.4.tgz. Extracting by manifest.
841 silly tarball no local data for data-view-byte-length@https://registry.npmjs.org/data-view-byte-length/-/data-view-byte-length-1.0.2.tgz. Extracting by manifest.
842 silly tarball no local data for drizzle-kit@https://registry.npmjs.org/drizzle-kit/-/drizzle-kit-0.31.10.tgz. Extracting by manifest.
843 silly tarball no local data for electron-to-chromium@https://registry.npmjs.org/electron-to-chromium/-/electron-to-chromium-1.5.358.tgz. Extracting by manifest.
844 silly tarball no local data for css-to-react-native@https://registry.npmjs.org/css-to-react-native/-/css-to-react-native-3.2.0.tgz. Extracting by manifest.
845 silly tarball no local data for data-view-byte-offset@https://registry.npmjs.org/data-view-byte-offset/-/data-view-byte-offset-1.0.1.tgz. Extracting by manifest.
846 silly tarball no local data for data-view-buffer@https://registry.npmjs.org/data-view-buffer/-/data-view-buffer-1.0.2.tgz. Extracting by manifest.
847 silly tarball no local data for damerau-levenshtein@https://registry.npmjs.org/damerau-levenshtein/-/damerau-levenshtein-1.0.8.tgz. Extracting by manifest.
848 silly tarball no local data for css-background-parser@https://registry.npmjs.org/css-background-parser/-/css-background-parser-0.1.0.tgz. Extracting by manifest.
849 silly tarball no local data for css-color-keywords@https://registry.npmjs.org/css-color-keywords/-/css-color-keywords-1.0.0.tgz. Extracting by manifest.
850 silly tarball no local data for css-gradient-parser@https://registry.npmjs.org/css-gradient-parser/-/css-gradient-parser-0.0.16.tgz. Extracting by manifest.
851 silly tarball no local data for convert-source-map@https://registry.npmjs.org/convert-source-map/-/convert-source-map-2.0.0.tgz. Extracting by manifest.
852 silly tarball no local data for caniuse-lite@https://registry.npmjs.org/caniuse-lite/-/caniuse-lite-1.0.30001793.tgz. Extracting by manifest.
853 silly tarball no local data for cookie@https://registry.npmjs.org/cookie/-/cookie-1.1.1.tgz. Extracting by manifest.
854 silly tarball no local data for call-bind@https://registry.npmjs.org/call-bind/-/call-bind-1.0.9.tgz. Extracting by manifest.
855 silly tarball no local data for camelize@https://registry.npmjs.org/camelize/-/camelize-1.0.1.tgz. Extracting by manifest.
856 silly tarball no local data for blake3-wasm@https://registry.npmjs.org/blake3-wasm/-/blake3-wasm-2.1.5.tgz. Extracting by manifest.
857 silly tarball no local data for baseline-browser-mapping@https://registry.npmjs.org/baseline-browser-mapping/-/baseline-browser-mapping-2.10.30.tgz. Extracting by manifest.
858 silly tarball no local data for call-bound@https://registry.npmjs.org/call-bound/-/call-bound-1.0.4.tgz. Extracting by manifest.
859 silly tarball no local data for base64-js@https://registry.npmjs.org/base64-js/-/base64-js-0.0.8.tgz. Extracting by manifest.
860 silly tarball no local data for axobject-query@https://registry.npmjs.org/axobject-query/-/axobject-query-4.1.0.tgz. Extracting by manifest.
861 silly tarball no local data for axe-core@https://registry.npmjs.org/axe-core/-/axe-core-4.11.4.tgz. Extracting by manifest.
862 silly tarball no local data for available-typed-arrays@https://registry.npmjs.org/available-typed-arrays/-/available-typed-arrays-1.0.7.tgz. Extracting by manifest.
863 silly tarball no local data for arraybuffer.prototype.slice@https://registry.npmjs.org/arraybuffer.prototype.slice/-/arraybuffer.prototype.slice-1.0.4.tgz. Extracting by manifest.
864 silly tarball no local data for ast-types-flow@https://registry.npmjs.org/ast-types-flow/-/ast-types-flow-0.0.8.tgz. Extracting by manifest.
865 silly tarball no local data for array.prototype.flat@https://registry.npmjs.org/array.prototype.flat/-/array.prototype.flat-1.3.3.tgz. Extracting by manifest.
866 silly tarball no local data for array.prototype.tosorted@https://registry.npmjs.org/array.prototype.tosorted/-/array.prototype.tosorted-1.1.4.tgz. Extracting by manifest.
867 silly tarball no local data for array.prototype.flatmap@https://registry.npmjs.org/array.prototype.flatmap/-/array.prototype.flatmap-1.3.3.tgz. Extracting by manifest.
868 silly tarball no local data for array-includes@https://registry.npmjs.org/array-includes/-/array-includes-3.1.9.tgz. Extracting by manifest.
869 silly tarball no local data for css-box-shadow@https://registry.npmjs.org/css-box-shadow/-/css-box-shadow-1.0.0-3.tgz. Extracting by manifest.
870 silly tarball no local data for async-function@https://registry.npmjs.org/async-function/-/async-function-1.0.0.tgz. Extracting by manifest.
871 silly tarball no local data for aria-query@https://registry.npmjs.org/aria-query/-/aria-query-5.3.2.tgz. Extracting by manifest.
872 silly tarball no local data for array.prototype.findlast@https://registry.npmjs.org/array.prototype.findlast/-/array.prototype.findlast-1.2.5.tgz. Extracting by manifest.
873 silly tarball no local data for array-buffer-byte-length@https://registry.npmjs.org/array-buffer-byte-length/-/array-buffer-byte-length-1.0.2.tgz. Extracting by manifest.
874 silly tarball no local data for @rolldown/pluginutils@https://registry.npmjs.org/@rolldown/pluginutils/-/pluginutils-1.0.0-rc.18.tgz. Extracting by manifest.
875 silly tarball no local data for eslint-visitor-keys@https://registry.npmjs.org/eslint-visitor-keys/-/eslint-visitor-keys-5.0.1.tgz. Extracting by manifest.
876 silly tarball no local data for acorn-loose@https://registry.npmjs.org/acorn-loose/-/acorn-loose-8.5.2.tgz. Extracting by manifest.
877 silly tarball no local data for semver@https://registry.npmjs.org/semver/-/semver-7.8.0.tgz. Extracting by manifest.
878 silly tarball no local data for ignore@https://registry.npmjs.org/ignore/-/ignore-7.0.5.tgz. Extracting by manifest.
879 silly tarball no local data for brace-expansion@https://registry.npmjs.org/brace-expansion/-/brace-expansion-5.0.6.tgz. Extracting by manifest.
880 silly tarball no local data for supports-color@https://registry.npmjs.org/supports-color/-/supports-color-10.2.2.tgz. Extracting by manifest.
881 silly tarball no local data for balanced-match@https://registry.npmjs.org/balanced-match/-/balanced-match-4.0.4.tgz. Extracting by manifest.
882 silly tarball no local data for esbuild@https://registry.npmjs.org/esbuild/-/esbuild-0.27.3.tgz. Extracting by manifest.
883 silly tarball no local data for @esbuild/darwin-arm64@https://registry.npmjs.org/@esbuild/darwin-arm64/-/darwin-arm64-0.18.20.tgz. Extracting by manifest.
884 silly tarball no local data for esbuild@https://registry.npmjs.org/esbuild/-/esbuild-0.18.20.tgz. Extracting by manifest.
885 silly tarball no local data for @esbuild/darwin-arm64@https://registry.npmjs.org/@esbuild/darwin-arm64/-/darwin-arm64-0.27.3.tgz. Extracting by manifest.
886 silly tarball no local data for minimatch@https://registry.npmjs.org/minimatch/-/minimatch-10.2.5.tgz. Extracting by manifest.
887 silly tarball no local data for glob-parent@https://registry.npmjs.org/glob-parent/-/glob-parent-5.1.2.tgz. Extracting by manifest.
888 silly tarball no local data for @jridgewell/trace-mapping@https://registry.npmjs.org/@jridgewell/trace-mapping/-/trace-mapping-0.3.9.tgz. Extracting by manifest.
889 silly tarball no local data for es-module-lexer@https://registry.npmjs.org/es-module-lexer/-/es-module-lexer-1.7.0.tgz. Extracting by manifest.
890 silly tarball no local data for lightningcss@https://registry.npmjs.org/lightningcss/-/lightningcss-1.32.0.tgz. Extracting by manifest.
891 silly tarball no local data for lightningcss-darwin-arm64@https://registry.npmjs.org/lightningcss-darwin-arm64/-/lightningcss-darwin-arm64-1.32.0.tgz. Extracting by manifest.
892 silly tarball no local data for fast-glob@https://registry.npmjs.org/fast-glob/-/fast-glob-3.3.3.tgz. Extracting by manifest.
893 silly tarball no local data for estraverse@https://registry.npmjs.org/estraverse/-/estraverse-4.3.0.tgz. Extracting by manifest.
894 silly tarball no local data for js-tokens@https://registry.npmjs.org/js-tokens/-/js-tokens-9.0.1.tgz. Extracting by manifest.
895 silly tarball no local data for picomatch@https://registry.npmjs.org/picomatch/-/picomatch-4.0.4.tgz. Extracting by manifest.
896 silly tarball no local data for picomatch@https://registry.npmjs.org/picomatch/-/picomatch-4.0.4.tgz. Extracting by manifest.
897 silly tarball no local data for eslint-scope@https://registry.npmjs.org/eslint-scope/-/eslint-scope-5.1.1.tgz. Extracting by manifest.
898 silly tarball no local data for fdir@https://registry.npmjs.org/fdir/-/fdir-6.5.0.tgz. Extracting by manifest.
899 silly tarball no local data for glob-parent@https://registry.npmjs.org/glob-parent/-/glob-parent-5.1.2.tgz. Extracting by manifest.
900 silly tarball no local data for @esbuild/darwin-arm64@https://registry.npmjs.org/@esbuild/darwin-arm64/-/darwin-arm64-0.25.12.tgz. Extracting by manifest.
901 silly tarball no local data for semver@https://registry.npmjs.org/semver/-/semver-7.8.0.tgz. Extracting by manifest.
902 silly tarball no local data for esbuild@https://registry.npmjs.org/esbuild/-/esbuild-0.25.12.tgz. Extracting by manifest.
903 http fetch GET https://registry.npmjs.org/update-browserslist-db/-/update-browserslist-db-1.2.3.tgz attempt 1 failed with ENOTFOUND
904 http fetch GET https://registry.npmjs.org/which/-/which-2.0.2.tgz attempt 1 failed with ENOTFOUND
905 http fetch GET https://registry.npmjs.org/nanoid/-/nanoid-3.3.12.tgz attempt 1 failed with ENOTFOUND
906 http fetch GET https://registry.npmjs.org/typescript/-/typescript-5.9.3.tgz attempt 1 failed with ENOTFOUND
907 http fetch GET https://registry.npmjs.org/json5/-/json5-2.2.3.tgz attempt 1 failed with ENOTFOUND
908 http fetch GET https://registry.npmjs.org/js-yaml/-/js-yaml-4.1.1.tgz attempt 1 failed with ENOTFOUND
909 http fetch GET https://registry.npmjs.org/browserslist/-/browserslist-4.28.2.tgz attempt 1 failed with ENOTFOUND
910 http fetch GET https://registry.npmjs.org/@vitejs/plugin-react/-/plugin-react-6.0.2.tgz attempt 1 failed with ENOTFOUND
911 http fetch GET https://registry.npmjs.org/@vitejs/plugin-rsc/-/plugin-rsc-0.5.26.tgz attempt 1 failed with ENOTFOUND
912 http fetch GET https://registry.npmjs.org/semver/-/semver-6.3.1.tgz attempt 1 failed with ENOTFOUND
913 http fetch GET https://registry.npmjs.org/acorn/-/acorn-8.16.0.tgz attempt 1 failed with ENOTFOUND
914 http fetch GET https://registry.npmjs.org/@vercel/og/-/og-0.8.6.tgz attempt 1 failed with ENOTFOUND
915 http fetch GET https://registry.npmjs.org/@unpic/core/-/core-1.0.3.tgz attempt 1 failed with ENOTFOUND
916 http fetch GET https://registry.npmjs.org/@vinext/types/-/types-1.0.0-beta.2.tgz attempt 1 failed with ENOTFOUND
917 http fetch GET https://registry.npmjs.org/@typescript-eslint/utils/-/utils-8.59.3.tgz attempt 1 failed with ENOTFOUND
918 http fetch GET https://registry.npmjs.org/semver/-/semver-7.8.0.tgz attempt 1 failed with ENOTFOUND
919 http fetch GET https://registry.npmjs.org/esbuild/-/esbuild-0.25.12.tgz attempt 1 failed with ENOTFOUND
920 http fetch GET https://registry.npmjs.org/npm attempt 2 failed with ENOTFOUND
921 http fetch GET https://registry.npmjs.org/update-browserslist-db/-/update-browserslist-db-1.2.3.tgz attempt 2 failed with ENOTFOUND
922 http fetch GET https://registry.npmjs.org/which/-/which-2.0.2.tgz attempt 2 failed with ENOTFOUND
923 http fetch GET https://registry.npmjs.org/nanoid/-/nanoid-3.3.12.tgz attempt 2 failed with ENOTFOUND
924 http fetch GET https://registry.npmjs.org/typescript/-/typescript-5.9.3.tgz attempt 2 failed with ENOTFOUND
925 http fetch GET https://registry.npmjs.org/json5/-/json5-2.2.3.tgz attempt 2 failed with ENOTFOUND
926 http fetch GET https://registry.npmjs.org/js-yaml/-/js-yaml-4.1.1.tgz attempt 2 failed with ENOTFOUND
927 http fetch GET https://registry.npmjs.org/browserslist/-/browserslist-4.28.2.tgz attempt 2 failed with ENOTFOUND
928 http fetch GET https://registry.npmjs.org/@vitejs/plugin-react/-/plugin-react-6.0.2.tgz attempt 2 failed with ENOTFOUND
929 http fetch GET https://registry.npmjs.org/@vitejs/plugin-rsc/-/plugin-rsc-0.5.26.tgz attempt 2 failed with ENOTFOUND
930 http fetch GET https://registry.npmjs.org/semver/-/semver-6.3.1.tgz attempt 2 failed with ENOTFOUND
931 http fetch GET https://registry.npmjs.org/acorn/-/acorn-8.16.0.tgz attempt 2 failed with ENOTFOUND
932 http fetch GET https://registry.npmjs.org/@vercel/og/-/og-0.8.6.tgz attempt 2 failed with ENOTFOUND
933 http fetch GET https://registry.npmjs.org/@unpic/core/-/core-1.0.3.tgz attempt 2 failed with ENOTFOUND
934 http fetch GET https://registry.npmjs.org/@vinext/types/-/types-1.0.0-beta.2.tgz attempt 2 failed with ENOTFOUND
935 http fetch GET https://registry.npmjs.org/@typescript-eslint/utils/-/utils-8.59.3.tgz attempt 2 failed with ENOTFOUND
936 http fetch GET https://registry.npmjs.org/semver/-/semver-7.8.0.tgz attempt 2 failed with ENOTFOUND
937 http fetch GET https://registry.npmjs.org/esbuild/-/esbuild-0.25.12.tgz attempt 2 failed with ENOTFOUND
938 http fetch GET https://registry.npmjs.org/npm attempt 3 failed with ENOTFOUND
939 http fetch GET https://registry.npmjs.org/update-browserslist-db/-/update-browserslist-db-1.2.3.tgz attempt 3 failed with ENOTFOUND
940 http fetch GET https://registry.npmjs.org/which/-/which-2.0.2.tgz attempt 3 failed with ENOTFOUND
941 http fetch GET https://registry.npmjs.org/nanoid/-/nanoid-3.3.12.tgz attempt 3 failed with ENOTFOUND
942 http fetch GET https://registry.npmjs.org/typescript/-/typescript-5.9.3.tgz attempt 3 failed with ENOTFOUND
943 http fetch GET https://registry.npmjs.org/json5/-/json5-2.2.3.tgz attempt 3 failed with ENOTFOUND
944 http fetch GET https://registry.npmjs.org/js-yaml/-/js-yaml-4.1.1.tgz attempt 3 failed with ENOTFOUND
945 http fetch GET https://registry.npmjs.org/browserslist/-/browserslist-4.28.2.tgz attempt 3 failed with ENOTFOUND
946 http fetch GET https://registry.npmjs.org/@vitejs/plugin-react/-/plugin-react-6.0.2.tgz attempt 3 failed with ENOTFOUND
947 http fetch GET https://registry.npmjs.org/@vitejs/plugin-rsc/-/plugin-rsc-0.5.26.tgz attempt 3 failed with ENOTFOUND
948 http fetch GET https://registry.npmjs.org/semver/-/semver-6.3.1.tgz attempt 3 failed with ENOTFOUND
949 http fetch GET https://registry.npmjs.org/acorn/-/acorn-8.16.0.tgz attempt 3 failed with ENOTFOUND
950 http fetch GET https://registry.npmjs.org/@vercel/og/-/og-0.8.6.tgz attempt 3 failed with ENOTFOUND
951 http fetch GET https://registry.npmjs.org/@unpic/core/-/core-1.0.3.tgz attempt 3 failed with ENOTFOUND
952 http fetch GET https://registry.npmjs.org/@vinext/types/-/types-1.0.0-beta.2.tgz attempt 3 failed with ENOTFOUND
953 http fetch GET https://registry.npmjs.org/@typescript-eslint/utils/-/utils-8.59.3.tgz attempt 3 failed with ENOTFOUND
954 http fetch GET https://registry.npmjs.org/semver/-/semver-7.8.0.tgz attempt 3 failed with ENOTFOUND
955 http fetch GET https://registry.npmjs.org/esbuild/-/esbuild-0.25.12.tgz attempt 3 failed with ENOTFOUND
956 verbose cwd /Users/vanessamelendez/Documents/Codex/2026-08-09/nessie-portfolio
957 verbose os Darwin 24.6.0
958 verbose node v25.9.0
959 verbose npm  v11.12.1
960 error Exit handler never called!
961 error This is an error with npm itself. Please report this error at:
962 error   <https://github.com/npm/cli/issues>
963 verbose exit 1
964 verbose code 1
965 error A complete log of this run can be found in: /Users/vanessamelendez/Documents/Codex/2026-08-09/nessie-portfolio/.npm-cache/_logs/2026-08-09T14_32_52_597Z-debug-0.log
